MOUSEID,SEX,DIET,CHOICE_SESSION,PELLET_TYPE,COUNT,MEAL_SIZE,SNACK_SIZE,NUMBER_OF_MEALS,MEAL_FREQUENCY,NUMBER_OF_SNACKS,SNACK_FREQUENCY,HOURLY_MEALS
FEDXDF1,F,PR,0.0,MIX,210,6.2,2.388888888888889,20,0.9203277389336981,36,1.6565899300806566,"[1.0, 1.0, 0.0, 1.0, 1.0, 0.0, 0.0, 2.0, 0.0, 0.0, 1.0, 3.0, 0.0, 0.0, 1.0, 2.0, 1.0, 0.0, 1.0, 2.0, 0.0, 1.0, 2.0, 0.0]"
FEDXDF1,F,PR,0.0,MIX,296,5.928571428571429,1.7317073170731707,14,0.29422238308454807,123,2.584953794242815,"[1.0, 1.0, 0.0, 0.0, 0.0, 0.0, 0.0, 0.0, 2.0, 0.0, 1.0, 2.0, 1.0, 0.0, 1.0, 0.0, 1.0, 2.0, 1.0, 0.0, 0.0, 0.0, 1.0, 0.0]"
FEDXDF2,F,PR,0.0,MIX,350,5.95,2.138888888888889,20,0.9039094081904235,108,4.881110804228287,"[0.0, 1.0, 2.0, 1.0, 0.0, 0.0, 0.0, 0.0, 0.0, 1.0, 1.0, 0.0, 1.0, 1.0, 2.0, 2.0, 1.0, 0.0, 3.0, 1.0, 2.0, 0.0, 0.0, 1.0]"
FEDXDF2,F,PR,0.0,MIX,330,5.7272727272727275,1.78,11,0.2262546850717616,150,3.0852911600694766,"[0.0, 0.0, 0.0, 0.0, 0.0, 0.0, 0.0, 0.0, 0.0, 0.0, 0.0, 1.0, 0.0, 3.0, 1.0, 0.0, 1.0, 2.0, 1.0, 1.0, 0.0, 0.0, 0.0, 1.0]"
FEDXDF3,F,PR,0.0,MIX,291,6.166666666666667,2.0,18,0.7626849334416157,90,3.8134246672080785,"[1.0, 1.0, 0.0, 2.0, 0.0, 0.0, 1.0, 0.0, 0.0, 1.0, 0.0, 1.0, 2.0, 0.0, 1.0, 0.0, 1.0, 1.0, 2.0, 2.0, 1.0, 1.0, 0.0, 0.0]"
FEDXDF3,F,PR,0.0,MIX,375,7.3478260869565215,1.823008849557522,23,0.4738495699300099,113,2.3280435392213525,"[2.0, 0.0, 2.0, 0.0, 0.0, 0.0, 0.0, 1.0, 0.0, 0.0, 1.0, 0.0, 1.0, 2.0, 0.0, 4.0, 0.0, 3.0, 2.0, 1.0, 0.0, 1.0, 1.0, 2.0]"
FEDXDF4,F,PR,0.0,MIX,294,6.5,2.5090909090909093,24,1.0107745762117013,55,2.316358403818482,"[0.0, 0.0, 2.0, 0.0, 0.0, 0.0, 1.0, 0.0, 3.0, 0.0, 2.0, 1.0, 0.0, 2.0, 1.0, 1.0, 4.0, 4.0, 2.0, 1.0, 0.0, 0.0, 0.0, 0.0]"
FEDXDF4,F,PR,0.0,MIX,312,6.655172413793103,1.8888888888888888,29,0.5959108188636597,63,1.2945648823589848,"[3.0, 0.0, 1.0, 0.0, 0.0, 0.0, 1.0, 0.0, 0.0, 0.0, 1.0, 1.0, 2.0, 1.0, 1.0, 3.0, 2.0, 2.0, 2.0, 3.0, 1.0, 1.0, 0.0, 4.0]"
FEDXDF5,F,PR,0.0,MIX,227,7.85,2.3333333333333335,20,1.2167917258162644,30,1.8251875887243967,"[1.0, 0.0, 0.0, 0.0, 0.0, 0.0, 0.0, 0.0, 0.0, 3.0, 0.0, 1.0, 0.0, 0.0, 1.0, 2.0, 1.0, 2.0, 1.0, 1.0, 1.0, 2.0, 2.0, 2.0]"
FEDXDF5,F,PR,0.0,MIX,363,7.928571428571429,1.6022727272727273,28,0.6056054552554898,88,1.9033314308029678,"[1.0, 0.0, 1.0, 0.0, 0.0, 0.0, 0.0, 0.0, 0.0, 0.0, 1.0, 0.0, 2.0, 1.0, 2.0, 3.0, 5.0, 4.0, 2.0, 2.0, 2.0, 1.0, 0.0, 1.0]"
FEDXDF6,F,PR,0.0,MIX,296,6.928571428571429,2.1868131868131866,14,0.6409359699879189,91,4.166083804921473,"[0.0, 1.0, 0.0, 1.0, 2.0, 0.0, 1.0, 0.0, 0.0, 2.0, 1.0, 1.0, 0.0, 0.0, 1.0, 2.0, 0.0, 0.0, 1.0, 1.0, 0.0, 0.0, 0.0, 0.0]"
FEDXDF6,F,PR,0.0,MIX,328,7.545454545454546,1.7802197802197801,22,0.5056664006384676,91,2.091620111731843,"[2.0, 0.0, 1.0, 0.0, 0.0, 1.0, 0.0, 0.0, 0.0, 0.0, 0.0, 1.0, 1.0, 1.0, 1.0, 1.0, 1.0, 2.0, 2.0, 2.0, 3.0, 2.0, 1.0, 0.0]"
FEDXDF7,F,PR,0.0,MIX,249,5.909090909090909,1.8585858585858586,11,0.49308927904370564,99,4.4378035113933505,"[0.0, 0.0, 0.0, 1.0, 3.0, 0.0, 0.0, 0.0, 1.0, 0.0, 0.0, 1.0, 1.0, 0.0, 0.0, 0.0, 0.0, 2.0, 1.0, 0.0, 1.0, 0.0, 0.0, 0.0]"
FEDXDF7,F,PR,0.0,MIX,328,6.0,1.7941176470588236,14,0.2875924404272802,136,2.7937551355792936,"[2.0, 0.0, 1.0, 0.0, 0.0, 0.0, 0.0, 0.0, 0.0, 0.0, 0.0, 1.0, 0.0, 2.0, 3.0, 0.0, 0.0, 2.0, 2.0, 0.0, 1.0, 0.0, 0.0, 0.0]"
FEDXDF8,F,PR,0.0,MIX,244,5.5,2.1052631578947367,8,0.3369761074579365,95,4.001591276062996,"[0.0, 0.0, 0.0, 3.0, 0.0, 0.0, 0.0, 0.0, 0.0, 1.0, 0.0, 1.0, 0.0, 0.0, 1.0, 0.0, 0.0, 1.0, 0.0, 0.0, 0.0, 1.0, 0.0, 0.0]"
FEDXDF8,F,PR,0.0,MIX,316,6.222222222222222,1.8439716312056738,9,0.1856159125542812,141,2.907982630017072,"[1.0, 0.0, 0.0, 0.0, 0.0, 0.0, 0.0, 0.0, 0.0, 0.0, 0.0, 1.0, 1.0, 0.0, 0.0, 1.0, 1.0, 1.0, 1.0, 1.0, 0.0, 0.0, 1.0, 0.0]"
FEDXDF9,F,PR,0.0,MIX,260,6.25,1.794871794871795,8,0.34146283627568386,117,4.993893980531876,"[0.0, 0.0, 2.0, 0.0, 0.0, 0.0, 0.0, 0.0, 0.0, 1.0, 0.0, 1.0, 0.0, 1.0, 0.0, 1.0, 0.0, 1.0, 1.0, 0.0, 0.0, 0.0, 0.0, 0.0]"
FEDXDF9,F,PR,0.0,MIX,275,6.666666666666667,1.4739884393063585,3,0.06194614127161662,173,3.5722274799965583,"[0.0, 0.0, 0.0, 0.0, 0.0, 0.0, 1.0, 0.0, 0.0, 0.0, 0.0, 0.0, 1.0, 0.0, 0.0, 1.0, 0.0, 0.0, 0.0, 0.0, 0.0, 0.0, 0.0, 0.0]"
FEDXDF10,F,PR,0.0,MIX,250,5.466666666666667,2.4347826086956523,15,0.6970530147542888,69,3.2064438678697287,"[0.0, 0.0, 2.0, 0.0, 0.0, 0.0, 0.0, 0.0, 1.0, 0.0, 0.0, 0.0, 0.0, 0.0, 1.0, 1.0, 0.0, 2.0, 2.0, 1.0, 2.0, 1.0, 2.0, 0.0]"
FEDXDF10,F,PR,0.0,MIX,301,6.285714285714286,1.6688311688311688,7,0.1463788656799647,154,3.2203350449592234,"[0.0, 0.0, 0.0, 1.0, 0.0, 0.0, 0.0, 0.0, 0.0, 0.0, 0.0, 1.0, 0.0, 0.0, 0.0, 1.0, 0.0, 1.0, 1.0, 0.0, 1.0, 0.0, 0.0, 1.0]"
FEDXDF1,F,PR,1.0,CAS20,112,5.5,1.507462686567164,2,0.08935219657483247,67,2.9932985852568876,"[0.0, 0.0, 0.0, 0.0, 0.0, 0.0, 0.0, 0.0, 0.0, 0.0, 1.0, 0.0, 0.0, 0.0, 0.0, 1.0, 0.0, 0.0, 0.0, 0.0, 0.0, 0.0, 0.0, 0.0]"
FEDXDF2,F,PR,1.0,CAS20,118,5.0,1.588235294117647,2,0.0836470096194061,68,2.8439983270598077,"[0.0, 0.0, 0.0, 0.0, 0.0, 0.0, 0.0, 1.0, 0.0, 0.0, 0.0, 0.0, 0.0, 0.0, 0.0, 0.0, 0.0, 0.0, 0.0, 1.0, 0.0, 0.0, 0.0, 0.0]"
FEDXDF3,F,PR,1.0,CAS20,111,5.0,1.452054794520548,1,0.04182739229446484,73,3.0533996374959336,"[0.0, 0.0, 0.0, 0.0, 0.0, 0.0, 0.0, 0.0, 0.0, 0.0, 0.0, 0.0, 0.0, 0.0, 0.0, 0.0, 0.0, 0.0, 0.0, 0.0, 1.0, 0.0, 0.0, 0.0]"
FEDXDF4,F,PR,1.0,CAS20,136,5.4,1.981818181818182,5,0.2096143096702068,55,2.3057574063722748,"[0.0, 0.0, 0.0, 0.0, 0.0, 0.0, 0.0, 0.0, 0.0, 0.0, 0.0, 1.0, 0.0, 0.0, 0.0, 1.0, 1.0, 0.0, 0.0, 1.0, 1.0, 0.0, 0.0, 0.0]"
FEDXDF5,F,PR,1.0,CAS20,96,5.333333333333333,1.7777777777777777,3,0.13845088839320052,45,2.076763325898008,"[0.0, 0.0, 0.0, 0.0, 0.0, 0.0, 0.0, 0.0, 0.0, 0.0, 0.0, 0.0, 0.0, 0.0, 0.0, 0.0, 0.0, 0.0, 0.0, 1.0, 0.0, 1.0, 0.0, 1.0]"
FEDXDF6,F,PR,1.0,CAS20,149,5.142857142857143,1.9824561403508771,7,0.3359417700931838,57,2.735525842187354,"[0.0, 0.0, 0.0, 0.0, 0.0, 0.0, 0.0, 0.0, 0.0, 0.0, 0.0, 0.0, 0.0, 0.0, 1.0, 1.0, 1.0, 0.0, 1.0, 1.0, 1.0, 0.0, 1.0, 0.0]"
FEDXDF7,F,PR,1.0,CAS20,141,5.0,1.4945054945054945,1,0.04315925766076824,91,3.9274924471299095,"[0.0, 0.0, 0.0, 0.0, 0.0, 0.0, 0.0, 0.0, 0.0, 0.0, 0.0, 0.0, 0.0, 0.0, 0.0, 0.0, 0.0, 1.0, 0.0, 0.0, 0.0, 0.0, 0.0, 0.0]"
FEDXDF8,F,PR,1.0,CAS20,100,0.0,1.7857142857142858,0,0.0,56,2.4541370956943043,"[0.0, 0.0, 0.0, 0.0, 0.0, 0.0, 0.0, 0.0, 0.0, 0.0, 0.0, 0.0, 0.0, 0.0, 0.0, 0.0, 0.0, 0.0, 0.0, 0.0, 0.0, 0.0, 0.0, 0.0]"
FEDXDF9,F,PR,1.0,CAS20,108,0.0,1.44,0,0.0,75,3.2082511466527244,"[0.0, 0.0, 0.0, 0.0, 0.0, 0.0, 0.0, 0.0, 0.0, 0.0, 0.0, 0.0, 0.0, 0.0, 0.0, 0.0, 0.0, 0.0, 0.0, 0.0, 0.0, 0.0, 0.0, 0.0]"
FEDXDF10,F,PR,1.0,CAS20,72,5.0,1.8108108108108107,1,0.043167538011415416,37,1.5971989064223704,"[0.0, 0.0, 0.0, 0.0, 0.0, 0.0, 0.0, 0.0, 1.0, 0.0, 0.0, 0.0, 0.0, 0.0, 0.0, 0.0, 0.0, 0.0, 0.0, 0.0, 0.0, 0.0, 0.0, 0.0]"
FEDXDF1,F,PR,1.0,CAS5,65,0.0,1.3265306122448979,0,0.0,49,2.2148283005838407,"[0.0, 0.0, 0.0, 0.0, 0.0, 0.0, 0.0, 0.0, 0.0, 0.0, 0.0, 0.0, 0.0, 0.0, 0.0, 0.0, 0.0, 0.0, 0.0, 0.0, 0.0, 0.0, 0.0, 0.0]"
FEDXDF2,F,PR,1.0,CAS5,38,0.0,1.3571428571428572,0,0.0,28,1.1778040031314632,"[0.0, 0.0, 0.0, 0.0, 0.0, 0.0, 0.0, 0.0, 0.0, 0.0, 0.0, 0.0, 0.0, 0.0, 0.0, 0.0, 0.0, 0.0, 0.0, 0.0, 0.0, 0.0, 0.0, 0.0]"
FEDXDF3,F,PR,1.0,CAS5,89,0.0,1.3692307692307693,0,0.0,65,2.7230833682446587,"[0.0, 0.0, 0.0, 0.0, 0.0, 0.0, 0.0, 0.0, 0.0, 0.0, 0.0, 0.0, 0.0, 0.0, 0.0, 0.0, 0.0, 0.0, 0.0, 0.0, 0.0, 0.0, 0.0, 0.0]"
FEDXDF4,F,PR,1.0,CAS5,48,0.0,1.5,0,0.0,32,1.372834092046619,"[0.0, 0.0, 0.0, 0.0, 0.0, 0.0, 0.0, 0.0, 0.0, 0.0, 0.0, 0.0, 0.0, 0.0, 0.0, 0.0, 0.0, 0.0, 0.0, 0.0, 0.0, 0.0, 0.0, 0.0]"
FEDXDF5,F,PR,1.0,CAS5,50,0.0,1.5151515151515151,0,0.0,33,1.538919906213972,"[0.0, 0.0, 0.0, 0.0, 0.0, 0.0, 0.0, 0.0, 0.0, 0.0, 0.0, 0.0, 0.0, 0.0, 0.0, 0.0, 0.0, 0.0, 0.0, 0.0, 0.0, 0.0, 0.0, 0.0]"
FEDXDF6,F,PR,1.0,CAS5,45,6.0,1.3448275862068966,1,0.047332921361610374,29,1.3726547194867007,"[0.0, 0.0, 0.0, 0.0, 0.0, 0.0, 0.0, 0.0, 0.0, 0.0, 0.0, 0.0, 1.0, 0.0, 0.0, 0.0, 0.0, 0.0, 0.0, 0.0, 0.0, 0.0, 0.0, 0.0]"
FEDXDF7,F,PR,1.0,CAS5,62,0.0,1.1481481481481481,0,0.0,54,2.4475920679886687,"[0.0, 0.0, 0.0, 0.0, 0.0, 0.0, 0.0, 0.0, 0.0, 0.0, 0.0, 0.0, 0.0, 0.0, 0.0, 0.0, 0.0, 0.0, 0.0, 0.0, 0.0, 0.0, 0.0, 0.0]"
FEDXDF8,F,PR,1.0,CAS5,68,0.0,1.5454545454545454,0,0.0,44,1.9269135321882147,"[0.0, 0.0, 0.0, 0.0, 0.0, 0.0, 0.0, 0.0, 0.0, 0.0, 0.0, 0.0, 0.0, 0.0, 0.0, 0.0, 0.0, 0.0, 0.0, 0.0, 0.0, 0.0, 0.0, 0.0]"
FEDXDF9,F,PR,1.0,CAS5,86,0.0,1.178082191780822,0,0.0,73,3.1413237069532265,"[0.0, 0.0, 0.0, 0.0, 0.0, 0.0, 0.0, 0.0, 0.0, 0.0, 0.0, 0.0, 0.0, 0.0, 0.0, 0.0, 0.0, 0.0, 0.0, 0.0, 0.0, 0.0, 0.0, 0.0]"
FEDXDF10,F,PR,1.0,CAS5,77,0.0,1.54,0,0.0,50,2.3840743831207534,"[0.0, 0.0, 0.0, 0.0, 0.0, 0.0, 0.0, 0.0, 0.0, 0.0, 0.0, 0.0, 0.0, 0.0, 0.0, 0.0, 0.0, 0.0, 0.0, 0.0, 0.0, 0.0, 0.0, 0.0]"
FEDXDF1,F,PR,2.0,CAS20,188,5.5,1.475,2,0.08976660682226212,120,5.385996409335727,"[0.0, 0.0, 0.0, 0.0, 0.0, 0.0, 0.0, 0.0, 0.0, 0.0, 0.0, 1.0, 1.0, 0.0, 0.0, 0.0, 0.0, 0.0, 0.0, 0.0, 0.0, 0.0, 0.0, 0.0]"
FEDXDF2,F,PR,2.0,CAS20,112,0.0,1.3333333333333333,0,0.0,84,4.000846740050805,"[0.0, 0.0, 0.0, 0.0, 0.0, 0.0, 0.0, 0.0, 0.0, 0.0, 0.0, 0.0, 0.0, 0.0, 0.0, 0.0, 0.0, 0.0, 0.0, 0.0, 0.0, 0.0, 0.0, 0.0]"
FEDXDF3,F,PR,2.0,CAS20,129,7.25,1.639344262295082,4,0.17771853826502276,61,2.7102077085415974,"[0.0, 0.0, 0.0, 0.0, 0.0, 0.0, 0.0, 0.0, 0.0, 0.0, 1.0, 0.0, 0.0, 1.0, 0.0, 0.0, 1.0, 0.0, 0.0, 0.0, 0.0, 0.0, 1.0, 0.0]"
FEDXDF4,F,PR,2.0,CAS20,128,5.0,2.0163934426229506,1,0.04473661318984479,61,2.728933404580532,"[0.0, 0.0, 0.0, 0.0, 0.0, 0.0, 0.0, 1.0, 0.0, 0.0, 0.0, 0.0, 0.0, 0.0, 0.0, 0.0, 0.0, 0.0, 0.0, 0.0, 0.0, 0.0, 0.0, 0.0]"
FEDXDF5,F,PR,2.0,CAS20,114,0.0,2.111111111111111,0,0.0,54,2.8607587485652064,"[0.0, 0.0, 0.0, 0.0, 0.0, 0.0, 0.0, 0.0, 0.0, 0.0, 0.0, 0.0, 0.0, 0.0, 0.0, 0.0, 0.0, 0.0, 0.0, 0.0, 0.0, 0.0, 0.0, 0.0]"
FEDXDF6,F,PR,2.0,CAS20,216,5.75,1.9318181818181819,8,0.3606536848037067,88,3.9671905328407733,"[1.0, 0.0, 0.0, 0.0, 1.0, 0.0, 0.0, 0.0, 0.0, 0.0, 0.0, 0.0, 1.0, 0.0, 1.0, 2.0, 1.0, 0.0, 0.0, 0.0, 0.0, 1.0, 0.0, 0.0]"
FEDXDF7,F,PR,2.0,CAS20,191,0.0,1.4360902255639099,0,0.0,133,5.637451137380492,"[0.0, 0.0, 0.0, 0.0, 0.0, 0.0, 0.0, 0.0, 0.0, 0.0, 0.0, 0.0, 0.0, 0.0, 0.0, 0.0, 0.0, 0.0, 0.0, 0.0, 0.0, 0.0, 0.0, 0.0]"
FEDXDF8,F,PR,2.0,CAS20,126,0.0,1.826086956521739,0,0.0,69,3.01394129851851,"[0.0, 0.0, 0.0, 0.0, 0.0, 0.0, 0.0, 0.0, 0.0, 0.0, 0.0, 0.0, 0.0, 0.0, 0.0, 0.0, 0.0, 0.0, 0.0, 0.0, 0.0, 0.0, 0.0, 0.0]"
FEDXDF9,F,PR,2.0,CAS20,169,6.0,1.353448275862069,2,0.08421840640059888,116,4.884667571234735,"[0.0, 0.0, 0.0, 0.0, 0.0, 0.0, 0.0, 0.0, 0.0, 0.0, 1.0, 0.0, 0.0, 0.0, 0.0, 0.0, 0.0, 1.0, 0.0, 0.0, 0.0, 0.0, 0.0, 0.0]"
FEDXDF10,F,PR,2.0,CAS20,96,0.0,1.7454545454545454,0,0.0,55,2.3794073112697385,"[0.0, 0.0, 0.0, 0.0, 0.0, 0.0, 0.0, 0.0, 0.0, 0.0, 0.0, 0.0, 0.0, 0.0, 0.0, 0.0, 0.0, 0.0, 0.0, 0.0, 0.0, 0.0, 0.0, 0.0]"
FEDXDF1,F,PR,2.0,SUC,3,0.0,1.0,0,0.0,3,0.14248585036347086,"[0.0, 0.0, 0.0, 0.0, 0.0, 0.0, 0.0, 0.0, 0.0, 0.0, 0.0, 0.0, 0.0, 0.0, 0.0, 0.0, 0.0, 0.0, 0.0, 0.0, 0.0, 0.0, 0.0, 0.0]"
FEDXDF2,F,PR,2.0,SUC,48,0.0,1.263157894736842,0,0.0,38,1.746836412856103,"[0.0, 0.0, 0.0, 0.0, 0.0, 0.0, 0.0, 0.0, 0.0, 0.0, 0.0, 0.0, 0.0, 0.0, 0.0, 0.0, 0.0, 0.0, 0.0, 0.0, 0.0, 0.0, 0.0, 0.0]"
FEDXDF3,F,PR,2.0,SUC,61,0.0,1.196078431372549,0,0.0,51,2.2811137202281118,"[0.0, 0.0, 0.0, 0.0, 0.0, 0.0, 0.0, 0.0, 0.0, 0.0, 0.0, 0.0, 0.0, 0.0, 0.0, 0.0, 0.0, 0.0, 0.0, 0.0, 0.0, 0.0, 0.0, 0.0]"
FEDXDF4,F,PR,2.0,SUC,43,0.0,1.1025641025641026,0,0.0,39,1.7423029671270613,"[0.0, 0.0, 0.0, 0.0, 0.0, 0.0, 0.0, 0.0, 0.0, 0.0, 0.0, 0.0, 0.0, 0.0, 0.0, 0.0, 0.0, 0.0, 0.0, 0.0, 0.0, 0.0, 0.0, 0.0]"
FEDXDF5,F,PR,2.0,SUC,68,0.0,1.446808510638298,0,0.0,47,2.169202958936424,"[0.0, 0.0, 0.0, 0.0, 0.0, 0.0, 0.0, 0.0, 0.0, 0.0, 0.0, 0.0, 0.0, 0.0, 0.0, 0.0, 0.0, 0.0, 0.0, 0.0, 0.0, 0.0, 0.0, 0.0]"
FEDXDF6,F,PR,2.0,SUC,29,0.0,1.2083333333333333,0,0.0,24,1.1079764042062068,"[0.0, 0.0, 0.0, 0.0, 0.0, 0.0, 0.0, 0.0, 0.0, 0.0, 0.0, 0.0, 0.0, 0.0, 0.0, 0.0, 0.0, 0.0, 0.0, 0.0, 0.0, 0.0, 0.0, 0.0]"
FEDXDF7,F,PR,2.0,SUC,26,0.0,1.04,0,0.0,25,1.0584748553417698,"[0.0, 0.0, 0.0, 0.0, 0.0, 0.0, 0.0, 0.0, 0.0, 0.0, 0.0, 0.0, 0.0, 0.0, 0.0, 0.0, 0.0, 0.0, 0.0, 0.0, 0.0, 0.0, 0.0, 0.0]"
FEDXDF8,F,PR,2.0,SUC,57,0.0,1.2666666666666666,0,0.0,45,1.9807791064485365,"[0.0, 0.0, 0.0, 0.0, 0.0, 0.0, 0.0, 0.0, 0.0, 0.0, 0.0, 0.0, 0.0, 0.0, 0.0, 0.0, 0.0, 0.0, 0.0, 0.0, 0.0, 0.0, 0.0, 0.0]"
FEDXDF9,F,PR,2.0,SUC,34,0.0,1.0625,0,0.0,32,1.457711190970289,"[0.0, 0.0, 0.0, 0.0, 0.0, 0.0, 0.0, 0.0, 0.0, 0.0, 0.0, 0.0, 0.0, 0.0, 0.0, 0.0, 0.0, 0.0, 0.0, 0.0, 0.0, 0.0, 0.0, 0.0]"
FEDXDF10,F,PR,2.0,SUC,90,0.0,1.3846153846153846,0,0.0,65,2.8343366562094987,"[0.0, 0.0, 0.0, 0.0, 0.0, 0.0, 0.0, 0.0, 0.0, 0.0, 0.0, 0.0, 0.0, 0.0, 0.0, 0.0, 0.0, 0.0, 0.0, 0.0, 0.0, 0.0, 0.0, 0.0]"
FEDXDF1,F,PR,3.0,CAS5,197,5.0,1.238709677419355,1,0.044121431985587004,155,6.838821957765985,"[0.0, 0.0, 0.0, 0.0, 0.0, 0.0, 0.0, 0.0, 0.0, 1.0, 0.0, 0.0, 0.0, 0.0, 0.0, 0.0, 0.0, 0.0, 0.0, 0.0, 0.0, 0.0, 0.0, 0.0]"
FEDXDF2,F,PR,3.0,CAS5,124,0.0,1.3777777777777778,0,0.0,90,4.0085119018162025,"[0.0, 0.0, 0.0, 0.0, 0.0, 0.0, 0.0, 0.0, 0.0, 0.0, 0.0, 0.0, 0.0, 0.0, 0.0, 0.0, 0.0, 0.0, 0.0, 0.0, 0.0, 0.0, 0.0, 0.0]"
FEDXDF3,F,PR,3.0,CAS5,123,0.0,1.64,0,0.0,75,3.387023934969141,"[0.0, 0.0, 0.0, 0.0, 0.0, 0.0, 0.0, 0.0, 0.0, 0.0, 0.0, 0.0, 0.0, 0.0, 0.0, 0.0, 0.0, 0.0, 0.0, 0.0, 0.0, 0.0, 0.0, 0.0]"
FEDXDF4,F,PR,3.0,CAS5,144,5.0,1.404040404040404,1,0.04465614766299494,99,4.420958618636499,"[0.0, 0.0, 0.0, 0.0, 0.0, 0.0, 0.0, 0.0, 0.0, 0.0, 0.0, 0.0, 0.0, 0.0, 0.0, 0.0, 0.0, 0.0, 1.0, 0.0, 0.0, 0.0, 0.0, 0.0]"
FEDXDF5,F,PR,3.0,CAS5,126,0.0,1.726027397260274,0,0.0,73,3.2356960809662767,"[0.0, 0.0, 0.0, 0.0, 0.0, 0.0, 0.0, 0.0, 0.0, 0.0, 0.0, 0.0, 0.0, 0.0, 0.0, 0.0, 0.0, 0.0, 0.0, 0.0, 0.0, 0.0, 0.0, 0.0]"
FEDXDF6,F,PR,3.0,CAS5,205,0.0,1.5648854961832062,0,0.0,131,6.206079747335175,"[0.0, 0.0, 0.0, 0.0, 0.0, 0.0, 0.0, 0.0, 0.0, 0.0, 0.0, 0.0, 0.0, 0.0, 0.0, 0.0, 0.0, 0.0, 0.0, 0.0, 0.0, 0.0, 0.0, 0.0]"
FEDXDF7,F,PR,3.0,CAS5,173,0.0,1.2013888888888888,0,0.0,144,6.431841586123897,"[0.0, 0.0, 0.0, 0.0, 0.0, 0.0, 0.0, 0.0, 0.0, 0.0, 0.0, 0.0, 0.0, 0.0, 0.0, 0.0, 0.0, 0.0, 0.0, 0.0, 0.0, 0.0, 0.0, 0.0]"
FEDXDF8,F,PR,3.0,CAS5,134,0.0,1.4105263157894736,0,0.0,95,4.746308426779171,"[0.0, 0.0, 0.0, 0.0, 0.0, 0.0, 0.0, 0.0, 0.0, 0.0, 0.0, 0.0, 0.0, 0.0, 0.0, 0.0, 0.0, 0.0, 0.0, 0.0, 0.0, 0.0, 0.0, 0.0]"
FEDXDF9,F,PR,3.0,CAS5,186,5.0,1.2836879432624113,1,0.0448257399359988,141,6.3204293309758315,"[0.0, 0.0, 0.0, 0.0, 0.0, 0.0, 0.0, 0.0, 0.0, 0.0, 0.0, 0.0, 1.0, 0.0, 0.0, 0.0, 0.0, 0.0, 0.0, 0.0, 0.0, 0.0, 0.0, 0.0]"
FEDXDF10,F,PR,3.0,CAS5,98,0.0,1.3424657534246576,0,0.0,73,3.453895489433288,"[0.0, 0.0, 0.0, 0.0, 0.0, 0.0, 0.0, 0.0, 0.0, 0.0, 0.0, 0.0, 0.0, 0.0, 0.0, 0.0, 0.0, 0.0, 0.0, 0.0, 0.0, 0.0, 0.0, 0.0]"
FEDXDF1,F,PR,3.0,SUC,21,0.0,1.1666666666666667,0,0.0,18,0.8925865726328548,"[0.0, 0.0, 0.0, 0.0, 0.0, 0.0, 0.0, 0.0, 0.0, 0.0, 0.0, 0.0, 0.0, 0.0, 0.0, 0.0, 0.0, 0.0, 0.0, 0.0, 0.0, 0.0, 0.0, 0.0]"
FEDXDF2,F,PR,3.0,SUC,33,0.0,1.03125,0,0.0,32,1.4525097401369294,"[0.0, 0.0, 0.0, 0.0, 0.0, 0.0, 0.0, 0.0, 0.0, 0.0, 0.0, 0.0, 0.0, 0.0, 0.0, 0.0, 0.0, 0.0, 0.0, 0.0, 0.0, 0.0, 0.0, 0.0]"
FEDXDF3,F,PR,3.0,SUC,36,0.0,1.0588235294117647,0,0.0,34,1.5112790310034447,"[0.0, 0.0, 0.0, 0.0, 0.0, 0.0, 0.0, 0.0, 0.0, 0.0, 0.0, 0.0, 0.0, 0.0, 0.0, 0.0, 0.0, 0.0, 0.0, 0.0, 0.0, 0.0, 0.0, 0.0]"
FEDXDF4,F,PR,3.0,SUC,27,0.0,1.0384615384615385,0,0.0,26,1.182519929756295,"[0.0, 0.0, 0.0, 0.0, 0.0, 0.0, 0.0, 0.0, 0.0, 0.0, 0.0, 0.0, 0.0, 0.0, 0.0, 0.0, 0.0, 0.0, 0.0, 0.0, 0.0, 0.0, 0.0, 0.0]"
FEDXDF5,F,PR,3.0,SUC,45,0.0,1.25,0,0.0,36,1.6118601064623652,"[0.0, 0.0, 0.0, 0.0, 0.0, 0.0, 0.0, 0.0, 0.0, 0.0, 0.0, 0.0, 0.0, 0.0, 0.0, 0.0, 0.0, 0.0, 0.0, 0.0, 0.0, 0.0, 0.0, 0.0]"
FEDXDF6,F,PR,3.0,SUC,33,0.0,1.1785714285714286,0,0.0,28,1.3471433344470432,"[0.0, 0.0, 0.0, 0.0, 0.0, 0.0, 0.0, 0.0, 0.0, 0.0, 0.0, 0.0, 0.0, 0.0, 0.0, 0.0, 0.0, 0.0, 0.0, 0.0, 0.0, 0.0, 0.0, 0.0]"
FEDXDF7,F,PR,3.0,SUC,19,0.0,1.0,0,0.0,19,0.8621015616137936,"[0.0, 0.0, 0.0, 0.0, 0.0, 0.0, 0.0, 0.0, 0.0, 0.0, 0.0, 0.0, 0.0, 0.0, 0.0, 0.0, 0.0, 0.0, 0.0, 0.0, 0.0, 0.0, 0.0, 0.0]"
FEDXDF8,F,PR,3.0,SUC,25,0.0,1.0869565217391304,0,0.0,23,1.1757021554539515,"[0.0, 0.0, 0.0, 0.0, 0.0, 0.0, 0.0, 0.0, 0.0, 0.0, 0.0, 0.0, 0.0, 0.0, 0.0, 0.0, 0.0, 0.0, 0.0, 0.0, 0.0, 0.0, 0.0, 0.0]"
FEDXDF9,F,PR,3.0,SUC,22,0.0,1.0476190476190477,0,0.0,21,0.9738377709935465,"[0.0, 0.0, 0.0, 0.0, 0.0, 0.0, 0.0, 0.0, 0.0, 0.0, 0.0, 0.0, 0.0, 0.0, 0.0, 0.0, 0.0, 0.0, 0.0, 0.0, 0.0, 0.0, 0.0, 0.0]"
FEDXDF10,F,PR,3.0,SUC,65,0.0,1.0833333333333333,0,0.0,60,2.893929447071906,"[0.0, 0.0, 0.0, 0.0, 0.0, 0.0, 0.0, 0.0, 0.0, 0.0, 0.0, 0.0, 0.0, 0.0, 0.0, 0.0, 0.0, 0.0, 0.0, 0.0, 0.0, 0.0, 0.0, 0.0]"
FEDXDF1,F,PR,4.0,CAS5,66,0.0,1.064516129032258,0,0.0,62,2.7166504381694256,"[0.0, 0.0, 0.0, 0.0, 0.0, 0.0, 0.0, 0.0, 0.0, 0.0, 0.0, 0.0, 0.0, 0.0, 0.0, 0.0, 0.0, 0.0, 0.0, 0.0, 0.0, 0.0, 0.0, 0.0]"
FEDXDF2,F,PR,4.0,CAS5,77,0.0,1.1,0,0.0,70,3.05877212147695,"[0.0, 0.0, 0.0, 0.0, 0.0, 0.0, 0.0, 0.0, 0.0, 0.0, 0.0, 0.0, 0.0, 0.0, 0.0, 0.0, 0.0, 0.0, 0.0, 0.0, 0.0, 0.0, 0.0, 0.0]"
FEDXDF3,F,PR,4.0,CAS5,63,0.0,1.0862068965517242,0,0.0,58,2.558133836465659,"[0.0, 0.0, 0.0, 0.0, 0.0, 0.0, 0.0, 0.0, 0.0, 0.0, 0.0, 0.0, 0.0, 0.0, 0.0, 0.0, 0.0, 0.0, 0.0, 0.0, 0.0, 0.0, 0.0, 0.0]"
FEDXDF4,F,PR,4.0,CAS5,80,0.0,1.1940298507462686,0,0.0,67,2.9462060878487324,"[0.0, 0.0, 0.0, 0.0, 0.0, 0.0, 0.0, 0.0, 0.0, 0.0, 0.0, 0.0, 0.0, 0.0, 0.0, 0.0, 0.0, 0.0, 0.0, 0.0, 0.0, 0.0, 0.0, 0.0]"
FEDXDF5,F,PR,4.0,CAS5,55,0.0,1.0784313725490196,0,0.0,51,2.2946271230924973,"[0.0, 0.0, 0.0, 0.0, 0.0, 0.0, 0.0, 0.0, 0.0, 0.0, 0.0, 0.0, 0.0, 0.0, 0.0, 0.0, 0.0, 0.0, 0.0, 0.0, 0.0, 0.0, 0.0, 0.0]"
FEDXDF6,F,PR,4.0,CAS5,58,0.0,1.0545454545454545,0,0.0,55,2.500410420902421,"[0.0, 0.0, 0.0, 0.0, 0.0, 0.0, 0.0, 0.0, 0.0, 0.0, 0.0, 0.0, 0.0, 0.0, 0.0, 0.0, 0.0, 0.0, 0.0, 0.0, 0.0, 0.0, 0.0, 0.0]"
FEDXDF7,F,PR,4.0,CAS5,79,0.0,1.0394736842105263,0,0.0,76,3.3540920904231846,"[0.0, 0.0, 0.0, 0.0, 0.0, 0.0, 0.0, 0.0, 0.0, 0.0, 0.0, 0.0, 0.0, 0.0, 0.0, 0.0, 0.0, 0.0, 0.0, 0.0, 0.0, 0.0, 0.0, 0.0]"
FEDXDF8,F,PR,4.0,CAS5,63,0.0,1.05,0,0.0,60,2.6929982046678633,"[0.0, 0.0, 0.0, 0.0, 0.0, 0.0, 0.0, 0.0, 0.0, 0.0, 0.0, 0.0, 0.0, 0.0, 0.0, 0.0, 0.0, 0.0, 0.0, 0.0, 0.0, 0.0, 0.0, 0.0]"
FEDXDF9,F,PR,4.0,CAS5,80,0.0,1.0389610389610389,0,0.0,77,3.387427901065598,"[0.0, 0.0, 0.0, 0.0, 0.0, 0.0, 0.0, 0.0, 0.0, 0.0, 0.0, 0.0, 0.0, 0.0, 0.0, 0.0, 0.0, 0.0, 0.0, 0.0, 0.0, 0.0, 0.0, 0.0]"
FEDXDF10,F,PR,4.0,CAS5,54,0.0,1.0,0,0.0,54,2.378883735728533,"[0.0, 0.0, 0.0, 0.0, 0.0, 0.0, 0.0, 0.0, 0.0, 0.0, 0.0, 0.0, 0.0, 0.0, 0.0, 0.0, 0.0, 0.0, 0.0, 0.0, 0.0, 0.0, 0.0, 0.0]"
FEDXDF1,F,PR,4.0,SUC,33,0.0,1.0,0,0.0,33,1.4720824762707245,"[0.0, 0.0, 0.0, 0.0, 0.0, 0.0, 0.0, 0.0, 0.0, 0.0, 0.0, 0.0, 0.0, 0.0, 0.0, 0.0, 0.0, 0.0, 0.0, 0.0, 0.0, 0.0, 0.0, 0.0]"
FEDXDF2,F,PR,4.0,SUC,47,0.0,1.0,0,0.0,47,2.091419247979036,"[0.0, 0.0, 0.0, 0.0, 0.0, 0.0, 0.0, 0.0, 0.0, 0.0, 0.0, 0.0, 0.0, 0.0, 0.0, 0.0, 0.0, 0.0, 0.0, 0.0, 0.0, 0.0, 0.0, 0.0]"
FEDXDF3,F,PR,4.0,SUC,48,0.0,1.0,0,0.0,48,2.146770526629645,"[0.0, 0.0, 0.0, 0.0, 0.0, 0.0, 0.0, 0.0, 0.0, 0.0, 0.0, 0.0, 0.0, 0.0, 0.0, 0.0, 0.0, 0.0, 0.0, 0.0, 0.0, 0.0, 0.0, 0.0]"
FEDXDF4,F,PR,4.0,SUC,43,0.0,1.0238095238095237,0,0.0,42,1.8586583731822148,"[0.0, 0.0, 0.0, 0.0, 0.0, 0.0, 0.0, 0.0, 0.0, 0.0, 0.0, 0.0, 0.0, 0.0, 0.0, 0.0, 0.0, 0.0, 0.0, 0.0, 0.0, 0.0, 0.0, 0.0]"
FEDXDF5,F,PR,4.0,SUC,48,0.0,1.0212765957446808,0,0.0,47,2.1245871997388215,"[0.0, 0.0, 0.0, 0.0, 0.0, 0.0, 0.0, 0.0, 0.0, 0.0, 0.0, 0.0, 0.0, 0.0, 0.0, 0.0, 0.0, 0.0, 0.0, 0.0, 0.0, 0.0, 0.0, 0.0]"
FEDXDF6,F,PR,4.0,SUC,39,0.0,1.0263157894736843,0,0.0,38,1.7428527748050755,"[0.0, 0.0, 0.0, 0.0, 0.0, 0.0, 0.0, 0.0, 0.0, 0.0, 0.0, 0.0, 0.0, 0.0, 0.0, 0.0, 0.0, 0.0, 0.0, 0.0, 0.0, 0.0, 0.0, 0.0]"
FEDXDF7,F,PR,4.0,SUC,48,0.0,1.0212765957446808,0,0.0,47,2.1564029363784663,"[0.0, 0.0, 0.0, 0.0, 0.0, 0.0, 0.0, 0.0, 0.0, 0.0, 0.0, 0.0, 0.0, 0.0, 0.0, 0.0, 0.0, 0.0, 0.0, 0.0, 0.0, 0.0, 0.0, 0.0]"
FEDXDF8,F,PR,4.0,SUC,41,0.0,1.0,0,0.0,41,1.898587636026858,"[0.0, 0.0, 0.0, 0.0, 0.0, 0.0, 0.0, 0.0, 0.0, 0.0, 0.0, 0.0, 0.0, 0.0, 0.0, 0.0, 0.0, 0.0, 0.0, 0.0, 0.0, 0.0, 0.0, 0.0]"
FEDXDF9,F,PR,4.0,SUC,46,0.0,1.0,0,0.0,46,2.2420796100731115,"[0.0, 0.0, 0.0, 0.0, 0.0, 0.0, 0.0, 0.0, 0.0, 0.0, 0.0, 0.0, 0.0, 0.0, 0.0, 0.0, 0.0, 0.0, 0.0, 0.0, 0.0, 0.0, 0.0, 0.0]"
FEDXDF10,F,PR,4.0,SUC,52,0.0,1.0196078431372548,0,0.0,51,2.2561657470784127,"[0.0, 0.0, 0.0, 0.0, 0.0, 0.0, 0.0, 0.0, 0.0, 0.0, 0.0, 0.0, 0.0, 0.0, 0.0, 0.0, 0.0, 0.0, 0.0, 0.0, 0.0, 0.0, 0.0, 0.0]"
FEDXDF11,F,NR,0.0,MIX,240,9.1,2.6363636363636362,20,0.909515809153266,22,1.0004673900685925,"[1.0, 1.0, 0.0, 0.0, 2.0, 0.0, 0.0, 1.0, 0.0, 1.0, 0.0, 2.0, 2.0, 0.0, 1.0, 1.0, 2.0, 1.0, 2.0, 0.0, 0.0, 1.0, 1.0, 1.0]"
FEDXDF11,F,NR,0.0,MIX,319,9.458333333333334,1.84,24,0.4968115508685576,50,1.035024064309495,"[2.0, 0.0, 2.0, 0.0, 0.0, 1.0, 0.0, 0.0, 0.0, 0.0, 0.0, 0.0, 1.0, 1.0, 2.0, 4.0, 2.0, 3.0, 1.0, 1.0, 1.0, 0.0, 1.0, 2.0]"
FEDXDF12,F,NR,0.0,MIX,271,6.380952380952381,2.140625,21,0.9043494904062396,64,2.756112732666635,"[1.0, 1.0, 0.0, 2.0, 0.0, 0.0, 0.0, 1.0, 0.0, 1.0, 1.0, 0.0, 2.0, 1.0, 2.0, 1.0, 2.0, 1.0, 0.0, 0.0, 2.0, 1.0, 0.0, 2.0]"
FEDXDF12,F,NR,0.0,MIX,304,6.0,1.8032786885245902,14,0.325062722916277,122,2.832689442556128,"[0.0, 0.0, 2.0, 0.0, 0.0, 0.0, 0.0, 0.0, 0.0, 0.0, 1.0, 0.0, 1.0, 0.0, 2.0, 2.0, 1.0, 0.0, 0.0, 1.0, 2.0, 1.0, 1.0, 0.0]"
FEDXDF13,F,NR,0.0,MIX,258,6.2,1.9739130434782608,5,0.21478175786936496,115,4.939980430995394,"[0.0, 0.0, 0.0, 0.0, 0.0, 0.0, 0.0, 1.0, 0.0, 0.0, 0.0, 1.0, 1.0, 0.0, 0.0, 0.0, 0.0, 1.0, 0.0, 0.0, 1.0, 0.0, 0.0, 0.0]"
FEDXDF13,F,NR,0.0,MIX,340,6.5,1.679144385026738,4,0.08501041967991216,187,3.9742371200358937,"[0.0, 0.0, 0.0, 0.0, 0.0, 0.0, 0.0, 0.0, 0.0, 1.0, 0.0, 1.0, 0.0, 1.0, 0.0, 0.0, 0.0, 0.0, 1.0, 0.0, 0.0, 0.0, 0.0, 0.0]"
FEDXDF14,F,NR,0.0,MIX,1,0.0,1.0,0,0.0,1,0.0,"[0.0, 0.0, 0.0, 0.0, 0.0, 0.0, 0.0, 0.0, 0.0, 0.0, 0.0, 0.0, 0.0, 0.0, 0.0, 0.0, 0.0, 0.0, 0.0, 0.0, 0.0, 0.0, 0.0, 0.0]"
FEDXDF14,F,NR,0.0,MIX,164,5.9,1.9090909090909092,10,0.5531483359454227,55,3.042315847699825,"[0.0, 0.0, 0.0, 0.0, 0.0, 0.0, 0.0, 0.0, 0.0, 0.0, 2.0, 0.0, 0.0, 1.0, 0.0, 2.0, 2.0, 0.0, 0.0, 0.0, 1.0, 1.0, 1.0, 0.0]"
FEDXDF14,F,NR,0.0,MIX,206,6.363636363636363,1.6790123456790123,11,0.44383174741938736,81,3.2682155946336704,"[2.0, 0.0, 0.0, 0.0, 0.0, 0.0, 0.0, 0.0, 0.0, 0.0, 1.0, 0.0, 0.0, 1.0, 1.0, 1.0, 2.0, 1.0, 1.0, 0.0, 0.0, 1.0, 0.0, 0.0]"
FEDXDF15,F,NR,0.0,MIX,145,6.25,1.8421052631578947,12,0.5023606298113822,38,1.590808661069377,"[0.0, 1.0, 0.0, 0.0, 0.0, 0.0, 0.0, 0.0, 0.0, 0.0, 0.0, 0.0, 0.0, 0.0, 0.0, 0.0, 0.0, 0.0, 0.0, 5.0, 2.0, 2.0, 0.0, 2.0]"
FEDXDF15,F,NR,0.0,MIX,272,7.1,2.0721649484536084,10,0.4320380193457024,97,4.1907687876533135,"[0.0, 0.0, 0.0, 0.0, 0.0, 0.0, 0.0, 0.0, 0.0, 0.0, 1.0, 1.0, 1.0, 2.0, 3.0, 0.0, 1.0, 0.0, 0.0, 0.0, 1.0, 0.0, 0.0, 0.0]"
FEDXDF15,F,NR,0.0,MIX,175,5.4,1.85,5,0.20452221338484264,80,3.272355414157482,"[0.0, 0.0, 0.0, 0.0, 0.0, 0.0, 0.0, 0.0, 0.0, 0.0, 0.0, 0.0, 0.0, 0.0, 2.0, 1.0, 1.0, 1.0, 0.0, 0.0, 0.0, 0.0, 0.0, 0.0]"
FEDXDF16,F,NR,0.0,MIX,256,5.666666666666667,1.4573170731707317,3,0.1290800654961814,164,7.056376913791249,"[0.0, 0.0, 0.0, 1.0, 0.0, 1.0, 0.0, 0.0, 0.0, 0.0, 0.0, 1.0, 0.0, 0.0, 0.0, 0.0, 0.0, 0.0, 0.0, 0.0, 0.0, 0.0, 0.0, 0.0]"
FEDXDF16,F,NR,0.0,MIX,307,5.909090909090909,1.704225352112676,11,0.2286215735630326,142,2.9512966769046023,"[0.0, 1.0, 1.0, 0.0, 0.0, 1.0, 0.0, 0.0, 0.0, 0.0, 0.0, 0.0, 0.0, 0.0, 1.0, 0.0, 0.0, 1.0, 1.0, 2.0, 1.0, 0.0, 0.0, 2.0]"
FEDXDF17,F,NR,0.0,MIX,81,6.0,1.6451612903225807,5,0.29163493786555633,31,1.8081366147664493,"[1.0, 0.0, 0.0, 0.0, 0.0, 0.0, 0.0, 0.0, 0.0, 0.0, 0.0, 0.0, 0.0, 0.0, 0.0, 0.0, 0.0, 0.0, 0.0, 0.0, 3.0, 0.0, 0.0, 1.0]"
FEDXDF17,F,NR,0.0,MIX,271,5.875,2.0113636363636362,16,0.6852492951211678,88,3.768871123166423,"[0.0, 1.0, 1.0, 0.0, 0.0, 0.0, 0.0, 0.0, 0.0, 0.0, 1.0, 0.0, 1.0, 2.0, 1.0, 1.0, 0.0, 0.0, 1.0, 2.0, 2.0, 2.0, 1.0, 0.0]"
FEDXDF17,F,NR,0.0,MIX,229,6.0,1.9863013698630136,14,0.5688551789523584,73,2.966173433108726,"[0.0, 0.0, 0.0, 0.0, 0.0, 0.0, 0.0, 0.0, 0.0, 0.0, 0.0, 0.0, 1.0, 2.0, 0.0, 0.0, 1.0, 1.0, 2.0, 2.0, 2.0, 1.0, 2.0, 0.0]"
FEDXDF18,F,NR,0.0,MIX,244,6.5,1.7301587301587302,4,0.1702429508778152,126,5.362652952651179,"[0.0, 0.0, 1.0, 0.0, 0.0, 0.0, 1.0, 0.0, 1.0, 0.0, 0.0, 0.0, 0.0, 1.0, 0.0, 0.0, 0.0, 0.0, 0.0, 0.0, 0.0, 0.0, 0.0, 0.0]"
FEDXDF18,F,NR,0.0,MIX,288,6.0476190476190474,1.9634146341463414,21,0.4345701721610669,82,1.6968930532003565,"[0.0, 1.0, 2.0, 1.0, 1.0, 0.0, 1.0, 0.0, 0.0, 1.0, 0.0, 0.0, 1.0, 1.0, 2.0, 1.0, 1.0, 1.0, 2.0, 0.0, 1.0, 1.0, 1.0, 2.0]"
FEDXDF19,F,NR,0.0,MIX,278,6.6923076923076925,2.053763440860215,13,0.552434014826007,93,3.952027952216819,"[0.0, 1.0, 0.0, 1.0, 0.0, 0.0, 1.0, 0.0, 0.0, 2.0, 2.0, 1.0, 1.0, 0.0, 0.0, 1.0, 1.0, 0.0, 0.0, 0.0, 0.0, 0.0, 2.0, 0.0]"
FEDXDF19,F,NR,0.0,MIX,312,6.125,1.829059829059829,16,0.3308443423319931,117,2.4192992533027,"[3.0, 0.0, 0.0, 0.0, 0.0, 1.0, 0.0, 0.0, 0.0, 1.0, 0.0, 0.0, 0.0, 1.0, 1.0, 2.0, 1.0, 1.0, 0.0, 1.0, 3.0, 0.0, 1.0, 0.0]"
FEDXDF20,F,NR,0.0,MIX,305,7.444444444444445,1.75,9,0.3946791404765385,136,5.9640403449788035,"[0.0, 0.0, 0.0, 1.0, 1.0, 0.0, 2.0, 1.0, 0.0, 1.0, 0.0, 1.0, 2.0, 0.0, 0.0, 0.0, 0.0, 0.0, 0.0, 0.0, 0.0, 0.0, 0.0, 0.0]"
FEDXDF20,F,NR,0.0,MIX,283,7.5,1.7070063694267517,2,0.04613107632771004,157,3.6212894917252383,"[0.0, 0.0, 0.0, 0.0, 0.0, 0.0, 0.0, 0.0, 0.0, 0.0, 0.0, 0.0, 0.0, 0.0, 0.0, 2.0, 0.0, 0.0, 0.0, 0.0, 0.0, 0.0, 0.0, 0.0]"
FEDXDF11,F,NR,1.0,CAS20,95,5.5,2.1538461538461537,2,0.08798944126704797,39,1.7157941047074354,"[0.0, 0.0, 0.0, 0.0, 0.0, 0.0, 0.0, 0.0, 0.0, 0.0, 0.0, 1.0, 0.0, 0.0, 1.0, 0.0, 0.0, 0.0, 0.0, 0.0, 0.0, 0.0, 0.0, 0.0]"
FEDXDF12,F,NR,1.0,CAS20,128,5.666666666666667,1.6567164179104477,3,0.12745618693574085,67,2.8465215082315454,"[0.0, 1.0, 0.0, 0.0, 0.0, 0.0, 0.0, 0.0, 0.0, 0.0, 0.0, 0.0, 0.0, 0.0, 0.0, 1.0, 0.0, 1.0, 0.0, 0.0, 0.0, 0.0, 0.0, 0.0]"
FEDXDF13,F,NR,1.0,CAS20,119,0.0,1.5454545454545454,0,0.0,77,3.336422613531047,"[0.0, 0.0, 0.0, 0.0, 0.0, 0.0, 0.0, 0.0, 0.0, 0.0, 0.0, 0.0, 0.0, 0.0, 0.0, 0.0, 0.0, 0.0, 0.0, 0.0, 0.0, 0.0, 0.0, 0.0]"
FEDXDF14,F,NR,1.0,CAS20,114,5.0,1.4533333333333334,1,0.04157139887757223,75,3.1178549158179174,"[0.0, 0.0, 0.0, 0.0, 0.0, 0.0, 0.0, 0.0, 0.0, 0.0, 0.0, 0.0, 0.0, 0.0, 0.0, 0.0, 0.0, 0.0, 0.0, 1.0, 0.0, 0.0, 0.0, 0.0]"
FEDXDF15,F,NR,1.0,CAS20,136,0.0,1.4166666666666667,0,0.0,96,4.1245972073039745,"[0.0, 0.0, 0.0, 0.0, 0.0, 0.0, 0.0, 0.0, 0.0, 0.0, 0.0, 0.0, 0.0, 0.0, 0.0, 0.0, 0.0, 0.0, 0.0, 0.0, 0.0, 0.0, 0.0, 0.0]"
FEDXDF16,F,NR,1.0,CAS20,144,5.5,1.7428571428571429,4,0.17149594483547106,70,3.0011790346207436,"[0.0, 0.0, 0.0, 0.0, 0.0, 1.0, 0.0, 0.0, 0.0, 0.0, 1.0, 0.0, 1.0, 0.0, 0.0, 0.0, 0.0, 0.0, 0.0, 0.0, 0.0, 1.0, 0.0, 0.0]"
FEDXDF17,F,NR,1.0,CAS20,72,0.0,1.6,0,0.0,45,2.128694006806565,"[0.0, 0.0, 0.0, 0.0, 0.0, 0.0, 0.0, 0.0, 0.0, 0.0, 0.0, 0.0, 0.0, 0.0, 0.0, 0.0, 0.0, 0.0, 0.0, 0.0, 0.0, 0.0, 0.0, 0.0]"
FEDXDF18,F,NR,1.0,CAS20,92,0.0,1.4153846153846155,0,0.0,65,2.8037719119567694,"[0.0, 0.0, 0.0, 0.0, 0.0, 0.0, 0.0, 0.0, 0.0, 0.0, 0.0, 0.0, 0.0, 0.0, 0.0, 0.0, 0.0, 0.0, 0.0, 0.0, 0.0, 0.0, 0.0, 0.0]"
FEDXDF19,F,NR,1.0,CAS20,130,0.0,1.911764705882353,0,0.0,68,2.918698508459218,"[0.0, 0.0, 0.0, 0.0, 0.0, 0.0, 0.0, 0.0, 0.0, 0.0, 0.0, 0.0, 0.0, 0.0, 0.0, 0.0, 0.0, 0.0, 0.0, 0.0, 0.0, 0.0, 0.0, 0.0]"
FEDXDF20,F,NR,1.0,CAS20,128,6.0,1.6486486486486487,1,0.04350505746293006,74,3.2193742522568245,"[0.0, 0.0, 0.0, 0.0, 0.0, 0.0, 0.0, 0.0, 0.0, 0.0, 0.0, 0.0, 0.0, 0.0, 0.0, 0.0, 0.0, 0.0, 1.0, 0.0, 0.0, 0.0, 0.0, 0.0]"
FEDXDF11,F,NR,1.0,CAS5,73,6.0,1.558139534883721,1,0.04250897411675798,43,1.8278858870205932,"[0.0, 0.0, 0.0, 0.0, 0.0, 0.0, 0.0, 0.0, 0.0, 0.0, 0.0, 0.0, 0.0, 0.0, 0.0, 0.0, 0.0, 0.0, 1.0, 0.0, 0.0, 0.0, 0.0, 0.0]"
FEDXDF12,F,NR,1.0,CAS5,50,0.0,1.1627906976744187,0,0.0,43,1.8467264745180378,"[0.0, 0.0, 0.0, 0.0, 0.0, 0.0, 0.0, 0.0, 0.0, 0.0, 0.0, 0.0, 0.0, 0.0, 0.0, 0.0, 0.0, 0.0, 0.0, 0.0, 0.0, 0.0, 0.0, 0.0]"
FEDXDF13,F,NR,1.0,CAS5,40,0.0,1.1764705882352942,0,0.0,34,1.4861222408392218,"[0.0, 0.0, 0.0, 0.0, 0.0, 0.0, 0.0, 0.0, 0.0, 0.0, 0.0, 0.0, 0.0, 0.0, 0.0, 0.0, 0.0, 0.0, 0.0, 0.0, 0.0, 0.0, 0.0, 0.0]"
FEDXDF14,F,NR,1.0,CAS5,95,0.0,1.3194444444444444,0,0.0,72,3.057216659000035,"[0.0, 0.0, 0.0, 0.0, 0.0, 0.0, 0.0, 0.0, 0.0, 0.0, 0.0, 0.0, 0.0, 0.0, 0.0, 0.0, 0.0, 0.0, 0.0, 0.0, 0.0, 0.0, 0.0, 0.0]"
FEDXDF15,F,NR,1.0,CAS5,70,0.0,1.3461538461538463,0,0.0,52,2.2181408851235265,"[0.0, 0.0, 0.0, 0.0, 0.0, 0.0, 0.0, 0.0, 0.0, 0.0, 0.0, 0.0, 0.0, 0.0, 0.0, 0.0, 0.0, 0.0, 0.0, 0.0, 0.0, 0.0, 0.0, 0.0]"
FEDXDF16,F,NR,1.0,CAS5,59,0.0,1.2040816326530612,0,0.0,49,2.0949372350153794,"[0.0, 0.0, 0.0, 0.0, 0.0, 0.0, 0.0, 0.0, 0.0, 0.0, 0.0, 0.0, 0.0, 0.0, 0.0, 0.0, 0.0, 0.0, 0.0, 0.0, 0.0, 0.0, 0.0, 0.0]"
FEDXDF17,F,NR,1.0,CAS5,115,0.0,1.5972222222222223,0,0.0,72,3.187995818215362,"[0.0, 0.0, 0.0, 0.0, 0.0, 0.0, 0.0, 0.0, 0.0, 0.0, 0.0, 0.0, 0.0, 0.0, 0.0, 0.0, 0.0, 0.0, 0.0, 0.0, 0.0, 0.0, 0.0, 0.0]"
FEDXDF18,F,NR,1.0,CAS5,107,0.0,1.1630434782608696,0,0.0,92,3.962623084193776,"[0.0, 0.0, 0.0, 0.0, 0.0, 0.0, 0.0, 0.0, 0.0, 0.0, 0.0, 0.0, 0.0, 0.0, 0.0, 0.0, 0.0, 0.0, 0.0, 0.0, 0.0, 0.0, 0.0, 0.0]"
FEDXDF19,F,NR,1.0,CAS5,55,0.0,1.4102564102564104,0,0.0,39,1.7242861529014428,"[0.0, 0.0, 0.0, 0.0, 0.0, 0.0, 0.0, 0.0, 0.0, 0.0, 0.0, 0.0, 0.0, 0.0, 0.0, 0.0, 0.0, 0.0, 0.0, 0.0, 0.0, 0.0, 0.0, 0.0]"
FEDXDF20,F,NR,1.0,CAS5,61,0.0,1.2448979591836735,0,0.0,49,2.102477920406193,"[0.0, 0.0, 0.0, 0.0, 0.0, 0.0, 0.0, 0.0, 0.0, 0.0, 0.0, 0.0, 0.0, 0.0, 0.0, 0.0, 0.0, 0.0, 0.0, 0.0, 0.0, 0.0, 0.0, 0.0]"
FEDXDF11,F,NR,2.0,CAS20,137,5.8,1.9636363636363636,5,0.22148666773308398,55,2.4363533450639236,"[0.0, 0.0, 0.0, 0.0, 0.0, 0.0, 0.0, 0.0, 1.0, 0.0, 0.0, 1.0, 0.0, 0.0, 1.0, 0.0, 0.0, 1.0, 0.0, 0.0, 1.0, 0.0, 0.0, 0.0]"
FEDXDF12,F,NR,2.0,CAS20,160,6.333333333333333,1.5326086956521738,3,0.13548775592131676,92,4.154957848253714,"[1.0, 0.0, 0.0, 0.0, 0.0, 0.0, 0.0, 0.0, 0.0, 0.0, 0.0, 0.0, 2.0, 0.0, 0.0, 0.0, 0.0, 0.0, 0.0, 0.0, 0.0, 0.0, 0.0, 0.0]"
FEDXDF13,F,NR,2.0,CAS20,113,0.0,1.547945205479452,0,0.0,73,3.2501422246407277,"[0.0, 0.0, 0.0, 0.0, 0.0, 0.0, 0.0, 0.0, 0.0, 0.0, 0.0, 0.0, 0.0, 0.0, 0.0, 0.0, 0.0, 0.0, 0.0, 0.0, 0.0, 0.0, 0.0, 0.0]"
FEDXDF14,F,NR,2.0,CAS20,145,6.2,1.52,5,0.2227943360728785,75,3.3419150410931775,"[0.0, 0.0, 0.0, 0.0, 0.0, 0.0, 0.0, 0.0, 0.0, 0.0, 0.0, 0.0, 1.0, 1.0, 0.0, 1.0, 1.0, 0.0, 0.0, 1.0, 0.0, 0.0, 0.0, 0.0]"
FEDXDF15,F,NR,2.0,CAS20,164,5.0,1.8170731707317074,3,0.13805974919145564,82,3.773633144566454,"[0.0, 0.0, 0.0, 0.0, 0.0, 0.0, 0.0, 0.0, 0.0, 0.0, 1.0, 1.0, 1.0, 0.0, 0.0, 0.0, 0.0, 0.0, 0.0, 0.0, 0.0, 0.0, 0.0, 0.0]"
FEDXDF16,F,NR,2.0,CAS20,146,5.5,1.631578947368421,4,0.17196699189127865,76,3.2673728459342946,"[0.0, 0.0, 0.0, 0.0, 1.0, 0.0, 0.0, 0.0, 0.0, 0.0, 0.0, 0.0, 1.0, 0.0, 0.0, 1.0, 0.0, 0.0, 1.0, 0.0, 0.0, 0.0, 0.0, 0.0]"
FEDXDF17,F,NR,2.0,CAS20,150,5.25,1.9545454545454546,4,0.17022483864103835,66,2.808709837577133,"[0.0, 0.0, 0.0, 0.0, 0.0, 0.0, 0.0, 0.0, 0.0, 0.0, 0.0, 0.0, 0.0, 0.0, 0.0, 0.0, 1.0, 1.0, 0.0, 0.0, 1.0, 0.0, 1.0, 0.0]"
FEDXDF18,F,NR,2.0,CAS20,108,0.0,1.35,0,0.0,80,3.6129161753267933,"[0.0, 0.0, 0.0, 0.0, 0.0, 0.0, 0.0, 0.0, 0.0, 0.0, 0.0, 0.0, 0.0, 0.0, 0.0, 0.0, 0.0, 0.0, 0.0, 0.0, 0.0, 0.0, 0.0, 0.0]"
FEDXDF19,F,NR,2.0,CAS20,128,5.0,2.0545454545454547,3,0.13047417698580488,55,2.3920265780730894,"[0.0, 0.0, 0.0, 0.0, 1.0, 0.0, 0.0, 0.0, 0.0, 1.0, 0.0, 0.0, 0.0, 0.0, 0.0, 0.0, 0.0, 0.0, 0.0, 1.0, 0.0, 0.0, 0.0, 0.0]"
FEDXDF20,F,NR,2.0,CAS20,142,6.0,1.7105263157894737,2,0.08513355326167926,76,3.235075023943812,"[0.0, 0.0, 0.0, 0.0, 0.0, 0.0, 0.0, 0.0, 0.0, 0.0, 1.0, 0.0, 0.0, 0.0, 0.0, 0.0, 0.0, 1.0, 0.0, 0.0, 0.0, 0.0, 0.0, 0.0]"
FEDXDF11,F,NR,2.0,SUC,30,0.0,1.5789473684210527,0,0.0,19,0.9609710865716936,"[0.0, 0.0, 0.0, 0.0, 0.0, 0.0, 0.0, 0.0, 0.0, 0.0, 0.0, 0.0, 0.0, 0.0, 0.0, 0.0, 0.0, 0.0, 0.0, 0.0, 0.0, 0.0, 0.0, 0.0]"
FEDXDF12,F,NR,2.0,SUC,24,0.0,1.2,0,0.0,20,0.924428010168708,"[0.0, 0.0, 0.0, 0.0, 0.0, 0.0, 0.0, 0.0, 0.0, 0.0, 0.0, 0.0, 0.0, 0.0, 0.0, 0.0, 0.0, 0.0, 0.0, 0.0, 0.0, 0.0, 0.0, 0.0]"
FEDXDF13,F,NR,2.0,SUC,45,0.0,1.0975609756097562,0,0.0,41,1.8422136518515746,"[0.0, 0.0, 0.0, 0.0, 0.0, 0.0, 0.0, 0.0, 0.0, 0.0, 0.0, 0.0, 0.0, 0.0, 0.0, 0.0, 0.0, 0.0, 0.0, 0.0, 0.0, 0.0, 0.0, 0.0]"
FEDXDF14,F,NR,2.0,SUC,43,0.0,1.075,0,0.0,40,1.7892644135188869,"[0.0, 0.0, 0.0, 0.0, 0.0, 0.0, 0.0, 0.0, 0.0, 0.0, 0.0, 0.0, 0.0, 0.0, 0.0, 0.0, 0.0, 0.0, 0.0, 0.0, 0.0, 0.0, 0.0, 0.0]"
FEDXDF15,F,NR,2.0,SUC,54,0.0,1.2272727272727273,0,0.0,44,2.076560041950708,"[0.0, 0.0, 0.0, 0.0, 0.0, 0.0, 0.0, 0.0, 0.0, 0.0, 0.0, 0.0, 0.0, 0.0, 0.0, 0.0, 0.0, 0.0, 0.0, 0.0, 0.0, 0.0, 0.0, 0.0]"
FEDXDF16,F,NR,2.0,SUC,37,0.0,1.088235294117647,0,0.0,34,1.473935190202666,"[0.0, 0.0, 0.0, 0.0, 0.0, 0.0, 0.0, 0.0, 0.0, 0.0, 0.0, 0.0, 0.0, 0.0, 0.0, 0.0, 0.0, 0.0, 0.0, 0.0, 0.0, 0.0, 0.0, 0.0]"
FEDXDF17,F,NR,2.0,SUC,45,0.0,1.25,0,0.0,36,1.683116883116883,"[0.0, 0.0, 0.0, 0.0, 0.0, 0.0, 0.0, 0.0, 0.0, 0.0, 0.0, 0.0, 0.0, 0.0, 0.0, 0.0, 0.0, 0.0, 0.0, 0.0, 0.0, 0.0, 0.0, 0.0]"
FEDXDF18,F,NR,2.0,SUC,84,0.0,1.0769230769230769,0,0.0,78,3.3030630969745447,"[0.0, 0.0, 0.0, 0.0, 0.0, 0.0, 0.0, 0.0, 0.0, 0.0, 0.0, 0.0, 0.0, 0.0, 0.0, 0.0, 0.0, 0.0, 0.0, 0.0, 0.0, 0.0, 0.0, 0.0]"
FEDXDF19,F,NR,2.0,SUC,47,0.0,1.3055555555555556,0,0.0,36,1.5277614051632677,"[0.0, 0.0, 0.0, 0.0, 0.0, 0.0, 0.0, 0.0, 0.0, 0.0, 0.0, 0.0, 0.0, 0.0, 0.0, 0.0, 0.0, 0.0, 0.0, 0.0, 0.0, 0.0, 0.0, 0.0]"
FEDXDF20,F,NR,2.0,SUC,58,0.0,1.0740740740740742,0,0.0,54,2.319975177220326,"[0.0, 0.0, 0.0, 0.0, 0.0, 0.0, 0.0, 0.0, 0.0, 0.0, 0.0, 0.0, 0.0, 0.0, 0.0, 0.0, 0.0, 0.0, 0.0, 0.0, 0.0, 0.0, 0.0, 0.0]"
FEDXDF11,F,NR,3.0,CAS5,147,6.0,1.646341463414634,2,0.08966822755803527,82,3.6763973298794466,"[0.0, 0.0, 1.0, 0.0, 0.0, 0.0, 0.0, 0.0, 0.0, 0.0, 0.0, 0.0, 0.0, 0.0, 0.0, 0.0, 0.0, 1.0, 0.0, 0.0, 0.0, 0.0, 0.0, 0.0]"
FEDXDF12,F,NR,3.0,CAS5,136,6.0,1.4090909090909092,2,0.09565182734845164,88,4.208680403331872,"[0.0, 0.0, 0.0, 0.0, 0.0, 0.0, 1.0, 0.0, 0.0, 0.0, 0.0, 0.0, 0.0, 0.0, 0.0, 0.0, 0.0, 1.0, 0.0, 0.0, 0.0, 0.0, 0.0, 0.0]"
FEDXDF13,F,NR,3.0,CAS5,98,0.0,1.240506329113924,0,0.0,79,3.4986713906111606,"[0.0, 0.0, 0.0, 0.0, 0.0, 0.0, 0.0, 0.0, 0.0, 0.0, 0.0, 0.0, 0.0, 0.0, 0.0, 0.0, 0.0, 0.0, 0.0, 0.0, 0.0, 0.0, 0.0, 0.0]"
FEDXDF14,F,NR,3.0,CAS5,134,0.0,1.3267326732673268,0,0.0,101,4.457084017749884,"[0.0, 0.0, 0.0, 0.0, 0.0, 0.0, 0.0, 0.0, 0.0, 0.0, 0.0, 0.0, 0.0, 0.0, 0.0, 0.0, 0.0, 0.0, 0.0, 0.0, 0.0, 0.0, 0.0, 0.0]"
FEDXDF15,F,NR,3.0,CAS5,142,5.0,1.4123711340206186,1,0.044556661220852514,97,4.321996138422694,"[0.0, 0.0, 0.0, 0.0, 0.0, 0.0, 0.0, 0.0, 0.0, 0.0, 0.0, 0.0, 0.0, 0.0, 1.0, 0.0, 0.0, 0.0, 0.0, 0.0, 0.0, 0.0, 0.0, 0.0]"
FEDXDF16,F,NR,3.0,CAS5,136,5.0,1.3695652173913044,2,0.08932337543110934,92,4.10887526983103,"[0.0, 0.0, 0.0, 0.0, 0.0, 0.0, 0.0, 0.0, 0.0, 0.0, 1.0, 1.0, 0.0, 0.0, 0.0, 0.0, 0.0, 0.0, 0.0, 0.0, 0.0, 0.0, 0.0, 0.0]"
FEDXDF17,F,NR,3.0,CAS5,154,0.0,1.5247524752475248,0,0.0,101,4.577096891954834,"[0.0, 0.0, 0.0, 0.0, 0.0, 0.0, 0.0, 0.0, 0.0, 0.0, 0.0, 0.0, 0.0, 0.0, 0.0, 0.0, 0.0, 0.0, 0.0, 0.0, 0.0, 0.0, 0.0, 0.0]"
FEDXDF18,F,NR,3.0,CAS5,143,0.0,1.1721311475409837,0,0.0,122,5.501415437031841,"[0.0, 0.0, 0.0, 0.0, 0.0, 0.0, 0.0, 0.0, 0.0, 0.0, 0.0, 0.0, 0.0, 0.0, 0.0, 0.0, 0.0, 0.0, 0.0, 0.0, 0.0, 0.0, 0.0, 0.0]"
FEDXDF19,F,NR,3.0,CAS5,139,5.0,1.558139534883721,1,0.0450489907774705,86,3.874213206862463,"[0.0, 0.0, 0.0, 0.0, 0.0, 0.0, 0.0, 0.0, 0.0, 0.0, 0.0, 0.0, 0.0, 0.0, 0.0, 0.0, 0.0, 0.0, 0.0, 0.0, 0.0, 0.0, 0.0, 1.0]"
FEDXDF20,F,NR,3.0,CAS5,145,0.0,1.45,0,0.0,100,4.513427446653795,"[0.0, 0.0, 0.0, 0.0, 0.0, 0.0, 0.0, 0.0, 0.0, 0.0, 0.0, 0.0, 0.0, 0.0, 0.0, 0.0, 0.0, 0.0, 0.0, 0.0, 0.0, 0.0, 0.0, 0.0]"
FEDXDF11,F,NR,3.0,SUC,11,0.0,1.1,0,0.0,10,0.44617958728388174,"[0.0, 0.0, 0.0, 0.0, 0.0, 0.0, 0.0, 0.0, 0.0, 0.0, 0.0, 0.0, 0.0, 0.0, 0.0, 0.0, 0.0, 0.0, 0.0, 0.0, 0.0, 0.0, 0.0, 0.0]"
FEDXDF12,F,NR,3.0,SUC,47,0.0,1.0681818181818181,0,0.0,44,2.124264084648705,"[0.0, 0.0, 0.0, 0.0, 0.0, 0.0, 0.0, 0.0, 0.0, 0.0, 0.0, 0.0, 0.0, 0.0, 0.0, 0.0, 0.0, 0.0, 0.0, 0.0, 0.0, 0.0, 0.0, 0.0]"
FEDXDF13,F,NR,3.0,SUC,27,0.0,1.0384615384615385,0,0.0,26,1.1605128077962656,"[0.0, 0.0, 0.0, 0.0, 0.0, 0.0, 0.0, 0.0, 0.0, 0.0, 0.0, 0.0, 0.0, 0.0, 0.0, 0.0, 0.0, 0.0, 0.0, 0.0, 0.0, 0.0, 0.0, 0.0]"
FEDXDF14,F,NR,3.0,SUC,24,0.0,1.0,0,0.0,24,1.0837932764676366,"[0.0, 0.0, 0.0, 0.0, 0.0, 0.0, 0.0, 0.0, 0.0, 0.0, 0.0, 0.0, 0.0, 0.0, 0.0, 0.0, 0.0, 0.0, 0.0, 0.0, 0.0, 0.0, 0.0, 0.0]"
FEDXDF15,F,NR,3.0,SUC,30,0.0,1.0344827586206897,0,0.0,29,1.2883957991386012,"[0.0, 0.0, 0.0, 0.0, 0.0, 0.0, 0.0, 0.0, 0.0, 0.0, 0.0, 0.0, 0.0, 0.0, 0.0, 0.0, 0.0, 0.0, 0.0, 0.0, 0.0, 0.0, 0.0, 0.0]"
FEDXDF16,F,NR,3.0,SUC,30,0.0,1.0344827586206897,0,0.0,29,1.3897948588239992,"[0.0, 0.0, 0.0, 0.0, 0.0, 0.0, 0.0, 0.0, 0.0, 0.0, 0.0, 0.0, 0.0, 0.0, 0.0, 0.0, 0.0, 0.0, 0.0, 0.0, 0.0, 0.0, 0.0, 0.0]"
FEDXDF17,F,NR,3.0,SUC,25,0.0,1.1363636363636365,0,0.0,22,1.0165053777241575,"[0.0, 0.0, 0.0, 0.0, 0.0, 0.0, 0.0, 0.0, 0.0, 0.0, 0.0, 0.0, 0.0, 0.0, 0.0, 0.0, 0.0, 0.0, 0.0, 0.0, 0.0, 0.0, 0.0, 0.0]"
FEDXDF18,F,NR,3.0,SUC,52,0.0,1.04,0,0.0,50,2.3486123615297294,"[0.0, 0.0, 0.0, 0.0, 0.0, 0.0, 0.0, 0.0, 0.0, 0.0, 0.0, 0.0, 0.0, 0.0, 0.0, 0.0, 0.0, 0.0, 0.0, 0.0, 0.0, 0.0, 0.0, 0.0]"
FEDXDF19,F,NR,3.0,SUC,35,0.0,1.1290322580645162,0,0.0,31,1.5943312666076173,"[0.0, 0.0, 0.0, 0.0, 0.0, 0.0, 0.0, 0.0, 0.0, 0.0, 0.0, 0.0, 0.0, 0.0, 0.0, 0.0, 0.0, 0.0, 0.0, 0.0, 0.0, 0.0, 0.0, 0.0]"
FEDXDF20,F,NR,3.0,SUC,32,0.0,1.0666666666666667,0,0.0,30,1.3520788211875758,"[0.0, 0.0, 0.0, 0.0, 0.0, 0.0, 0.0, 0.0, 0.0, 0.0, 0.0, 0.0, 0.0, 0.0, 0.0, 0.0, 0.0, 0.0, 0.0, 0.0, 0.0, 0.0, 0.0, 0.0]"
FEDXDF11,F,NR,4.0,CAS5,86,0.0,1.2835820895522387,0,0.0,67,2.932772394003137,"[0.0, 0.0, 0.0, 0.0, 0.0, 0.0, 0.0, 0.0, 0.0, 0.0, 0.0, 0.0, 0.0, 0.0, 0.0, 0.0, 0.0, 0.0, 0.0, 0.0, 0.0, 0.0, 0.0, 0.0]"
FEDXDF12,F,NR,4.0,CAS5,62,0.0,1.087719298245614,0,0.0,57,2.493650427153083,"[0.0, 0.0, 0.0, 0.0, 0.0, 0.0, 0.0, 0.0, 0.0, 0.0, 0.0, 0.0, 0.0, 0.0, 0.0, 0.0, 0.0, 0.0, 0.0, 0.0, 0.0, 0.0, 0.0, 0.0]"
FEDXDF13,F,NR,4.0,CAS5,68,0.0,1.0793650793650793,0,0.0,63,2.7588891456931894,"[0.0, 0.0, 0.0, 0.0, 0.0, 0.0, 0.0, 0.0, 0.0, 0.0, 0.0, 0.0, 0.0, 0.0, 0.0, 0.0, 0.0, 0.0, 0.0, 0.0, 0.0, 0.0, 0.0, 0.0]"
FEDXDF14,F,NR,4.0,CAS5,101,0.0,1.2023809523809523,0,0.0,84,3.6522621319355544,"[0.0, 0.0, 0.0, 0.0, 0.0, 0.0, 0.0, 0.0, 0.0, 0.0, 0.0, 0.0, 0.0, 0.0, 0.0, 0.0, 0.0, 0.0, 0.0, 0.0, 0.0, 0.0, 0.0, 0.0]"
FEDXDF15,F,NR,4.0,CAS5,86,0.0,1.075,0,0.0,80,3.4958244319285297,"[0.0, 0.0, 0.0, 0.0, 0.0, 0.0, 0.0, 0.0, 0.0, 0.0, 0.0, 0.0, 0.0, 0.0, 0.0, 0.0, 0.0, 0.0, 0.0, 0.0, 0.0, 0.0, 0.0, 0.0]"
FEDXDF16,F,NR,4.0,CAS5,83,0.0,1.1216216216216217,0,0.0,74,3.2711600093321382,"[0.0, 0.0, 0.0, 0.0, 0.0, 0.0, 0.0, 0.0, 0.0, 0.0, 0.0, 0.0, 0.0, 0.0, 0.0, 0.0, 0.0, 0.0, 0.0, 0.0, 0.0, 0.0, 0.0, 0.0]"
FEDXDF17,F,NR,4.0,CAS5,78,0.0,1.164179104477612,0,0.0,67,3.265637692932575,"[0.0, 0.0, 0.0, 0.0, 0.0, 0.0, 0.0, 0.0, 0.0, 0.0, 0.0, 0.0, 0.0, 0.0, 0.0, 0.0, 0.0, 0.0, 0.0, 0.0, 0.0, 0.0, 0.0, 0.0]"
FEDXDF18,F,NR,4.0,CAS5,91,0.0,1.0224719101123596,0,0.0,89,3.914621183427615,"[0.0, 0.0, 0.0, 0.0, 0.0, 0.0, 0.0, 0.0, 0.0, 0.0, 0.0, 0.0, 0.0, 0.0, 0.0, 0.0, 0.0, 0.0, 0.0, 0.0, 0.0, 0.0, 0.0, 0.0]"
FEDXDF19,F,NR,4.0,CAS5,98,0.0,1.1666666666666667,0,0.0,84,3.786721430539207,"[0.0, 0.0, 0.0, 0.0, 0.0, 0.0, 0.0, 0.0, 0.0, 0.0, 0.0, 0.0, 0.0, 0.0, 0.0, 0.0, 0.0, 0.0, 0.0, 0.0, 0.0, 0.0, 0.0, 0.0]"
FEDXDF20,F,NR,4.0,CAS5,66,0.0,1.1,0,0.0,60,2.74094283357655,"[0.0, 0.0, 0.0, 0.0, 0.0, 0.0, 0.0, 0.0, 0.0, 0.0, 0.0, 0.0, 0.0, 0.0, 0.0, 0.0, 0.0, 0.0, 0.0, 0.0, 0.0, 0.0, 0.0, 0.0]"
FEDXDF11,F,NR,4.0,SUC,42,0.0,1.0,0,0.0,42,1.8914185639229422,"[0.0, 0.0, 0.0, 0.0, 0.0, 0.0, 0.0, 0.0, 0.0, 0.0, 0.0, 0.0, 0.0, 0.0, 0.0, 0.0, 0.0, 0.0, 0.0, 0.0, 0.0, 0.0, 0.0, 0.0]"
FEDXDF12,F,NR,4.0,SUC,47,0.0,1.0,0,0.0,47,2.094396375654499,"[0.0, 0.0, 0.0, 0.0, 0.0, 0.0, 0.0, 0.0, 0.0, 0.0, 0.0, 0.0, 0.0, 0.0, 0.0, 0.0, 0.0, 0.0, 0.0, 0.0, 0.0, 0.0, 0.0, 0.0]"
FEDXDF13,F,NR,4.0,SUC,40,0.0,1.0,0,0.0,40,1.7832596500352937,"[0.0, 0.0, 0.0, 0.0, 0.0, 0.0, 0.0, 0.0, 0.0, 0.0, 0.0, 0.0, 0.0, 0.0, 0.0, 0.0, 0.0, 0.0, 0.0, 0.0, 0.0, 0.0, 0.0, 0.0]"
FEDXDF14,F,NR,4.0,SUC,41,0.0,1.0,0,0.0,41,1.8129337345697967,"[0.0, 0.0, 0.0, 0.0, 0.0, 0.0, 0.0, 0.0, 0.0, 0.0, 0.0, 0.0, 0.0, 0.0, 0.0, 0.0, 0.0, 0.0, 0.0, 0.0, 0.0, 0.0, 0.0, 0.0]"
FEDXDF15,F,NR,4.0,SUC,53,0.0,1.0392156862745099,0,0.0,51,2.276926892788491,"[0.0, 0.0, 0.0, 0.0, 0.0, 0.0, 0.0, 0.0, 0.0, 0.0, 0.0, 0.0, 0.0, 0.0, 0.0, 0.0, 0.0, 0.0, 0.0, 0.0, 0.0, 0.0, 0.0, 0.0]"
FEDXDF16,F,NR,4.0,SUC,52,0.0,1.0,0,0.0,52,2.280090618986139,"[0.0, 0.0, 0.0, 0.0, 0.0, 0.0, 0.0, 0.0, 0.0, 0.0, 0.0, 0.0, 0.0, 0.0, 0.0, 0.0, 0.0, 0.0, 0.0, 0.0, 0.0, 0.0, 0.0, 0.0]"
FEDXDF17,F,NR,4.0,SUC,59,0.0,1.0535714285714286,0,0.0,56,2.4894113579393204,"[0.0, 0.0, 0.0, 0.0, 0.0, 0.0, 0.0, 0.0, 0.0, 0.0, 0.0, 0.0, 0.0, 0.0, 0.0, 0.0, 0.0, 0.0, 0.0, 0.0, 0.0, 0.0, 0.0, 0.0]"
FEDXDF18,F,NR,4.0,SUC,60,0.0,1.0,0,0.0,60,2.6561731431382194,"[0.0, 0.0, 0.0, 0.0, 0.0, 0.0, 0.0, 0.0, 0.0, 0.0, 0.0, 0.0, 0.0, 0.0, 0.0, 0.0, 0.0, 0.0, 0.0, 0.0, 0.0, 0.0, 0.0, 0.0]"
FEDXDF19,F,NR,4.0,SUC,55,0.0,1.1224489795918366,0,0.0,49,2.214856109688112,"[0.0, 0.0, 0.0, 0.0, 0.0, 0.0, 0.0, 0.0, 0.0, 0.0, 0.0, 0.0, 0.0, 0.0, 0.0, 0.0, 0.0, 0.0, 0.0, 0.0, 0.0, 0.0, 0.0, 0.0]"
FEDXDF20,F,NR,4.0,SUC,51,0.0,1.02,0,0.0,50,2.2903968748807086,"[0.0, 0.0, 0.0, 0.0, 0.0, 0.0, 0.0, 0.0, 0.0, 0.0, 0.0, 0.0, 0.0, 0.0, 0.0, 0.0, 0.0, 0.0, 0.0, 0.0, 0.0, 0.0, 0.0, 0.0]"
FEDXDM1,M,PR,0.0,MIX,263,6.125,1.9107142857142858,8,0.36113305495993686,112,5.055862769439116,"[0.0, 0.0, 0.0, 0.0, 2.0, 0.0, 0.0, 1.0, 1.0, 0.0, 0.0, 1.0, 0.0, 0.0, 0.0, 0.0, 1.0, 1.0, 0.0, 1.0, 0.0, 0.0, 0.0, 0.0]"
FEDXDM1,M,PR,0.0,MIX,329,8.5,1.5564516129032258,16,0.33987915407854985,124,2.6340634441087616,"[0.0, 0.0, 0.0, 0.0, 0.0, 1.0, 0.0, 0.0, 0.0, 0.0, 0.0, 0.0, 0.0, 1.0, 3.0, 2.0, 1.0, 1.0, 1.0, 2.0, 1.0, 0.0, 0.0, 3.0]"
FEDXDM2,M,PR,0.0,MIX,296,8.56,2.7333333333333334,25,1.2103606874848707,30,1.4524328249818448,"[2.0, 0.0, 2.0, 0.0, 0.0, 0.0, 3.0, 0.0, 1.0, 0.0, 1.0, 1.0, 1.0, 1.0, 1.0, 2.0, 2.0, 2.0, 1.0, 1.0, 1.0, 2.0, 0.0, 1.0]"
FEDXDM2,M,PR,0.0,MIX,273,10.736842105263158,1.6428571428571428,19,0.4112504659636127,42,0.9090799773932492,"[1.0, 1.0, 1.0, 0.0, 1.0, 0.0, 0.0, 0.0, 0.0, 0.0, 0.0, 0.0, 0.0, 0.0, 3.0, 1.0, 0.0, 1.0, 5.0, 0.0, 1.0, 1.0, 1.0, 2.0]"
FEDXDM3,M,PR,0.0,MIX,312,6.0,1.9805825242718447,18,1.2659217003985308,103,7.243885285613816,"[0.0, 0.0, 2.0, 0.0, 0.0, 0.0, 0.0, 0.0, 0.0, 0.0, 0.0, 0.0, 2.0, 2.0, 1.0, 2.0, 1.0, 3.0, 2.0, 1.0, 0.0, 1.0, 0.0, 1.0]"
FEDXDM3,M,PR,0.0,MIX,408,7.2105263157894735,1.7712418300653594,19,0.40276755483586046,153,3.243338731046666,"[0.0, 0.0, 0.0, 0.0, 0.0, 0.0, 1.0, 0.0, 1.0, 0.0, 1.0, 0.0, 0.0, 0.0, 1.0, 0.0, 3.0, 2.0, 3.0, 2.0, 2.0, 0.0, 1.0, 2.0]"
FEDXDM4,M,PR,0.0,MIX,235,6.25,2.1,4,0.1814470401451576,100,4.53617600362894,"[0.0, 0.0, 1.0, 0.0, 0.0, 0.0, 0.0, 0.0, 0.0, 1.0, 0.0, 0.0, 0.0, 0.0, 1.0, 0.0, 1.0, 0.0, 0.0, 0.0, 0.0, 0.0, 0.0, 0.0]"
FEDXDM4,M,PR,0.0,MIX,318,7.633333333333334,1.7115384615384615,30,0.6685609226140732,52,1.1588389325310602,"[2.0, 1.0, 1.0, 0.0, 0.0, 0.0, 0.0, 0.0, 0.0, 0.0, 1.0, 0.0, 0.0, 3.0, 3.0, 3.0, 3.0, 2.0, 4.0, 0.0, 1.0, 3.0, 0.0, 3.0]"
FEDXDM5,M,PR,0.0,MIX,101,6.666666666666667,2.1578947368421053,9,1.6735537190082643,19,3.5330578512396693,"[3.0, 0.0, 3.0, 0.0, 0.0, 0.0, 0.0, 0.0, 0.0, 0.0, 0.0, 0.0, 0.0, 0.0, 0.0, 0.0, 0.0, 0.0, 0.0, 0.0, 0.0, 0.0, 3.0, 0.0]"
FEDXDM5,M,PR,0.0,MIX,232,6.647058823529412,2.2037037037037037,17,0.736905478627333,54,2.3407585791691754,"[0.0, 0.0, 1.0, 0.0, 0.0, 2.0, 0.0, 0.0, 2.0, 0.0, 1.0, 1.0, 1.0, 0.0, 2.0, 1.0, 1.0, 2.0, 1.0, 1.0, 0.0, 0.0, 0.0, 1.0]"
FEDXDM5,M,PR,0.0,MIX,139,6.875,1.68,8,0.35521349811292824,50,2.220084363205802,"[1.0, 0.0, 0.0, 0.0, 0.0, 0.0, 0.0, 0.0, 0.0, 0.0, 0.0, 0.0, 0.0, 1.0, 0.0, 1.0, 0.0, 0.0, 2.0, 1.0, 0.0, 0.0, 0.0, 2.0]"
FEDXDM6,M,PR,0.0,MIX,248,6.909090909090909,2.2325581395348837,22,1.0658484395817351,43,2.083249222818846,"[0.0, 0.0, 0.0, 0.0, 0.0, 0.0, 0.0, 0.0, 0.0, 0.0, 0.0, 3.0, 0.0, 3.0, 1.0, 3.0, 0.0, 2.0, 2.0, 1.0, 1.0, 1.0, 2.0, 3.0]"
FEDXDM6,M,PR,0.0,MIX,355,7.48,1.9764705882352942,25,0.5553121779960635,85,1.8880614051866158,"[3.0, 0.0, 1.0, 0.0, 1.0, 0.0, 0.0, 0.0, 0.0, 0.0, 0.0, 0.0, 0.0, 2.0, 1.0, 2.0, 5.0, 2.0, 2.0, 0.0, 2.0, 1.0, 2.0, 1.0]"
FEDXDM7,M,PR,0.0,MIX,149,6.3,1.9545454545454546,10,0.9731833910034602,44,4.282006920415225,"[2.0, 0.0, 0.0, 0.0, 0.0, 0.0, 0.0, 0.0, 0.0, 0.0, 0.0, 0.0, 0.0, 0.0, 0.0, 0.0, 4.0, 0.0, 0.0, 1.0, 0.0, 0.0, 2.0, 1.0]"
FEDXDM7,M,PR,0.0,MIX,218,6.833333333333333,2.107142857142857,6,0.26683137739345275,84,3.7356392835083385,"[0.0, 1.0, 0.0, 0.0, 0.0, 0.0, 0.0, 0.0, 0.0, 1.0, 0.0, 0.0, 1.0, 0.0, 0.0, 0.0, 1.0, 0.0, 0.0, 0.0, 1.0, 1.0, 0.0, 0.0]"
FEDXDM7,M,PR,0.0,MIX,162,7.2727272727272725,1.9069767441860466,11,0.4729374671571204,43,1.8487555534323796,"[1.0, 0.0, 0.0, 0.0, 0.0, 0.0, 0.0, 0.0, 0.0, 0.0, 0.0, 0.0, 0.0, 0.0, 1.0, 0.0, 1.0, 2.0, 2.0, 0.0, 0.0, 1.0, 1.0, 2.0]"
FEDXDM8,M,PR,0.0,MIX,260,6.944444444444445,1.9285714285714286,18,0.817088240486218,70,3.1775653796686254,"[0.0, 1.0, 1.0, 0.0, 0.0, 2.0, 0.0, 1.0, 0.0, 2.0, 0.0, 1.0, 1.0, 0.0, 0.0, 2.0, 2.0, 2.0, 0.0, 1.0, 0.0, 0.0, 1.0, 1.0]"
FEDXDM8,M,PR,0.0,MIX,298,8.0,1.8058252427184467,14,0.2983855211978047,103,2.195264905955278,"[0.0, 1.0, 1.0, 0.0, 0.0, 1.0, 0.0, 0.0, 0.0, 0.0, 1.0, 0.0, 0.0, 1.0, 0.0, 1.0, 2.0, 2.0, 1.0, 0.0, 2.0, 1.0, 0.0, 0.0]"
FEDXDM9,M,PR,0.0,MIX,317,6.117647058823529,1.9363636363636363,17,0.7510400431970744,110,4.859670867745776,"[1.0, 0.0, 0.0, 0.0, 1.0, 1.0, 0.0, 0.0, 1.0, 2.0, 0.0, 1.0, 0.0, 0.0, 1.0, 0.0, 0.0, 1.0, 2.0, 0.0, 3.0, 1.0, 2.0, 0.0]"
FEDXDM9,M,PR,0.0,MIX,303,8.9,1.5,30,0.6601588048680599,24,0.528127043894448,"[0.0, 2.0, 2.0, 0.0, 0.0, 0.0, 1.0, 0.0, 0.0, 0.0, 1.0, 1.0, 1.0, 1.0, 1.0, 2.0, 2.0, 3.0, 3.0, 3.0, 3.0, 0.0, 1.0, 3.0]"
FEDXDM10,M,PR,0.0,MIX,250,6.0,2.242424242424242,17,1.0446181681630422,66,4.055576417574164,"[2.0, 0.0, 0.0, 1.0, 0.0, 0.0, 0.0, 0.0, 0.0, 0.0, 0.0, 0.0, 1.0, 0.0, 0.0, 1.0, 3.0, 2.0, 2.0, 2.0, 1.0, 0.0, 0.0, 2.0]"
FEDXDM10,M,PR,0.0,MIX,315,6.961538461538462,2.0,26,0.5541051734242635,67,1.427886408439448,"[2.0, 1.0, 1.0, 0.0, 0.0, 0.0, 0.0, 0.0, 0.0, 0.0, 0.0, 0.0, 0.0, 2.0, 2.0, 2.0, 1.0, 3.0, 3.0, 1.0, 2.0, 2.0, 1.0, 3.0]"
FEDXDM1,M,PR,1.0,CAS20,132,5.75,1.7301587301587302,4,0.18072062348615103,63,2.8463498199068784,"[0.0, 1.0, 0.0, 0.0, 0.0, 0.0, 0.0, 1.0, 0.0, 1.0, 0.0, 0.0, 0.0, 0.0, 0.0, 0.0, 0.0, 0.0, 0.0, 0.0, 0.0, 0.0, 1.0, 0.0]"
FEDXDM2,M,PR,1.0,CAS20,154,6.4,1.7647058823529411,10,0.44865962935729503,51,2.2881641097222047,"[0.0, 1.0, 0.0, 0.0, 0.0, 0.0, 1.0, 0.0, 0.0, 0.0, 0.0, 1.0, 1.0, 0.0, 0.0, 0.0, 1.0, 0.0, 1.0, 1.0, 0.0, 0.0, 1.0, 2.0]"
FEDXDM3,M,PR,1.0,CAS20,182,6.0,1.5643564356435644,4,0.17656363034442168,101,4.458231666196648,"[0.0, 0.0, 0.0, 0.0, 1.0, 0.0, 0.0, 0.0, 0.0, 0.0, 0.0, 0.0, 1.0, 0.0, 0.0, 1.0, 0.0, 0.0, 1.0, 0.0, 0.0, 0.0, 0.0, 0.0]"
FEDXDM4,M,PR,1.0,CAS20,142,6.5,1.4871794871794872,4,0.17738577710984368,78,3.4590226536419517,"[0.0, 0.0, 0.0, 0.0, 0.0, 0.0, 1.0, 0.0, 0.0, 0.0, 1.0, 0.0, 1.0, 0.0, 0.0, 0.0, 0.0, 0.0, 0.0, 0.0, 0.0, 1.0, 0.0, 0.0]"
FEDXDM5,M,PR,1.0,CAS20,100,6.0,1.75,5,0.2204558537152935,40,1.763646829722348,"[0.0, 0.0, 0.0, 0.0, 0.0, 0.0, 0.0, 0.0, 0.0, 0.0, 0.0, 0.0, 0.0, 1.0, 1.0, 1.0, 0.0, 0.0, 0.0, 1.0, 1.0, 0.0, 0.0, 0.0]"
FEDXDM6,M,PR,1.0,CAS20,121,6.0,1.796875,1,0.04527618472683369,64,2.897675822517356,"[0.0, 0.0, 0.0, 0.0, 0.0, 0.0, 0.0, 0.0, 0.0, 0.0, 1.0, 0.0, 0.0, 0.0, 0.0, 0.0, 0.0, 0.0, 0.0, 0.0, 0.0, 0.0, 0.0, 0.0]"
FEDXDM7,M,PR,1.0,CAS20,123,5.5,1.5774647887323943,2,0.08916960802526472,71,3.1655210848968975,"[0.0, 0.0, 0.0, 0.0, 0.0, 0.0, 0.0, 0.0, 1.0, 0.0, 0.0, 0.0, 0.0, 0.0, 1.0, 0.0, 0.0, 0.0, 0.0, 0.0, 0.0, 0.0, 0.0, 0.0]"
FEDXDM8,M,PR,1.0,CAS20,153,8.5,1.619047619047619,2,0.08927685745461761,84,3.7496280130939392,"[0.0, 0.0, 0.0, 0.0, 0.0, 0.0, 0.0, 0.0, 0.0, 0.0, 0.0, 0.0, 0.0, 0.0, 0.0, 0.0, 1.0, 0.0, 0.0, 1.0, 0.0, 0.0, 0.0, 0.0]"
FEDXDM9,M,PR,1.0,CAS20,160,6.333333333333333,2.1,12,0.5386332182087952,40,1.7954440606959838,"[1.0, 0.0, 0.0, 0.0, 0.0, 0.0, 1.0, 0.0, 0.0, 0.0, 0.0, 0.0, 1.0, 1.0, 2.0, 1.0, 0.0, 0.0, 2.0, 1.0, 0.0, 1.0, 0.0, 1.0]"
FEDXDM10,M,PR,1.0,CAS20,85,5.0,1.7777777777777777,1,0.04514333007298171,45,2.0314498532841774,"[0.0, 0.0, 0.0, 0.0, 0.0, 0.0, 0.0, 0.0, 0.0, 0.0, 0.0, 0.0, 0.0, 0.0, 0.0, 1.0, 0.0, 0.0, 0.0, 0.0, 0.0, 0.0, 0.0, 0.0]"
FEDXDM1,M,PR,1.0,CAS5,86,0.0,1.4827586206896552,0,0.0,58,2.577586845418858,"[0.0, 0.0, 0.0, 0.0, 0.0, 0.0, 0.0, 0.0, 0.0, 0.0, 0.0, 0.0, 0.0, 0.0, 0.0, 0.0, 0.0, 0.0, 0.0, 0.0, 0.0, 0.0, 0.0, 0.0]"
FEDXDM2,M,PR,1.0,CAS5,43,0.0,1.72,0,0.0,25,1.224506455870148,"[0.0, 0.0, 0.0, 0.0, 0.0, 0.0, 0.0, 0.0, 0.0, 0.0, 0.0, 0.0, 0.0, 0.0, 0.0, 0.0, 0.0, 0.0, 0.0, 0.0, 0.0, 0.0, 0.0, 0.0]"
FEDXDM3,M,PR,1.0,CAS5,40,0.0,1.1764705882352942,0,0.0,34,1.580354030290119,"[0.0, 0.0, 0.0, 0.0, 0.0, 0.0, 0.0, 0.0, 0.0, 0.0, 0.0, 0.0, 0.0, 0.0, 0.0, 0.0, 0.0, 0.0, 0.0, 0.0, 0.0, 0.0, 0.0, 0.0]"
FEDXDM4,M,PR,1.0,CAS5,51,0.0,1.457142857142857,0,0.0,35,1.5986601705237515,"[0.0, 0.0, 0.0, 0.0, 0.0, 0.0, 0.0, 0.0, 0.0, 0.0, 0.0, 0.0, 0.0, 0.0, 0.0, 0.0, 0.0, 0.0, 0.0, 0.0, 0.0, 0.0, 0.0, 0.0]"
FEDXDM5,M,PR,1.0,CAS5,114,5.333333333333333,1.9215686274509804,3,0.13278253172027146,51,2.257303039244615,"[0.0, 0.0, 0.0, 0.0, 0.0, 0.0, 0.0, 0.0, 1.0, 0.0, 0.0, 0.0, 0.0, 0.0, 1.0, 0.0, 0.0, 0.0, 0.0, 0.0, 1.0, 0.0, 0.0, 0.0]"
FEDXDM6,M,PR,1.0,CAS5,109,8.0,1.55,2,0.08974982237014323,60,2.6924946711042965,"[0.0, 0.0, 0.0, 0.0, 0.0, 0.0, 0.0, 0.0, 0.0, 0.0, 0.0, 0.0, 0.0, 0.0, 0.0, 0.0, 1.0, 0.0, 0.0, 0.0, 1.0, 0.0, 0.0, 0.0]"
FEDXDM7,M,PR,1.0,CAS5,75,0.0,1.4423076923076923,0,0.0,52,2.3277502144962137,"[0.0, 0.0, 0.0, 0.0, 0.0, 0.0, 0.0, 0.0, 0.0, 0.0, 0.0, 0.0, 0.0, 0.0, 0.0, 0.0, 0.0, 0.0, 0.0, 0.0, 0.0, 0.0, 0.0, 0.0]"
FEDXDM8,M,PR,1.0,CAS5,48,5.0,1.2258064516129032,2,0.08984277514349888,31,1.3925630147242327,"[0.0, 0.0, 0.0, 0.0, 0.0, 0.0, 0.0, 1.0, 0.0, 0.0, 1.0, 0.0, 0.0, 0.0, 0.0, 0.0, 0.0, 0.0, 0.0, 0.0, 0.0, 0.0, 0.0, 0.0]"
FEDXDM9,M,PR,1.0,CAS5,70,6.0,1.4444444444444444,3,0.13412816691505217,36,1.6095380029806259,"[0.0, 0.0, 0.0, 0.0, 0.0, 0.0, 0.0, 0.0, 1.0, 0.0, 1.0, 0.0, 0.0, 0.0, 0.0, 1.0, 0.0, 0.0, 0.0, 0.0, 0.0, 0.0, 0.0, 0.0]"
FEDXDM10,M,PR,1.0,CAS5,91,6.0,1.8085106382978724,1,0.04506590889175419,47,2.118097717912447,"[0.0, 0.0, 0.0, 0.0, 0.0, 0.0, 0.0, 0.0, 0.0, 0.0, 0.0, 0.0, 0.0, 0.0, 0.0, 0.0, 0.0, 1.0, 0.0, 0.0, 0.0, 0.0, 0.0, 0.0]"
FEDXDM1,M,PR,2.0,CAS20,135,6.0,1.5357142857142858,1,0.04523294969090817,84,3.7995677740362863,"[0.0, 0.0, 0.0, 0.0, 0.0, 0.0, 0.0, 0.0, 0.0, 0.0, 0.0, 0.0, 1.0, 0.0, 0.0, 0.0, 0.0, 0.0, 0.0, 0.0, 0.0, 0.0, 0.0, 0.0]"
FEDXDM2,M,PR,2.0,CAS20,174,7.833333333333333,1.509433962264151,12,0.5204004192114489,53,2.2984351848505655,"[1.0, 0.0, 1.0, 0.0, 0.0, 0.0, 0.0, 0.0, 0.0, 0.0, 0.0, 0.0, 1.0, 1.0, 0.0, 0.0, 2.0, 0.0, 2.0, 1.0, 1.0, 1.0, 1.0, 0.0]"
FEDXDM3,M,PR,2.0,CAS20,178,5.75,1.5196078431372548,4,0.17891977187729086,102,4.562454182870916,"[0.0, 0.0, 0.0, 0.0, 0.0, 1.0, 0.0, 0.0, 0.0, 0.0, 1.0, 0.0, 0.0, 0.0, 0.0, 0.0, 1.0, 0.0, 1.0, 0.0, 0.0, 0.0, 0.0, 0.0]"
FEDXDM4,M,PR,2.0,CAS20,173,5.555555555555555,1.5375,9,0.3928796624145123,80,3.492263665906776,"[1.0, 0.0, 0.0, 0.0, 0.0, 0.0, 1.0, 0.0, 1.0, 2.0, 0.0, 0.0, 0.0, 0.0, 0.0, 1.0, 0.0, 2.0, 0.0, 0.0, 1.0, 0.0, 0.0, 0.0]"
FEDXDM5,M,PR,2.0,CAS20,184,8.416666666666666,2.075,12,0.5287184696537629,40,1.7623948988458762,"[0.0, 0.0, 0.0, 0.0, 0.0, 0.0, 1.0, 0.0, 1.0, 0.0, 1.0, 0.0, 2.0, 0.0, 1.0, 1.0, 0.0, 1.0, 0.0, 1.0, 1.0, 0.0, 1.0, 1.0]"
FEDXDM6,M,PR,2.0,CAS20,164,5.0,1.5142857142857142,1,0.043320778329983996,105,4.548681724648319,"[0.0, 0.0, 0.0, 0.0, 0.0, 0.0, 0.0, 0.0, 0.0, 0.0, 0.0, 0.0, 0.0, 0.0, 0.0, 0.0, 0.0, 0.0, 0.0, 0.0, 0.0, 1.0, 0.0, 0.0]"
FEDXDM7,M,PR,2.0,CAS20,181,5.0,1.4308943089430894,1,0.043517679057116954,123,5.352674524025385,"[0.0, 0.0, 0.0, 0.0, 0.0, 0.0, 0.0, 0.0, 1.0, 0.0, 0.0, 0.0, 0.0, 0.0, 0.0, 0.0, 0.0, 0.0, 0.0, 0.0, 0.0, 0.0, 0.0, 0.0]"
FEDXDM8,M,PR,2.0,CAS20,193,10.0,1.5446428571428572,2,0.08742426266134026,112,4.8957587090350545,"[0.0, 0.0, 0.0, 0.0, 0.0, 0.0, 0.0, 0.0, 0.0, 0.0, 0.0, 0.0, 0.0, 0.0, 0.0, 0.0, 0.0, 0.0, 1.0, 0.0, 0.0, 1.0, 0.0, 0.0]"
FEDXDM9,M,PR,2.0,CAS20,213,7.75,1.819277108433735,8,0.3491501588148292,83,3.622432897703853,"[0.0, 0.0, 0.0, 0.0, 1.0, 0.0, 0.0, 0.0, 0.0, 1.0, 0.0, 0.0, 1.0, 0.0, 1.0, 0.0, 0.0, 0.0, 1.0, 0.0, 1.0, 2.0, 0.0, 0.0]"
FEDXDM10,M,PR,2.0,CAS20,161,10.25,1.7391304347826086,4,0.17919362867098057,69,3.091090094574415,"[0.0, 0.0, 0.0, 0.0, 0.0, 0.0, 0.0, 1.0, 0.0, 0.0, 0.0, 0.0, 0.0, 0.0, 0.0, 0.0, 1.0, 0.0, 1.0, 0.0, 0.0, 0.0, 1.0, 0.0]"
FEDXDM1,M,PR,2.0,SUC,62,0.0,1.1481481481481481,0,0.0,54,2.474321279926687,"[0.0, 0.0, 0.0, 0.0, 0.0, 0.0, 0.0, 0.0, 0.0, 0.0, 0.0, 0.0, 0.0, 0.0, 0.0, 0.0, 0.0, 0.0, 0.0, 0.0, 0.0, 0.0, 0.0, 0.0]"
FEDXDM2,M,PR,2.0,SUC,25,5.0,1.3333333333333333,1,0.04784561813880545,15,0.7176842720820819,"[0.0, 0.0, 0.0, 0.0, 0.0, 0.0, 0.0, 0.0, 0.0, 1.0, 0.0, 0.0, 0.0, 0.0, 0.0, 0.0, 0.0, 0.0, 0.0, 0.0, 0.0, 0.0, 0.0, 0.0]"
FEDXDM3,M,PR,2.0,SUC,39,0.0,1.0833333333333333,0,0.0,36,1.5610132132059793,"[0.0, 0.0, 0.0, 0.0, 0.0, 0.0, 0.0, 0.0, 0.0, 0.0, 0.0, 0.0, 0.0, 0.0, 0.0, 0.0, 0.0, 0.0, 0.0, 0.0, 0.0, 0.0, 0.0, 0.0]"
FEDXDM4,M,PR,2.0,SUC,48,0.0,1.2972972972972974,0,0.0,37,1.6934714894158032,"[0.0, 0.0, 0.0, 0.0, 0.0, 0.0, 0.0, 0.0, 0.0, 0.0, 0.0, 0.0, 0.0, 0.0, 0.0, 0.0, 0.0, 0.0, 0.0, 0.0, 0.0, 0.0, 0.0, 0.0]"
FEDXDM5,M,PR,2.0,SUC,49,0.0,1.6896551724137931,0,0.0,29,1.2604433283430723,"[0.0, 0.0, 0.0, 0.0, 0.0, 0.0, 0.0, 0.0, 0.0, 0.0, 0.0, 0.0, 0.0, 0.0, 0.0, 0.0, 0.0, 0.0, 0.0, 0.0, 0.0, 0.0, 0.0, 0.0]"
FEDXDM6,M,PR,2.0,SUC,54,0.0,1.2857142857142858,0,0.0,42,2.063853892248263,"[0.0, 0.0, 0.0, 0.0, 0.0, 0.0, 0.0, 0.0, 0.0, 0.0, 0.0, 0.0, 0.0, 0.0, 0.0, 0.0, 0.0, 0.0, 0.0, 0.0, 0.0, 0.0, 0.0, 0.0]"
FEDXDM7,M,PR,2.0,SUC,48,0.0,1.0666666666666667,0,0.0,45,1.9751761808383526,"[0.0, 0.0, 0.0, 0.0, 0.0, 0.0, 0.0, 0.0, 0.0, 0.0, 0.0, 0.0, 0.0, 0.0, 0.0, 0.0, 0.0, 0.0, 0.0, 0.0, 0.0, 0.0, 0.0, 0.0]"
FEDXDM8,M,PR,2.0,SUC,47,0.0,1.236842105263158,0,0.0,38,1.6585838991270612,"[0.0, 0.0, 0.0, 0.0, 0.0, 0.0, 0.0, 0.0, 0.0, 0.0, 0.0, 0.0, 0.0, 0.0, 0.0, 0.0, 0.0, 0.0, 0.0, 0.0, 0.0, 0.0, 0.0, 0.0]"
FEDXDM9,M,PR,2.0,SUC,13,0.0,1.3,0,0.0,10,0.5612722170252571,"[0.0, 0.0, 0.0, 0.0, 0.0, 0.0, 0.0, 0.0, 0.0, 0.0, 0.0, 0.0, 0.0, 0.0, 0.0, 0.0, 0.0, 0.0, 0.0, 0.0, 0.0, 0.0, 0.0, 0.0]"
FEDXDM10,M,PR,2.0,SUC,55,0.0,1.4473684210526316,0,0.0,38,1.704184470494438,"[0.0, 0.0, 0.0, 0.0, 0.0, 0.0, 0.0, 0.0, 0.0, 0.0, 0.0, 0.0, 0.0, 0.0, 0.0, 0.0, 0.0, 0.0, 0.0, 0.0, 0.0, 0.0, 0.0, 0.0]"
FEDXDM1,M,PR,3.0,CAS5,167,5.666666666666667,1.75,6,0.26605244682030377,76,3.3699976597238472,"[0.0, 0.0, 1.0, 0.0, 0.0, 1.0, 0.0, 0.0, 1.0, 0.0, 0.0, 0.0, 1.0, 0.0, 0.0, 0.0, 1.0, 1.0, 0.0, 0.0, 0.0, 0.0, 0.0, 0.0]"
FEDXDM2,M,PR,3.0,CAS5,196,7.4,1.5288461538461537,5,0.2200838764106765,104,4.577744629342071,"[0.0, 1.0, 0.0, 0.0, 0.0, 0.0, 0.0, 0.0, 0.0, 0.0, 0.0, 0.0, 0.0, 0.0, 0.0, 0.0, 0.0, 1.0, 0.0, 0.0, 1.0, 1.0, 0.0, 1.0]"
FEDXDM3,M,PR,3.0,CAS5,218,5.5,1.5220588235294117,2,0.08767763854893508,136,5.962079421327585,"[0.0, 0.0, 0.0, 0.0, 0.0, 0.0, 0.0, 0.0, 0.0, 0.0, 0.0, 1.0, 1.0, 0.0, 0.0, 0.0, 0.0, 0.0, 0.0, 0.0, 0.0, 0.0, 0.0, 0.0]"
FEDXDM4,M,PR,3.0,CAS5,193,6.142857142857143,1.6129032258064515,7,0.3051845034091047,93,4.0545941167209625,"[0.0, 0.0, 0.0, 0.0, 0.0, 1.0, 0.0, 0.0, 0.0, 1.0, 0.0, 0.0, 0.0, 0.0, 0.0, 0.0, 1.0, 1.0, 0.0, 0.0, 1.0, 1.0, 1.0, 0.0]"
FEDXDM5,M,PR,3.0,CAS5,175,6.833333333333333,2.1136363636363638,12,0.5257969109431483,44,1.9279220067915437,"[0.0, 0.0, 1.0, 0.0, 0.0, 0.0, 1.0, 0.0, 0.0, 1.0, 0.0, 1.0, 1.0, 1.0, 2.0, 1.0, 0.0, 0.0, 1.0, 1.0, 1.0, 0.0, 0.0, 0.0]"
FEDXDM6,M,PR,3.0,CAS5,190,5.0,1.487603305785124,2,0.08645740771872523,121,5.230673166982877,"[0.0, 0.0, 0.0, 0.0, 0.0, 0.0, 0.0, 0.0, 0.0, 0.0, 1.0, 0.0, 0.0, 0.0, 0.0, 0.0, 0.0, 0.0, 0.0, 0.0, 0.0, 0.0, 1.0, 0.0]"
FEDXDM7,M,PR,3.0,CAS5,151,0.0,1.3017241379310345,0,0.0,116,5.037090645920029,"[0.0, 0.0, 0.0, 0.0, 0.0, 0.0, 0.0, 0.0, 0.0, 0.0, 0.0, 0.0, 0.0, 0.0, 0.0, 0.0, 0.0, 0.0, 0.0, 0.0, 0.0, 0.0, 0.0, 0.0]"
FEDXDM8,M,PR,3.0,CAS5,199,5.777777777777778,1.5154639175257731,9,0.3858153325871061,97,4.1582319178832545,"[0.0, 0.0, 0.0, 0.0, 0.0, 0.0, 0.0, 0.0, 1.0, 2.0, 1.0, 1.0, 0.0, 0.0, 0.0, 0.0, 1.0, 1.0, 0.0, 0.0, 1.0, 1.0, 0.0, 0.0]"
FEDXDM9,M,PR,3.0,CAS5,208,6.666666666666667,1.5272727272727273,6,0.2589089862993995,110,4.746664748822324,"[0.0, 0.0, 0.0, 0.0, 0.0, 0.0, 0.0, 1.0, 1.0, 0.0, 0.0, 1.0, 1.0, 0.0, 0.0, 0.0, 0.0, 0.0, 0.0, 1.0, 0.0, 0.0, 1.0, 0.0]"
FEDXDM10,M,PR,3.0,CAS5,165,5.4,1.6428571428571428,5,0.21455902161086146,84,3.6045915630624727,"[0.0, 0.0, 0.0, 0.0, 0.0, 0.0, 0.0, 1.0, 0.0, 0.0, 0.0, 1.0, 1.0, 0.0, 0.0, 0.0, 0.0, 0.0, 0.0, 0.0, 0.0, 1.0, 1.0, 0.0]"
FEDXDM1,M,PR,3.0,SUC,35,0.0,1.0294117647058822,0,0.0,34,1.4981456775314868,"[0.0, 0.0, 0.0, 0.0, 0.0, 0.0, 0.0, 0.0, 0.0, 0.0, 0.0, 0.0, 0.0, 0.0, 0.0, 0.0, 0.0, 0.0, 0.0, 0.0, 0.0, 0.0, 0.0, 0.0]"
FEDXDM2,M,PR,3.0,SUC,2,0.0,1.0,0,0.0,2,0.15445671993993348,"[0.0, 0.0, 0.0, 0.0, 0.0, 0.0, 0.0, 0.0, 0.0, 0.0, 0.0, 0.0, 0.0, 0.0, 0.0, 0.0, 0.0, 0.0, 0.0, 0.0, 0.0, 0.0, 0.0, 0.0]"
FEDXDM3,M,PR,3.0,SUC,21,0.0,1.1666666666666667,0,0.0,18,0.8775612464619927,"[0.0, 0.0, 0.0, 0.0, 0.0, 0.0, 0.0, 0.0, 0.0, 0.0, 0.0, 0.0, 0.0, 0.0, 0.0, 0.0, 0.0, 0.0, 0.0, 0.0, 0.0, 0.0, 0.0, 0.0]"
FEDXDM4,M,PR,3.0,SUC,26,0.0,1.1304347826086956,0,0.0,23,1.041273673885158,"[0.0, 0.0, 0.0, 0.0, 0.0, 0.0, 0.0, 0.0, 0.0, 0.0, 0.0, 0.0, 0.0, 0.0, 0.0, 0.0, 0.0, 0.0, 0.0, 0.0, 0.0, 0.0, 0.0, 0.0]"
FEDXDM5,M,PR,3.0,SUC,21,0.0,1.3125,0,0.0,16,0.7605868138543002,"[0.0, 0.0, 0.0, 0.0, 0.0, 0.0, 0.0, 0.0, 0.0, 0.0, 0.0, 0.0, 0.0, 0.0, 0.0, 0.0, 0.0, 0.0, 0.0, 0.0, 0.0, 0.0, 0.0, 0.0]"
FEDXDM6,M,PR,3.0,SUC,30,0.0,1.0714285714285714,0,0.0,28,1.2601102596477192,"[0.0, 0.0, 0.0, 0.0, 0.0, 0.0, 0.0, 0.0, 0.0, 0.0, 0.0, 0.0, 0.0, 0.0, 0.0, 0.0, 0.0, 0.0, 0.0, 0.0, 0.0, 0.0, 0.0, 0.0]"
FEDXDM7,M,PR,3.0,SUC,22,0.0,1.0476190476190477,0,0.0,21,0.9006218579495365,"[0.0, 0.0, 0.0, 0.0, 0.0, 0.0, 0.0, 0.0, 0.0, 0.0, 0.0, 0.0, 0.0, 0.0, 0.0, 0.0, 0.0, 0.0, 0.0, 0.0, 0.0, 0.0, 0.0, 0.0]"
FEDXDM8,M,PR,3.0,SUC,14,0.0,1.0769230769230769,0,0.0,13,0.7084254185462142,"[0.0, 0.0, 0.0, 0.0, 0.0, 0.0, 0.0, 0.0, 0.0, 0.0, 0.0, 0.0, 0.0, 0.0, 0.0, 0.0, 0.0, 0.0, 0.0, 0.0, 0.0, 0.0, 0.0, 0.0]"
FEDXDM9,M,PR,3.0,SUC,12,0.0,1.0,0,0.0,12,0.5166413528349499,"[0.0, 0.0, 0.0, 0.0, 0.0, 0.0, 0.0, 0.0, 0.0, 0.0, 0.0, 0.0, 0.0, 0.0, 0.0, 0.0, 0.0, 0.0, 0.0, 0.0, 0.0, 0.0, 0.0, 0.0]"
FEDXDM10,M,PR,3.0,SUC,32,0.0,1.032258064516129,0,0.0,31,1.3854232617034747,"[0.0, 0.0, 0.0, 0.0, 0.0, 0.0, 0.0, 0.0, 0.0, 0.0, 0.0, 0.0, 0.0, 0.0, 0.0, 0.0, 0.0, 0.0, 0.0, 0.0, 0.0, 0.0, 0.0, 0.0]"
FEDXDM1,M,PR,4.0,CAS5,86,0.0,1.1944444444444444,0,0.0,72,3.467744093329409,"[0.0, 0.0, 0.0, 0.0, 0.0, 0.0, 0.0, 0.0, 0.0, 0.0, 0.0, 0.0, 0.0, 0.0, 0.0, 0.0, 0.0, 0.0, 0.0, 0.0, 0.0, 0.0, 0.0, 0.0]"
FEDXDM2,M,PR,4.0,CAS5,82,5.0,1.0588235294117647,2,0.09075897190253494,68,3.085805044686188,"[0.0, 0.0, 0.0, 0.0, 0.0, 0.0, 0.0, 0.0, 0.0, 1.0, 0.0, 0.0, 1.0, 0.0, 0.0, 0.0, 0.0, 0.0, 0.0, 0.0, 0.0, 0.0, 0.0, 0.0]"
FEDXDM3,M,PR,4.0,CAS5,103,0.0,1.1318681318681318,0,0.0,91,4.083718727016616,"[0.0, 0.0, 0.0, 0.0, 0.0, 0.0, 0.0, 0.0, 0.0, 0.0, 0.0, 0.0, 0.0, 0.0, 0.0, 0.0, 0.0, 0.0, 0.0, 0.0, 0.0, 0.0, 0.0, 0.0]"
FEDXDM4,M,PR,4.0,CAS5,96,5.0,1.1375,1,0.04476442720185026,80,3.581154176148021,"[0.0, 0.0, 0.0, 0.0, 0.0, 0.0, 0.0, 0.0, 0.0, 1.0, 0.0, 0.0, 0.0, 0.0, 0.0, 0.0, 0.0, 0.0, 0.0, 0.0, 0.0, 0.0, 0.0, 0.0]"
FEDXDM5,M,PR,4.0,CAS5,81,0.0,1.2461538461538462,0,0.0,65,2.917742116485243,"[0.0, 0.0, 0.0, 0.0, 0.0, 0.0, 0.0, 0.0, 0.0, 0.0, 0.0, 0.0, 0.0, 0.0, 0.0, 0.0, 0.0, 0.0, 0.0, 0.0, 0.0, 0.0, 0.0, 0.0]"
FEDXDM6,M,PR,4.0,CAS5,87,0.0,1.144736842105263,0,0.0,76,3.3651066970051042,"[0.0, 0.0, 0.0, 0.0, 0.0, 0.0, 0.0, 0.0, 0.0, 0.0, 0.0, 0.0, 0.0, 0.0, 0.0, 0.0, 0.0, 0.0, 0.0, 0.0, 0.0, 0.0, 0.0, 0.0]"
FEDXDM7,M,PR,4.0,CAS5,76,0.0,1.0410958904109588,0,0.0,73,3.237449953803511,"[0.0, 0.0, 0.0, 0.0, 0.0, 0.0, 0.0, 0.0, 0.0, 0.0, 0.0, 0.0, 0.0, 0.0, 0.0, 0.0, 0.0, 0.0, 0.0, 0.0, 0.0, 0.0, 0.0, 0.0]"
FEDXDM8,M,PR,4.0,CAS5,86,0.0,1.1025641025641026,0,0.0,78,3.662162867129219,"[0.0, 0.0, 0.0, 0.0, 0.0, 0.0, 0.0, 0.0, 0.0, 0.0, 0.0, 0.0, 0.0, 0.0, 0.0, 0.0, 0.0, 0.0, 0.0, 0.0, 0.0, 0.0, 0.0, 0.0]"
FEDXDM9,M,PR,4.0,CAS5,85,0.0,1.1971830985915493,0,0.0,71,3.14224948674133,"[0.0, 0.0, 0.0, 0.0, 0.0, 0.0, 0.0, 0.0, 0.0, 0.0, 0.0, 0.0, 0.0, 0.0, 0.0, 0.0, 0.0, 0.0, 0.0, 0.0, 0.0, 0.0, 0.0, 0.0]"
FEDXDM10,M,PR,4.0,CAS5,67,0.0,1.1166666666666667,0,0.0,60,2.679601533327544,"[0.0, 0.0, 0.0, 0.0, 0.0, 0.0, 0.0, 0.0, 0.0, 0.0, 0.0, 0.0, 0.0, 0.0, 0.0, 0.0, 0.0, 0.0, 0.0, 0.0, 0.0, 0.0, 0.0, 0.0]"
FEDXDM1,M,PR,4.0,SUC,66,0.0,1.0819672131147542,0,0.0,61,2.7385643737217538,"[0.0, 0.0, 0.0, 0.0, 0.0, 0.0, 0.0, 0.0, 0.0, 0.0, 0.0, 0.0, 0.0, 0.0, 0.0, 0.0, 0.0, 0.0, 0.0, 0.0, 0.0, 0.0, 0.0, 0.0]"
FEDXDM2,M,PR,4.0,SUC,53,0.0,1.0192307692307692,0,0.0,52,2.5191764230924507,"[0.0, 0.0, 0.0, 0.0, 0.0, 0.0, 0.0, 0.0, 0.0, 0.0, 0.0, 0.0, 0.0, 0.0, 0.0, 0.0, 0.0, 0.0, 0.0, 0.0, 0.0, 0.0, 0.0, 0.0]"
FEDXDM3,M,PR,4.0,SUC,55,0.0,1.0,0,0.0,55,2.4776634882498687,"[0.0, 0.0, 0.0, 0.0, 0.0, 0.0, 0.0, 0.0, 0.0, 0.0, 0.0, 0.0, 0.0, 0.0, 0.0, 0.0, 0.0, 0.0, 0.0, 0.0, 0.0, 0.0, 0.0, 0.0]"
FEDXDM4,M,PR,4.0,SUC,47,0.0,1.0681818181818181,0,0.0,44,1.9990660928606583,"[0.0, 0.0, 0.0, 0.0, 0.0, 0.0, 0.0, 0.0, 0.0, 0.0, 0.0, 0.0, 0.0, 0.0, 0.0, 0.0, 0.0, 0.0, 0.0, 0.0, 0.0, 0.0, 0.0, 0.0]"
FEDXDM5,M,PR,4.0,SUC,56,0.0,1.0566037735849056,0,0.0,53,2.404536862003781,"[0.0, 0.0, 0.0, 0.0, 0.0, 0.0, 0.0, 0.0, 0.0, 0.0, 0.0, 0.0, 0.0, 0.0, 0.0, 0.0, 0.0, 0.0, 0.0, 0.0, 0.0, 0.0, 0.0, 0.0]"
FEDXDM6,M,PR,4.0,SUC,61,0.0,1.0,0,0.0,61,2.735017187266477,"[0.0, 0.0, 0.0, 0.0, 0.0, 0.0, 0.0, 0.0, 0.0, 0.0, 0.0, 0.0, 0.0, 0.0, 0.0, 0.0, 0.0, 0.0, 0.0, 0.0, 0.0, 0.0, 0.0, 0.0]"
FEDXDM7,M,PR,4.0,SUC,39,0.0,1.0,0,0.0,39,1.7659044600407516,"[0.0, 0.0, 0.0, 0.0, 0.0, 0.0, 0.0, 0.0, 0.0, 0.0, 0.0, 0.0, 0.0, 0.0, 0.0, 0.0, 0.0, 0.0, 0.0, 0.0, 0.0, 0.0, 0.0, 0.0]"
FEDXDM8,M,PR,4.0,SUC,59,0.0,1.0172413793103448,0,0.0,58,2.7964909931025246,"[0.0, 0.0, 0.0, 0.0, 0.0, 0.0, 0.0, 0.0, 0.0, 0.0, 0.0, 0.0, 0.0, 0.0, 0.0, 0.0, 0.0, 0.0, 0.0, 0.0, 0.0, 0.0, 0.0, 0.0]"
FEDXDM9,M,PR,4.0,SUC,40,0.0,1.0,0,0.0,40,1.81335079522988,"[0.0, 0.0, 0.0, 0.0, 0.0, 0.0, 0.0, 0.0, 0.0, 0.0, 0.0, 0.0, 0.0, 0.0, 0.0, 0.0, 0.0, 0.0, 0.0, 0.0, 0.0, 0.0, 0.0, 0.0]"
FEDXDM10,M,PR,4.0,SUC,45,0.0,1.0465116279069768,0,0.0,43,1.9780472533510522,"[0.0, 0.0, 0.0, 0.0, 0.0, 0.0, 0.0, 0.0, 0.0, 0.0, 0.0, 0.0, 0.0, 0.0, 0.0, 0.0, 0.0, 0.0, 0.0, 0.0, 0.0, 0.0, 0.0, 0.0]"
FEDXDM11,M,NR,0.0,MIX,256,5.5,2.0272727272727273,6,0.27972027972027974,110,5.128205128205129,"[0.0, 0.0, 1.0, 0.0, 0.0, 2.0, 1.0, 0.0, 0.0, 0.0, 0.0, 1.0, 0.0, 0.0, 0.0, 0.0, 1.0, 0.0, 0.0, 0.0, 0.0, 0.0, 0.0, 0.0]"
FEDXDM11,M,NR,0.0,MIX,293,8.043478260869565,1.8305084745762712,23,0.4885042213136516,59,1.2531195242393671,"[2.0, 0.0, 1.0, 0.0, 0.0, 1.0, 0.0, 0.0, 1.0, 0.0, 0.0, 1.0, 0.0, 1.0, 0.0, 2.0, 3.0, 1.0, 5.0, 0.0, 1.0, 1.0, 2.0, 1.0]"
FEDXDM12,M,NR,0.0,MIX,257,5.833333333333333,1.9278350515463918,12,0.5391642953422197,97,4.358244720682942,"[1.0, 0.0, 1.0, 0.0, 0.0, 1.0, 0.0, 0.0, 2.0, 0.0, 0.0, 1.0, 0.0, 0.0, 1.0, 1.0, 1.0, 0.0, 0.0, 0.0, 1.0, 0.0, 1.0, 1.0]"
FEDXDM12,M,NR,0.0,MIX,303,6.333333333333333,1.9285714285714286,18,0.3830489037589629,98,2.08548847602102,"[2.0, 0.0, 1.0, 0.0, 0.0, 0.0, 1.0, 0.0, 0.0, 0.0, 1.0, 0.0, 0.0, 0.0, 3.0, 1.0, 1.0, 2.0, 1.0, 2.0, 1.0, 1.0, 1.0, 0.0]"
FEDXDM13,M,NR,0.0,MIX,249,6.0,1.9666666666666666,12,0.5613670326814372,90,4.210252745110779,"[0.0, 0.0, 2.0, 0.0, 0.0, 1.0, 1.0, 0.0, 0.0, 0.0, 0.0, 1.0, 1.0, 0.0, 0.0, 0.0, 0.0, 2.0, 2.0, 0.0, 1.0, 0.0, 1.0, 0.0]"
FEDXDM13,M,NR,0.0,MIX,324,7.4375,1.7083333333333333,16,0.3404859017556304,120,2.5536442631672283,"[0.0, 0.0, 0.0, 0.0, 0.0, 0.0, 0.0, 0.0, 0.0, 0.0, 0.0, 1.0, 0.0, 1.0, 0.0, 0.0, 1.0, 2.0, 2.0, 1.0, 1.0, 2.0, 2.0, 3.0]"
FEDXDM14,M,NR,0.0,MIX,326,6.44,1.9186046511627908,25,1.2263752435717499,86,4.218730837886819,"[3.0, 0.0, 1.0, 0.0, 0.0, 0.0, 1.0, 1.0, 0.0, 3.0, 1.0, 1.0, 3.0, 3.0, 3.0, 1.0, 1.0, 0.0, 0.0, 2.0, 0.0, 0.0, 1.0, 0.0]"
FEDXDM14,M,NR,0.0,MIX,287,7.666666666666667,1.8392857142857142,24,0.5140409328891005,56,1.199428843407901,"[3.0, 1.0, 1.0, 0.0, 1.0, 0.0, 0.0, 1.0, 0.0, 0.0, 0.0, 0.0, 1.0, 1.0, 3.0, 2.0, 1.0, 1.0, 2.0, 2.0, 2.0, 1.0, 0.0, 1.0]"
FEDXDM15,M,NR,0.0,MIX,263,7.0,2.2,14,0.663035756571158,75,3.5519772673454892,"[0.0, 0.0, 0.0, 0.0, 0.0, 2.0, 0.0, 1.0, 1.0, 0.0, 1.0, 1.0, 0.0, 1.0, 2.0, 0.0, 2.0, 0.0, 1.0, 0.0, 0.0, 0.0, 1.0, 1.0]"
FEDXDM15,M,NR,0.0,MIX,292,6.6521739130434785,1.9857142857142858,23,0.5132432884762006,70,1.5620447910145234,"[2.0, 0.0, 1.0, 0.0, 0.0, 0.0, 0.0, 0.0, 0.0, 0.0, 0.0, 0.0, 1.0, 2.0, 4.0, 4.0, 2.0, 0.0, 2.0, 1.0, 1.0, 0.0, 1.0, 2.0]"
FEDXDM16,M,NR,0.0,MIX,365,7.416666666666667,1.9893617021276595,24,1.106104055714871,94,4.332240884883244,"[1.0, 0.0, 2.0, 0.0, 0.0, 2.0, 0.0, 0.0, 2.0, 0.0, 1.0, 0.0, 0.0, 1.0, 0.0, 2.0, 0.0, 3.0, 2.0, 0.0, 1.0, 3.0, 1.0, 3.0]"
FEDXDM16,M,NR,0.0,MIX,282,6.6,2.142857142857143,20,0.42924851700599165,70,1.5023698095209708,"[0.0, 3.0, 0.0, 0.0, 0.0, 0.0, 0.0, 0.0, 0.0, 0.0, 0.0, 1.0, 1.0, 1.0, 1.0, 3.0, 2.0, 3.0, 1.0, 0.0, 2.0, 1.0, 0.0, 1.0]"
FEDXDM17,M,NR,0.0,MIX,259,5.909090909090909,2.2045454545454546,11,0.5088143084750989,88,4.070514467800791,"[1.0, 0.0, 1.0, 0.0, 0.0, 0.0, 1.0, 0.0, 0.0, 0.0, 1.0, 1.0, 1.0, 1.0, 1.0, 0.0, 1.0, 0.0, 0.0, 0.0, 1.0, 1.0, 0.0, 0.0]"
FEDXDM17,M,NR,0.0,MIX,316,6.869565217391305,2.135135135135135,23,0.4911789481177406,74,1.5803148765527306,"[0.0, 0.0, 2.0, 0.0, 0.0, 1.0, 1.0, 0.0, 0.0, 1.0, 1.0, 1.0, 0.0, 1.0, 0.0, 1.0, 4.0, 4.0, 1.0, 0.0, 1.0, 1.0, 2.0, 1.0]"
FEDXDM18,M,NR,0.0,MIX,254,5.2727272727272725,1.8846153846153846,11,0.4984015908576031,104,4.712160495380974,"[1.0, 1.0, 0.0, 0.0, 0.0, 0.0, 3.0, 0.0, 0.0, 0.0, 0.0, 2.0, 0.0, 0.0, 0.0, 0.0, 2.0, 1.0, 0.0, 0.0, 1.0, 0.0, 0.0, 0.0]"
FEDXDM18,M,NR,0.0,MIX,267,6.904761904761905,1.7681159420289856,21,0.46796078042983064,69,1.5375854214123006,"[1.0, 1.0, 0.0, 0.0, 0.0, 0.0, 0.0, 1.0, 0.0, 1.0, 1.0, 0.0, 0.0, 0.0, 2.0, 2.0, 3.0, 2.0, 1.0, 1.0, 1.0, 1.0, 2.0, 1.0]"
FEDXDM19,M,NR,0.0,MIX,263,6.333333333333333,1.9230769230769231,6,0.27256208358570566,117,5.31496062992126,"[0.0, 1.0, 0.0, 1.0, 0.0, 0.0, 1.0, 0.0, 0.0, 0.0, 0.0, 2.0, 1.0, 0.0, 0.0, 0.0, 0.0, 0.0, 0.0, 0.0, 0.0, 0.0, 0.0, 0.0]"
FEDXDM19,M,NR,0.0,MIX,362,7.291666666666667,1.8333333333333333,24,0.5134391509237746,102,2.182116391426042,"[2.0, 0.0, 1.0, 0.0, 1.0, 0.0, 0.0, 0.0, 0.0, 0.0, 1.0, 0.0, 1.0, 1.0, 1.0, 2.0, 4.0, 2.0, 0.0, 1.0, 4.0, 0.0, 2.0, 1.0]"
FEDXDM20,M,NR,0.0,MIX,234,7.833333333333333,1.7809523809523808,6,0.27116260968904177,105,4.7453456695582314,"[0.0, 0.0, 0.0, 0.0, 0.0, 3.0, 0.0, 0.0, 0.0, 0.0, 0.0, 1.0, 1.0, 0.0, 0.0, 0.0, 0.0, 0.0, 1.0, 0.0, 0.0, 0.0, 0.0, 0.0]"
FEDXDM20,M,NR,0.0,MIX,310,6.857142857142857,1.8448275862068966,14,0.3115515141774484,116,2.581426831756001,"[1.0, 0.0, 1.0, 0.0, 0.0, 0.0, 0.0, 0.0, 0.0, 0.0, 1.0, 2.0, 1.0, 0.0, 0.0, 0.0, 1.0, 2.0, 1.0, 0.0, 1.0, 1.0, 0.0, 2.0]"
FEDXDM11,M,NR,1.0,CAS20,84,6.5,1.8125,4,0.1925622818630401,32,1.540498254904321,"[0.0, 0.0, 0.0, 0.0, 0.0, 0.0, 0.0, 1.0, 0.0, 0.0, 1.0, 0.0, 0.0, 0.0, 0.0, 0.0, 0.0, 1.0, 0.0, 1.0, 0.0, 0.0, 0.0, 0.0]"
FEDXDM12,M,NR,1.0,CAS20,105,5.0,1.6101694915254237,2,0.09246417013407306,59,2.727693018955155,"[0.0, 0.0, 0.0, 0.0, 0.0, 0.0, 0.0, 0.0, 0.0, 0.0, 1.0, 0.0, 0.0, 0.0, 0.0, 0.0, 0.0, 0.0, 0.0, 0.0, 0.0, 0.0, 0.0, 1.0]"
FEDXDM13,M,NR,1.0,CAS20,115,0.0,1.6666666666666667,0,0.0,69,3.3501470072559547,"[0.0, 0.0, 0.0, 0.0, 0.0, 0.0, 0.0, 0.0, 0.0, 0.0, 0.0, 0.0, 0.0, 0.0, 0.0, 0.0, 0.0, 0.0, 0.0, 0.0, 0.0, 0.0, 0.0, 0.0]"
FEDXDM14,M,NR,1.0,CAS20,92,5.666666666666667,1.7857142857142858,3,0.13752180611972037,42,1.9253052856760853,"[0.0, 0.0, 0.0, 0.0, 0.0, 1.0, 0.0, 0.0, 0.0, 0.0, 0.0, 0.0, 1.0, 1.0, 0.0, 0.0, 0.0, 0.0, 0.0, 0.0, 0.0, 0.0, 0.0, 0.0]"
FEDXDM15,M,NR,1.0,CAS20,84,6.0,1.4444444444444444,1,0.044509285131426025,54,2.4035013970970054,"[0.0, 0.0, 0.0, 0.0, 0.0, 0.0, 0.0, 0.0, 0.0, 0.0, 1.0, 0.0, 0.0, 0.0, 0.0, 0.0, 0.0, 0.0, 0.0, 0.0, 0.0, 0.0, 0.0, 0.0]"
FEDXDM16,M,NR,1.0,CAS20,108,6.5,1.5833333333333333,2,0.08968163021274475,60,2.6904489063823425,"[0.0, 0.0, 0.0, 0.0, 0.0, 0.0, 0.0, 0.0, 0.0, 0.0, 0.0, 0.0, 0.0, 0.0, 0.0, 0.0, 1.0, 1.0, 0.0, 0.0, 0.0, 0.0, 0.0, 0.0]"
FEDXDM17,M,NR,1.0,CAS20,127,8.333333333333334,1.8214285714285714,3,0.1352925701830208,56,2.5254613100830547,"[0.0, 0.0, 0.0, 0.0, 0.0, 0.0, 0.0, 0.0, 0.0, 0.0, 0.0, 0.0, 0.0, 0.0, 0.0, 0.0, 0.0, 1.0, 0.0, 1.0, 0.0, 1.0, 0.0, 0.0]"
FEDXDM19,M,NR,1.0,CAS20,88,7.0,1.2982456140350878,2,0.09076240419524001,57,2.5867285195643404,"[0.0, 0.0, 0.0, 0.0, 0.0, 0.0, 0.0, 0.0, 0.0, 0.0, 1.0, 0.0, 0.0, 0.0, 0.0, 0.0, 0.0, 0.0, 1.0, 0.0, 0.0, 0.0, 0.0, 0.0]"
FEDXDM20,M,NR,1.0,CAS20,78,0.0,1.4444444444444444,0,0.0,54,2.4476228847703463,"[0.0, 0.0, 0.0, 0.0, 0.0, 0.0, 0.0, 0.0, 0.0, 0.0, 0.0, 0.0, 0.0, 0.0, 0.0, 0.0, 0.0, 0.0, 0.0, 0.0, 0.0, 0.0, 0.0, 0.0]"
FEDXDM11,M,NR,1.0,CAS5,75,7.0,1.525,2,0.09642168416541676,40,1.9284336833083353,"[0.0, 0.0, 0.0, 0.0, 0.0, 0.0, 0.0, 0.0, 0.0, 0.0, 0.0, 0.0, 0.0, 0.0, 0.0, 0.0, 0.0, 0.0, 1.0, 0.0, 0.0, 0.0, 1.0, 0.0]"
FEDXDM12,M,NR,1.0,CAS5,68,0.0,1.4782608695652173,0,0.0,46,2.1590612777053453,"[0.0, 0.0, 0.0, 0.0, 0.0, 0.0, 0.0, 0.0, 0.0, 0.0, 0.0, 0.0, 0.0, 0.0, 0.0, 0.0, 0.0, 0.0, 0.0, 0.0, 0.0, 0.0, 0.0, 0.0]"
FEDXDM13,M,NR,1.0,CAS5,55,0.0,1.4864864864864864,0,0.0,37,1.6544528629983855,"[0.0, 0.0, 0.0, 0.0, 0.0, 0.0, 0.0, 0.0, 0.0, 0.0, 0.0, 0.0, 0.0, 0.0, 0.0, 0.0, 0.0, 0.0, 0.0, 0.0, 0.0, 0.0, 0.0, 0.0]"
FEDXDM14,M,NR,1.0,CAS5,84,6.0,1.7560975609756098,2,0.09616668892747428,41,1.9714171230132227,"[0.0, 1.0, 0.0, 0.0, 0.0, 0.0, 0.0, 0.0, 0.0, 0.0, 0.0, 0.0, 0.0, 0.0, 0.0, 0.0, 0.0, 0.0, 0.0, 0.0, 0.0, 1.0, 0.0, 0.0]"
FEDXDM15,M,NR,1.0,CAS5,80,5.0,1.3636363636363635,1,0.047539186815798856,55,2.614655274868937,"[0.0, 0.0, 0.0, 0.0, 0.0, 0.0, 0.0, 0.0, 0.0, 0.0, 0.0, 0.0, 0.0, 0.0, 0.0, 0.0, 0.0, 0.0, 0.0, 0.0, 1.0, 0.0, 0.0, 0.0]"
FEDXDM16,M,NR,1.0,CAS5,58,0.0,1.4871794871794872,0,0.0,39,1.7680615547356093,"[0.0, 0.0, 0.0, 0.0, 0.0, 0.0, 0.0, 0.0, 0.0, 0.0, 0.0, 0.0, 0.0, 0.0, 0.0, 0.0, 0.0, 0.0, 0.0, 0.0, 0.0, 0.0, 0.0, 0.0]"
FEDXDM17,M,NR,1.0,CAS5,58,6.666666666666667,1.2258064516129032,3,0.13842072209476694,31,1.430347461645925,"[0.0, 0.0, 0.0, 0.0, 0.0, 0.0, 0.0, 1.0, 0.0, 1.0, 0.0, 1.0, 0.0, 0.0, 0.0, 0.0, 0.0, 0.0, 0.0, 0.0, 0.0, 0.0, 0.0, 0.0]"
FEDXDM19,M,NR,1.0,CAS5,88,0.0,1.3134328358208955,0,0.0,67,3.032855939342881,"[0.0, 0.0, 0.0, 0.0, 0.0, 0.0, 0.0, 0.0, 0.0, 0.0, 0.0, 0.0, 0.0, 0.0, 0.0, 0.0, 0.0, 0.0, 0.0, 0.0, 0.0, 0.0, 0.0, 0.0]"
FEDXDM20,M,NR,1.0,CAS5,77,6.0,1.3265306122448979,2,0.090862053734809,49,2.2261203165028207,"[0.0, 0.0, 0.0, 0.0, 0.0, 0.0, 0.0, 0.0, 1.0, 0.0, 0.0, 0.0, 1.0, 0.0, 0.0, 0.0, 0.0, 0.0, 0.0, 0.0, 0.0, 0.0, 0.0, 0.0]"
FEDXDM11,M,NR,2.0,CAS20,99,6.25,2.0555555555555554,4,0.1833507346762077,36,1.650156612085869,"[0.0, 1.0, 0.0, 0.0, 0.0, 0.0, 1.0, 0.0, 0.0, 0.0, 0.0, 0.0, 0.0, 0.0, 0.0, 0.0, 0.0, 0.0, 1.0, 1.0, 0.0, 0.0, 0.0, 0.0]"
FEDXDM12,M,NR,2.0,CAS20,120,0.0,1.3793103448275863,0,0.0,87,3.8188136316527466,"[0.0, 0.0, 0.0, 0.0, 0.0, 0.0, 0.0, 0.0, 0.0, 0.0, 0.0, 0.0, 0.0, 0.0, 0.0, 0.0, 0.0, 0.0, 0.0, 0.0, 0.0, 0.0, 0.0, 0.0]"
FEDXDM13,M,NR,2.0,CAS20,143,6.0,1.8135593220338984,6,0.26390382171830706,59,2.5950542468966864,"[0.0, 1.0, 0.0, 0.0, 0.0, 0.0, 0.0, 1.0, 0.0, 1.0, 0.0, 0.0, 0.0, 0.0, 1.0, 1.0, 0.0, 0.0, 1.0, 0.0, 0.0, 0.0, 0.0, 0.0]"
FEDXDM14,M,NR,2.0,CAS20,172,6.666666666666667,1.8333333333333333,6,0.26538234715942594,72,3.1845881659131114,"[0.0, 1.0, 0.0, 0.0, 0.0, 0.0, 0.0, 0.0, 0.0, 0.0, 0.0, 0.0, 1.0, 1.0, 1.0, 0.0, 0.0, 0.0, 0.0, 1.0, 0.0, 1.0, 0.0, 0.0]"
FEDXDM15,M,NR,2.0,CAS20,155,8.75,1.5789473684210527,4,0.17940124833368634,76,3.4086237183400403,"[0.0, 0.0, 1.0, 0.0, 0.0, 0.0, 1.0, 0.0, 0.0, 0.0, 0.0, 0.0, 0.0, 0.0, 0.0, 0.0, 0.0, 0.0, 0.0, 0.0, 0.0, 0.0, 1.0, 1.0]"
FEDXDM16,M,NR,2.0,CAS20,110,5.5,1.5714285714285714,2,0.08767016535567299,63,2.761610208703699,"[0.0, 0.0, 0.0, 0.0, 0.0, 0.0, 0.0, 0.0, 1.0, 0.0, 0.0, 1.0, 0.0, 0.0, 0.0, 0.0, 0.0, 0.0, 0.0, 0.0, 0.0, 0.0, 0.0, 0.0]"
FEDXDM17,M,NR,2.0,CAS20,127,5.8,1.75,5,0.2178464666513367,56,2.439880426494971,"[0.0, 0.0, 0.0, 0.0, 0.0, 0.0, 0.0, 1.0, 0.0, 0.0, 1.0, 0.0, 1.0, 0.0, 0.0, 0.0, 0.0, 0.0, 0.0, 1.0, 0.0, 1.0, 0.0, 0.0]"
FEDXDM19,M,NR,2.0,CAS20,116,6.5,1.4305555555555556,2,0.08762855230329215,72,3.1546278829185175,"[0.0, 0.0, 0.0, 0.0, 0.0, 0.0, 0.0, 0.0, 0.0, 0.0, 1.0, 0.0, 1.0, 0.0, 0.0, 0.0, 0.0, 0.0, 0.0, 0.0, 0.0, 0.0, 0.0, 0.0]"
FEDXDM20,M,NR,2.0,CAS20,84,6.0,1.3584905660377358,2,0.08817802162810918,53,2.3367175731448935,"[0.0, 0.0, 0.0, 0.0, 0.0, 0.0, 0.0, 0.0, 0.0, 0.0, 0.0, 0.0, 1.0, 0.0, 0.0, 0.0, 0.0, 0.0, 0.0, 0.0, 0.0, 0.0, 0.0, 1.0]"
FEDXDM11,M,NR,2.0,SUC,61,5.0,1.6,1,0.04363953742090334,35,1.5273838097316168,"[0.0, 0.0, 0.0, 0.0, 0.0, 0.0, 0.0, 0.0, 0.0, 0.0, 1.0, 0.0, 0.0, 0.0, 0.0, 0.0, 0.0, 0.0, 0.0, 0.0, 0.0, 0.0, 0.0, 0.0]"
FEDXDM12,M,NR,2.0,SUC,43,0.0,1.1025641025641026,0,0.0,39,1.7164443683753683,"[0.0, 0.0, 0.0, 0.0, 0.0, 0.0, 0.0, 0.0, 0.0, 0.0, 0.0, 0.0, 0.0, 0.0, 0.0, 0.0, 0.0, 0.0, 0.0, 0.0, 0.0, 0.0, 0.0, 0.0]"
FEDXDM13,M,NR,2.0,SUC,45,0.0,1.4516129032258065,0,0.0,31,1.366190458702119,"[0.0, 0.0, 0.0, 0.0, 0.0, 0.0, 0.0, 0.0, 0.0, 0.0, 0.0, 0.0, 0.0, 0.0, 0.0, 0.0, 0.0, 0.0, 0.0, 0.0, 0.0, 0.0, 0.0, 0.0]"
FEDXDM14,M,NR,2.0,SUC,19,0.0,1.1176470588235294,0,0.0,17,0.7880403291227258,"[0.0, 0.0, 0.0, 0.0, 0.0, 0.0, 0.0, 0.0, 0.0, 0.0, 0.0, 0.0, 0.0, 0.0, 0.0, 0.0, 0.0, 0.0, 0.0, 0.0, 0.0, 0.0, 0.0, 0.0]"
FEDXDM15,M,NR,2.0,SUC,30,0.0,1.3636363636363635,0,0.0,22,1.1203055378739657,"[0.0, 0.0, 0.0, 0.0, 0.0, 0.0, 0.0, 0.0, 0.0, 0.0, 0.0, 0.0, 0.0, 0.0, 0.0, 0.0, 0.0, 0.0, 0.0, 0.0, 0.0, 0.0, 0.0, 0.0]"
FEDXDM16,M,NR,2.0,SUC,55,0.0,1.2790697674418605,0,0.0,43,1.8749545795886728,"[0.0, 0.0, 0.0, 0.0, 0.0, 0.0, 0.0, 0.0, 0.0, 0.0, 0.0, 0.0, 0.0, 0.0, 0.0, 0.0, 0.0, 0.0, 0.0, 0.0, 0.0, 0.0, 0.0, 0.0]"
FEDXDM17,M,NR,2.0,SUC,42,0.0,1.3125,0,0.0,32,1.4117301046542978,"[0.0, 0.0, 0.0, 0.0, 0.0, 0.0, 0.0, 0.0, 0.0, 0.0, 0.0, 0.0, 0.0, 0.0, 0.0, 0.0, 0.0, 0.0, 0.0, 0.0, 0.0, 0.0, 0.0, 0.0]"
FEDXDM19,M,NR,2.0,SUC,75,0.0,1.3392857142857142,0,0.0,56,2.447701030802666,"[0.0, 0.0, 0.0, 0.0, 0.0, 0.0, 0.0, 0.0, 0.0, 0.0, 0.0, 0.0, 0.0, 0.0, 0.0, 0.0, 0.0, 0.0, 0.0, 0.0, 0.0, 0.0, 0.0, 0.0]"
FEDXDM20,M,NR,2.0,SUC,61,0.0,1.3863636363636365,0,0.0,44,1.9617556722480924,"[0.0, 0.0, 0.0, 0.0, 0.0, 0.0, 0.0, 0.0, 0.0, 0.0, 0.0, 0.0, 0.0, 0.0, 0.0, 0.0, 0.0, 0.0, 0.0, 0.0, 0.0, 0.0, 0.0, 0.0]"
FEDXDM11,M,NR,3.0,CAS5,136,6.833333333333333,2.021276595744681,6,0.26314507090297745,47,2.0613030554066567,"[0.0, 1.0, 0.0, 0.0, 0.0, 0.0, 0.0, 0.0, 0.0, 1.0, 0.0, 1.0, 0.0, 0.0, 0.0, 0.0, 0.0, 1.0, 1.0, 0.0, 0.0, 1.0, 0.0, 0.0]"
FEDXDM12,M,NR,3.0,CAS5,122,5.0,1.21875,1,0.04395550725876363,96,4.219728696841309,"[0.0, 0.0, 0.0, 0.0, 0.0, 0.0, 0.0, 0.0, 0.0, 0.0, 1.0, 0.0, 0.0, 0.0, 0.0, 0.0, 0.0, 0.0, 0.0, 0.0, 0.0, 0.0, 0.0, 0.0]"
FEDXDM13,M,NR,3.0,CAS5,119,6.0,1.5070422535211268,2,0.08807770410784625,71,3.126758495828542,"[0.0, 0.0, 0.0, 0.0, 0.0, 0.0, 1.0, 0.0, 0.0, 0.0, 0.0, 0.0, 0.0, 0.0, 0.0, 0.0, 1.0, 0.0, 0.0, 0.0, 0.0, 0.0, 0.0, 0.0]"
FEDXDM14,M,NR,3.0,CAS5,140,6.6,1.5735294117647058,5,0.2210759027266028,68,3.006632277081798,"[0.0, 0.0, 0.0, 0.0, 0.0, 0.0, 1.0, 0.0, 0.0, 0.0, 1.0, 0.0, 1.0, 0.0, 0.0, 0.0, 1.0, 0.0, 1.0, 0.0, 0.0, 0.0, 0.0, 0.0]"
FEDXDM15,M,NR,3.0,CAS5,156,7.142857142857143,1.606060606060606,7,0.30684931506849317,66,2.893150684931507,"[1.0, 1.0, 0.0, 0.0, 0.0, 0.0, 0.0, 1.0, 0.0, 0.0, 0.0, 0.0, 0.0, 1.0, 0.0, 0.0, 1.0, 0.0, 1.0, 0.0, 0.0, 0.0, 1.0, 0.0]"
FEDXDM16,M,NR,3.0,CAS5,134,5.5,1.618421052631579,2,0.08568878310026777,76,3.2561737578101755,"[0.0, 0.0, 0.0, 0.0, 0.0, 0.0, 1.0, 0.0, 0.0, 1.0, 0.0, 0.0, 0.0, 0.0, 0.0, 0.0, 0.0, 0.0, 0.0, 0.0, 0.0, 0.0, 0.0, 0.0]"
FEDXDM17,M,NR,3.0,CAS5,138,5.8,1.5352112676056338,5,0.21602419470980752,71,3.0675435648792666,"[0.0, 0.0, 0.0, 0.0, 0.0, 0.0, 0.0, 0.0, 1.0, 1.0, 0.0, 1.0, 0.0, 0.0, 0.0, 0.0, 0.0, 1.0, 1.0, 0.0, 0.0, 0.0, 0.0, 0.0]"
FEDXDM18,M,NR,3.0,CAS5,132,0.0,1.4831460674157304,0,0.0,89,3.866109998310689,"[0.0, 0.0, 0.0, 0.0, 0.0, 0.0, 0.0, 0.0, 0.0, 0.0, 0.0, 0.0, 0.0, 0.0, 0.0, 0.0, 0.0, 0.0, 0.0, 0.0, 0.0, 0.0, 0.0, 0.0]"
FEDXDM19,M,NR,3.0,CAS5,130,5.0,1.5060240963855422,1,0.04302360322677024,83,3.5709590678219296,"[0.0, 0.0, 0.0, 0.0, 0.0, 0.0, 0.0, 0.0, 0.0, 0.0, 0.0, 0.0, 1.0, 0.0, 0.0, 0.0, 0.0, 0.0, 0.0, 0.0, 0.0, 0.0, 0.0, 0.0]"
FEDXDM20,M,NR,3.0,CAS5,118,0.0,1.475,0,0.0,80,3.4664548277605256,"[0.0, 0.0, 0.0, 0.0, 0.0, 0.0, 0.0, 0.0, 0.0, 0.0, 0.0, 0.0, 0.0, 0.0, 0.0, 0.0, 0.0, 0.0, 0.0, 0.0, 0.0, 0.0, 0.0, 0.0]"
FEDXDM11,M,NR,3.0,SUC,25,0.0,1.6666666666666667,0,0.0,15,0.7228915662650602,"[0.0, 0.0, 0.0, 0.0, 0.0, 0.0, 0.0, 0.0, 0.0, 0.0, 0.0, 0.0, 0.0, 0.0, 0.0, 0.0, 0.0, 0.0, 0.0, 0.0, 0.0, 0.0, 0.0, 0.0]"
FEDXDM12,M,NR,3.0,SUC,25,0.0,1.0869565217391304,0,0.0,23,1.1240073304825902,"[0.0, 0.0, 0.0, 0.0, 0.0, 0.0, 0.0, 0.0, 0.0, 0.0, 0.0, 0.0, 0.0, 0.0, 0.0, 0.0, 0.0, 0.0, 0.0, 0.0, 0.0, 0.0, 0.0, 0.0]"
FEDXDM13,M,NR,3.0,SUC,44,0.0,1.3333333333333333,0,0.0,33,1.4564713670969878,"[0.0, 0.0, 0.0, 0.0, 0.0, 0.0, 0.0, 0.0, 0.0, 0.0, 0.0, 0.0, 0.0, 0.0, 0.0, 0.0, 0.0, 0.0, 0.0, 0.0, 0.0, 0.0, 0.0, 0.0]"
FEDXDM14,M,NR,3.0,SUC,20,0.0,1.0526315789473684,0,0.0,19,0.8638326892475562,"[0.0, 0.0, 0.0, 0.0, 0.0, 0.0, 0.0, 0.0, 0.0, 0.0, 0.0, 0.0, 0.0, 0.0, 0.0, 0.0, 0.0, 0.0, 0.0, 0.0, 0.0, 0.0, 0.0, 0.0]"
FEDXDM15,M,NR,3.0,SUC,12,0.0,1.0,0,0.0,12,0.5568445475638051,"[0.0, 0.0, 0.0, 0.0, 0.0, 0.0, 0.0, 0.0, 0.0, 0.0, 0.0, 0.0, 0.0, 0.0, 0.0, 0.0, 0.0, 0.0, 0.0, 0.0, 0.0, 0.0, 0.0, 0.0]"
FEDXDM16,M,NR,3.0,SUC,38,5.0,1.1379310344827587,1,0.043324427756516716,29,1.2564084049389848,"[0.0, 0.0, 0.0, 0.0, 0.0, 0.0, 0.0, 0.0, 0.0, 0.0, 0.0, 0.0, 1.0, 0.0, 0.0, 0.0, 0.0, 0.0, 0.0, 0.0, 0.0, 0.0, 0.0, 0.0]"
FEDXDM17,M,NR,3.0,SUC,36,0.0,1.1612903225806452,0,0.0,31,1.3630700832987275,"[0.0, 0.0, 0.0, 0.0, 0.0, 0.0, 0.0, 0.0, 0.0, 0.0, 0.0, 0.0, 0.0, 0.0, 0.0, 0.0, 0.0, 0.0, 0.0, 0.0, 0.0, 0.0, 0.0, 0.0]"
FEDXDM18,M,NR,3.0,SUC,23,0.0,1.2777777777777777,0,0.0,18,0.8281679340532943,"[0.0, 0.0, 0.0, 0.0, 0.0, 0.0, 0.0, 0.0, 0.0, 0.0, 0.0, 0.0, 0.0, 0.0, 0.0, 0.0, 0.0, 0.0, 0.0, 0.0, 0.0, 0.0, 0.0, 0.0]"
FEDXDM19,M,NR,3.0,SUC,34,0.0,1.0625,0,0.0,32,1.4437899486151147,"[0.0, 0.0, 0.0, 0.0, 0.0, 0.0, 0.0, 0.0, 0.0, 0.0, 0.0, 0.0, 0.0, 0.0, 0.0, 0.0, 0.0, 0.0, 0.0, 0.0, 0.0, 0.0, 0.0, 0.0]"
FEDXDM20,M,NR,3.0,SUC,31,0.0,1.1923076923076923,0,0.0,26,1.154500826405506,"[0.0, 0.0, 0.0, 0.0, 0.0, 0.0, 0.0, 0.0, 0.0, 0.0, 0.0, 0.0, 0.0, 0.0, 0.0, 0.0, 0.0, 0.0, 0.0, 0.0, 0.0, 0.0, 0.0, 0.0]"
FEDXDM11,M,NR,4.0,CAS5,105,6.666666666666667,1.2037037037037037,6,0.2714693277363731,54,2.443223949627358,"[0.0, 0.0, 0.0, 0.0, 0.0, 0.0, 0.0, 1.0, 0.0, 1.0, 0.0, 0.0, 1.0, 0.0, 0.0, 1.0, 0.0, 1.0, 0.0, 1.0, 0.0, 0.0, 0.0, 0.0]"
FEDXDM12,M,NR,4.0,CAS5,74,0.0,1.1384615384615384,0,0.0,65,2.9204732664370225,"[0.0, 0.0, 0.0, 0.0, 0.0, 0.0, 0.0, 0.0, 0.0, 0.0, 0.0, 0.0, 0.0, 0.0, 0.0, 0.0, 0.0, 0.0, 0.0, 0.0, 0.0, 0.0, 0.0, 0.0]"
FEDXDM13,M,NR,4.0,CAS5,75,5.0,1.1666666666666667,1,0.04526764495077143,60,2.716058697046286,"[0.0, 0.0, 0.0, 0.0, 0.0, 0.0, 0.0, 0.0, 1.0, 0.0, 0.0, 0.0, 0.0, 0.0, 0.0, 0.0, 0.0, 0.0, 0.0, 0.0, 0.0, 0.0, 0.0, 0.0]"
FEDXDM14,M,NR,4.0,CAS5,78,5.0,1.096774193548387,2,0.09001575275673243,62,2.790488335458705,"[0.0, 0.0, 0.0, 0.0, 0.0, 0.0, 0.0, 0.0, 1.0, 0.0, 0.0, 0.0, 1.0, 0.0, 0.0, 0.0, 0.0, 0.0, 0.0, 0.0, 0.0, 0.0, 0.0, 0.0]"
FEDXDM15,M,NR,4.0,CAS5,91,5.5,1.095890410958904,2,0.09128714879805254,73,3.3319809311289177,"[0.0, 1.0, 0.0, 0.0, 0.0, 0.0, 0.0, 0.0, 0.0, 0.0, 1.0, 0.0, 0.0, 0.0, 0.0, 0.0, 0.0, 0.0, 0.0, 0.0, 0.0, 0.0, 0.0, 0.0]"
FEDXDM16,M,NR,4.0,CAS5,78,6.0,1.0909090909090908,1,0.043914756578064575,66,2.898373934152262,"[0.0, 0.0, 0.0, 0.0, 0.0, 0.0, 1.0, 0.0, 0.0, 0.0, 0.0, 0.0, 0.0, 0.0, 0.0, 0.0, 0.0, 0.0, 0.0, 0.0, 0.0, 0.0, 0.0, 0.0]"
FEDXDM17,M,NR,4.0,CAS5,77,0.0,1.2419354838709677,0,0.0,62,2.7228477669476536,"[0.0, 0.0, 0.0, 0.0, 0.0, 0.0, 0.0, 0.0, 0.0, 0.0, 0.0, 0.0, 0.0, 0.0, 0.0, 0.0, 0.0, 0.0, 0.0, 0.0, 0.0, 0.0, 0.0, 0.0]"
FEDXDM18,M,NR,4.0,CAS5,106,5.0,1.1744186046511629,1,0.044278264292039744,86,3.807930729115418,"[0.0, 0.0, 0.0, 0.0, 0.0, 0.0, 0.0, 0.0, 0.0, 0.0, 0.0, 0.0, 0.0, 0.0, 0.0, 0.0, 0.0, 0.0, 0.0, 0.0, 0.0, 1.0, 0.0, 0.0]"
FEDXDM19,M,NR,4.0,CAS5,70,5.0,1.0317460317460319,1,0.04395067757294592,63,2.768892687095593,"[0.0, 0.0, 0.0, 0.0, 0.0, 0.0, 0.0, 0.0, 0.0, 0.0, 1.0, 0.0, 0.0, 0.0, 0.0, 0.0, 0.0, 0.0, 0.0, 0.0, 0.0, 0.0, 0.0, 0.0]"
FEDXDM20,M,NR,4.0,CAS5,58,0.0,1.1153846153846154,0,0.0,52,2.3462762890732707,"[0.0, 0.0, 0.0, 0.0, 0.0, 0.0, 0.0, 0.0, 0.0, 0.0, 0.0, 0.0, 0.0, 0.0, 0.0, 0.0, 0.0, 0.0, 0.0, 0.0, 0.0, 0.0, 0.0, 0.0]"
FEDXDM11,M,NR,4.0,SUC,44,0.0,1.1891891891891893,0,0.0,37,1.668482958175191,"[0.0, 0.0, 0.0, 0.0, 0.0, 0.0, 0.0, 0.0, 0.0, 0.0, 0.0, 0.0, 0.0, 0.0, 0.0, 0.0, 0.0, 0.0, 0.0, 0.0, 0.0, 0.0, 0.0, 0.0]"
FEDXDM12,M,NR,4.0,SUC,43,0.0,1.0,0,0.0,43,1.960585642636405,"[0.0, 0.0, 0.0, 0.0, 0.0, 0.0, 0.0, 0.0, 0.0, 0.0, 0.0, 0.0, 0.0, 0.0, 0.0, 0.0, 0.0, 0.0, 0.0, 0.0, 0.0, 0.0, 0.0, 0.0]"
FEDXDM13,M,NR,4.0,SUC,41,0.0,1.025,0,0.0,40,1.8202963037872277,"[0.0, 0.0, 0.0, 0.0, 0.0, 0.0, 0.0, 0.0, 0.0, 0.0, 0.0, 0.0, 0.0, 0.0, 0.0, 0.0, 0.0, 0.0, 0.0, 0.0, 0.0, 0.0, 0.0, 0.0]"
FEDXDM14,M,NR,4.0,SUC,58,0.0,1.0740740740740742,0,0.0,54,2.4233358264771874,"[0.0, 0.0, 0.0, 0.0, 0.0, 0.0, 0.0, 0.0, 0.0, 0.0, 0.0, 0.0, 0.0, 0.0, 0.0, 0.0, 0.0, 0.0, 0.0, 0.0, 0.0, 0.0, 0.0, 0.0]"
FEDXDM15,M,NR,4.0,SUC,48,0.0,1.1428571428571428,0,0.0,42,1.932144910868315,"[0.0, 0.0, 0.0, 0.0, 0.0, 0.0, 0.0, 0.0, 0.0, 0.0, 0.0, 0.0, 0.0, 0.0, 0.0, 0.0, 0.0, 0.0, 0.0, 0.0, 0.0, 0.0, 0.0, 0.0]"
FEDXDM16,M,NR,4.0,SUC,52,5.0,1.0217391304347827,1,0.04408631120037228,46,2.027970315217125,"[0.0, 0.0, 1.0, 0.0, 0.0, 0.0, 0.0, 0.0, 0.0, 0.0, 0.0, 0.0, 0.0, 0.0, 0.0, 0.0, 0.0, 0.0, 0.0, 0.0, 0.0, 0.0, 0.0, 0.0]"
FEDXDM17,M,NR,4.0,SUC,52,0.0,1.04,0,0.0,50,2.2280260926611293,"[0.0, 0.0, 0.0, 0.0, 0.0, 0.0, 0.0, 0.0, 0.0, 0.0, 0.0, 0.0, 0.0, 0.0, 0.0, 0.0, 0.0, 0.0, 0.0, 0.0, 0.0, 0.0, 0.0, 0.0]"
FEDXDM18,M,NR,4.0,SUC,45,0.0,1.0975609756097562,0,0.0,41,1.832106550153296,"[0.0, 0.0, 0.0, 0.0, 0.0, 0.0, 0.0, 0.0, 0.0, 0.0, 0.0, 0.0, 0.0, 0.0, 0.0, 0.0, 0.0, 0.0, 0.0, 0.0, 0.0, 0.0, 0.0, 0.0]"
FEDXDM19,M,NR,4.0,SUC,49,0.0,1.0,0,0.0,49,2.1858736059479553,"[0.0, 0.0, 0.0, 0.0, 0.0, 0.0, 0.0, 0.0, 0.0, 0.0, 0.0, 0.0, 0.0, 0.0, 0.0, 0.0, 0.0, 0.0, 0.0, 0.0, 0.0, 0.0, 0.0, 0.0]"
FEDXDM20,M,NR,4.0,SUC,39,0.0,1.0263157894736843,0,0.0,38,1.7172985187044942,"[0.0, 0.0, 0.0, 0.0, 0.0, 0.0, 0.0, 0.0, 0.0, 0.0, 0.0, 0.0, 0.0, 0.0, 0.0, 0.0, 0.0, 0.0, 0.0, 0.0, 0.0, 0.0, 0.0, 0.0]"
