,MOUSEID,SEX,DIET,CHOICE_SESSION,PELLET_TYPE,COUNT,MEAL_SIZE,SNACK_SIZE,NUMBER_OF_MEALS,MEAL_FREQUENCY,NUMBER_OF_SNACKS,SNACK_FREQUENCY,NUMBER_OF_MEGA_MEALS,AVERAGE_MEGA_MEAL_SIZE,MEGA_MEAL_FREQUENCY,MEALS_HOUR_0,MEALS_HOUR_1,MEALS_HOUR_2,MEALS_HOUR_3,MEALS_HOUR_4,MEALS_HOUR_5,MEALS_HOUR_6,MEALS_HOUR_7,MEALS_HOUR_8,MEALS_HOUR_9,MEALS_HOUR_10,MEALS_HOUR_11,MEALS_HOUR_12,MEALS_HOUR_13,MEALS_HOUR_14,MEALS_HOUR_15,MEALS_HOUR_16,MEALS_HOUR_17,MEALS_HOUR_18,MEALS_HOUR_19,MEALS_HOUR_20,MEALS_HOUR_21,MEALS_HOUR_22,MEALS_HOUR_23
0,FEDXDF1,F,PR,0.0,MIX,210,4.666666666666667,1.0,42,1.9326882517607662,14,0.6442294172535887,10,7.4,0.46016386946684906,2.0,1.0,0.0,3.0,3.0,1.0,1.0,4.0,0.0,0.0,1.0,3.0,1.0,2.0,3.0,2.0,2.0,3.0,2.0,2.0,1.0,1.0,2.0,2.0
1,FEDXDF1,F,PR,0.0,MIX,296,3.2714285714285714,1.0,70,1.4711119154227403,67,1.408064261904623,5,7.6,0.10507942253019574,7.0,3.0,5.0,0.0,0.0,3.0,2.0,0.0,2.0,1.0,1.0,2.0,4.0,1.0,5.0,4.0,8.0,5.0,5.0,4.0,0.0,0.0,6.0,2.0
2,FEDXDF2,F,PR,0.0,MIX,350,3.3870967741935485,1.0,93,4.203178748085469,35,1.5818414643332412,10,6.9,0.45195470409521177,2.0,1.0,8.0,11.0,0.0,0.0,1.0,1.0,1.0,1.0,1.0,3.0,5.0,4.0,5.0,7.0,7.0,6.0,6.0,6.0,6.0,4.0,5.0,2.0
3,FEDXDF2,F,PR,0.0,MIX,330,3.011904761904762,1.0,84,1.7277630496389067,77,1.5837827955023311,5,6.6,0.10284303866898255,6.0,2.0,3.0,2.0,1.0,0.0,1.0,1.0,0.0,0.0,1.0,1.0,5.0,4.0,8.0,8.0,7.0,9.0,7.0,4.0,4.0,3.0,4.0,3.0
4,FEDXDF3,F,PR,0.0,MIX,291,3.652173913043478,1.0,69,2.92362557819286,39,1.652484022456834,8,7.625,0.338971081529607,4.0,5.0,0.0,4.0,4.0,0.0,5.0,0.0,2.0,3.0,0.0,1.0,2.0,4.0,6.0,5.0,5.0,7.0,4.0,4.0,3.0,1.0,0.0,0.0
5,FEDXDF3,F,PR,0.0,MIX,375,4.144736842105263,1.0,76,1.5657637962904674,60,1.2361293128608952,18,8.0,0.37083879385826857,5.0,0.0,5.0,1.0,1.0,1.0,1.0,2.0,0.0,1.0,2.0,1.0,6.0,5.0,6.0,6.0,7.0,6.0,4.0,4.0,4.0,3.0,1.0,4.0
6,FEDXDF4,F,PR,0.0,MIX,294,4.257575757575758,1.0,66,2.779630084582178,13,0.5475028954480048,16,7.25,0.6738497174744674,4.0,3.0,7.0,6.0,0.0,1.0,2.0,0.0,4.0,1.0,2.0,1.0,5.0,2.0,3.0,2.0,4.0,5.0,4.0,2.0,2.0,0.0,3.0,3.0
7,FEDXDF4,F,PR,0.0,MIX,312,4.928571428571429,1.0,56,1.1507243398746532,36,0.7397513613479914,22,7.181818181818182,0.45207027637932806,3.0,0.0,4.0,1.0,0.0,0.0,1.0,1.0,0.0,0.0,2.0,1.0,4.0,4.0,4.0,7.0,3.0,4.0,4.0,4.0,4.0,1.0,0.0,4.0
8,FEDXDF5,F,PR,0.0,MIX,227,5.538461538461538,1.0,39,2.3727438653417154,11,0.6692354491989454,19,8.0,1.1559521395254513,3.0,0.0,0.0,0.0,0.0,0.0,0.0,0.0,0.0,6.0,0.0,2.0,3.0,3.0,3.0,2.0,2.0,2.0,3.0,2.0,2.0,2.0,2.0,2.0
9,FEDXDF5,F,PR,0.0,MIX,363,4.920634920634921,1.0,63,1.362612274324852,53,1.1463246117336057,24,8.416666666666666,0.5190903902189913,2.0,0.0,5.0,0.0,0.0,0.0,0.0,0.0,2.0,1.0,1.0,2.0,5.0,6.0,6.0,4.0,6.0,6.0,3.0,4.0,4.0,3.0,0.0,3.0
10,FEDXDF6,F,PR,0.0,MIX,296,3.448717948717949,1.0,78,3.5709289756469764,27,1.236090799262415,7,8.857142857142858,0.32046798499395945,7.0,3.0,0.0,3.0,5.0,0.0,2.0,0.0,0.0,5.0,1.0,3.0,6.0,3.0,4.0,5.0,6.0,5.0,5.0,2.0,3.0,4.0,3.0,3.0
11,FEDXDF6,F,PR,0.0,MIX,328,4.412698412698413,1.0,63,1.44804469273743,50,1.1492418196328809,17,8.294117647058824,0.3907422186751795,4.0,1.0,3.0,0.0,0.0,2.0,1.0,1.0,0.0,0.0,3.0,1.0,3.0,1.0,3.0,5.0,5.0,7.0,4.0,3.0,6.0,8.0,1.0,1.0
12,FEDXDF7,F,PR,0.0,MIX,249,3.106060606060606,1.0,66,2.958535674262234,44,1.9723571161748226,3,8.333333333333334,0.134478894284647,0.0,5.0,0.0,4.0,6.0,5.0,0.0,0.0,2.0,2.0,0.0,2.0,3.0,7.0,6.0,6.0,5.0,4.0,2.0,0.0,6.0,0.0,0.0,1.0
13,FEDXDF7,F,PR,0.0,MIX,328,3.197530864197531,1.0,81,1.6639276910435497,69,1.4174198849630237,8,6.75,0.16433853738701726,7.0,1.0,4.0,0.0,3.0,0.0,0.0,0.0,1.0,0.0,5.0,1.0,7.0,3.0,7.0,8.0,2.0,10.0,6.0,0.0,3.0,3.0,5.0,5.0
14,FEDXDF8,F,PR,0.0,MIX,244,3.203125,1.0,64,2.695808859663492,39,1.6427585238574403,3,6.333333333333333,0.12636604029672618,3.0,0.0,3.0,6.0,0.0,0.0,3.0,0.0,3.0,1.0,3.0,2.0,1.0,4.0,2.0,4.0,0.0,6.0,6.0,3.0,3.0,4.0,2.0,5.0
15,FEDXDF8,F,PR,0.0,MIX,316,3.0,1.0,83,1.7117911935561487,67,1.3818073490152045,5,7.2,0.1031199514190451,3.0,1.0,5.0,0.0,3.0,2.0,1.0,0.0,0.0,2.0,1.0,2.0,7.0,7.0,5.0,7.0,8.0,5.0,3.0,4.0,6.0,3.0,4.0,4.0
16,FEDXDF9,F,PR,0.0,MIX,260,2.9285714285714284,1.0,70,2.9877998174122338,55,2.3475569993953265,5,7.0,0.2134142726723024,4.0,2.0,5.0,4.0,1.0,0.0,3.0,1.0,0.0,3.0,0.0,5.0,4.0,4.0,6.0,6.0,0.0,6.0,3.0,1.0,3.0,0.0,3.0,6.0
17,FEDXDF9,F,PR,0.0,MIX,275,2.4558823529411766,1.0,68,1.4041125354899768,108,2.2300610857781984,2,7.5,0.04129742751441108,6.0,1.0,2.0,1.0,1.0,1.0,1.0,0.0,1.0,0.0,4.0,1.0,1.0,7.0,6.0,6.0,7.0,7.0,4.0,1.0,0.0,3.0,3.0,4.0
18,FEDXDF10,F,PR,0.0,MIX,250,3.4776119402985075,1.0,67,3.11350346590249,17,0.7899934167215273,6,6.166666666666667,0.2788212059017155,0.0,0.0,2.0,4.0,3.0,0.0,0.0,4.0,1.0,1.0,6.0,1.0,5.0,4.0,4.0,4.0,3.0,5.0,5.0,3.0,4.0,4.0,4.0,0.0
19,FEDXDF10,F,PR,0.0,MIX,301,2.8666666666666667,1.0,75,1.5683449894281931,86,1.7983689212109948,5,6.8,0.1045563326285462,1.0,1.0,3.0,2.0,1.0,0.0,0.0,2.0,0.0,0.0,0.0,4.0,5.0,5.0,9.0,7.0,6.0,7.0,8.0,6.0,3.0,3.0,0.0,2.0
20,FEDXDF1,F,PR,1.0,CAS20,112,2.72,1.0,25,1.1169024571854058,44,1.9657483246463143,1,6.0,0.044676098287416234,1.0,0.0,1.0,0.0,1.0,0.0,0.0,2.0,0.0,0.0,2.0,0.0,3.0,2.0,1.0,2.0,0.0,2.0,3.0,1.0,4.0,0.0,0.0,0.0
21,FEDXDF2,F,PR,1.0,CAS20,118,2.5483870967741935,1.0,31,1.2965286491007946,39,1.631116687578419,0,0.0,0.0,1.0,0.0,0.0,2.0,1.0,2.0,0.0,1.0,0.0,0.0,0.0,1.0,3.0,3.0,2.0,3.0,2.0,2.0,3.0,2.0,2.0,1.0,0.0,0.0
22,FEDXDF3,F,PR,1.0,CAS20,111,2.48,1.0,25,1.045684807361621,49,2.0495422224287774,0,0.0,0.0,0.0,3.0,0.0,1.0,1.0,2.0,0.0,0.0,1.0,0.0,0.0,2.0,0.0,0.0,1.0,2.0,2.0,1.0,1.0,4.0,3.0,1.0,0.0,0.0
23,FEDXDF4,F,PR,1.0,CAS20,136,3.0,1.0,38,1.5930687534935717,22,0.92230296254891,2,6.0,0.08384572386808273,2.0,0.0,1.0,4.0,1.0,0.0,0.0,1.0,0.0,0.0,1.0,1.0,4.0,3.0,1.0,3.0,2.0,3.0,2.0,3.0,3.0,2.0,0.0,1.0
24,FEDXDF5,F,PR,1.0,CAS20,96,2.6,1.0,30,1.3845088839320052,18,0.8307053303592031,1,6.0,0.04615029613106684,2.0,0.0,0.0,1.0,0.0,3.0,0.0,0.0,0.0,1.0,0.0,0.0,1.0,4.0,1.0,3.0,1.0,1.0,2.0,2.0,3.0,2.0,1.0,2.0
25,FEDXDF6,F,PR,1.0,CAS20,149,3.125,1.0,40,1.9196672576753362,24,1.1518003546052018,1,6.0,0.047991681441883406,0.0,0.0,0.0,1.0,1.0,2.0,1.0,0.0,0.0,0.0,0.0,1.0,1.0,0.0,3.0,2.0,5.0,4.0,3.0,3.0,3.0,3.0,4.0,3.0
26,FEDXDF7,F,PR,1.0,CAS20,141,2.361111111111111,1.0,36,1.5537332757876565,56,2.4169184290030215,0,0.0,0.0,1.0,1.0,0.0,0.0,1.0,2.0,2.0,1.0,0.0,1.0,0.0,0.0,2.0,3.0,1.0,3.0,4.0,3.0,0.0,3.0,1.0,3.0,2.0,2.0
27,FEDXDF8,F,PR,1.0,CAS20,100,2.8333333333333335,1.0,24,1.0517730410118447,32,1.4023640546824596,0,0.0,0.0,2.0,1.0,1.0,1.0,2.0,1.0,0.0,0.0,0.0,0.0,0.0,0.0,0.0,1.0,1.0,1.0,0.0,3.0,3.0,1.0,1.0,3.0,0.0,2.0
28,FEDXDF9,F,PR,1.0,CAS20,108,2.2222222222222223,1.0,27,1.154970412794981,48,2.053280733857744,0,0.0,0.0,2.0,0.0,0.0,1.0,0.0,1.0,0.0,0.0,1.0,0.0,1.0,0.0,1.0,2.0,4.0,3.0,0.0,4.0,1.0,0.0,3.0,1.0,1.0,1.0
29,FEDXDF10,F,PR,1.0,CAS20,72,2.5454545454545454,1.0,22,0.9496858362511391,16,0.6906806081826466,0,0.0,0.0,0.0,0.0,1.0,1.0,0.0,3.0,0.0,0.0,1.0,0.0,0.0,0.0,1.0,4.0,1.0,2.0,0.0,1.0,3.0,1.0,0.0,1.0,2.0,0.0
30,FEDXDF1,F,PR,1.0,CAS5,65,2.066666666666667,1.0,15,0.6780086634440329,34,1.536819637139808,0,0.0,0.0,1.0,0.0,0.0,2.0,0.0,0.0,0.0,0.0,0.0,0.0,0.0,0.0,0.0,0.0,1.0,1.0,1.0,2.0,2.0,2.0,1.0,2.0,0.0,0.0
31,FEDXDF2,F,PR,1.0,CAS5,38,2.25,1.0,8,0.33651542946613233,20,0.8412885736653307,0,0.0,0.0,0.0,0.0,0.0,0.0,0.0,0.0,0.0,0.0,0.0,1.0,0.0,1.0,0.0,0.0,0.0,0.0,1.0,0.0,1.0,1.0,1.0,2.0,0.0,0.0
32,FEDXDF3,F,PR,1.0,CAS5,89,2.3333333333333335,1.0,18,0.7540846250523671,47,1.9689987431922917,0,0.0,0.0,2.0,0.0,1.0,0.0,2.0,0.0,0.0,0.0,0.0,0.0,1.0,0.0,3.0,1.0,2.0,1.0,1.0,1.0,1.0,1.0,0.0,1.0,0.0,0.0
33,FEDXDF4,F,PR,1.0,CAS5,48,2.230769230769231,1.0,13,0.557713849893939,19,0.8151202421526801,0,0.0,0.0,0.0,0.0,1.0,0.0,0.0,0.0,0.0,2.0,0.0,0.0,2.0,0.0,1.0,0.0,2.0,1.0,1.0,1.0,0.0,0.0,1.0,1.0,0.0,0.0
34,FEDXDF5,F,PR,1.0,CAS5,50,2.2142857142857144,1.0,14,0.6528751117271396,19,0.8860447944868324,0,0.0,0.0,0.0,0.0,0.0,0.0,1.0,2.0,0.0,0.0,0.0,0.0,0.0,1.0,2.0,0.0,0.0,2.0,2.0,1.0,0.0,1.0,0.0,0.0,1.0,1.0
35,FEDXDF6,F,PR,1.0,CAS5,45,2.875,1.0,8,0.378663370892883,22,1.0413242699554282,1,6.0,0.047332921361610374,0.0,0.0,0.0,0.0,0.0,1.0,0.0,0.0,0.0,0.0,0.0,1.0,1.0,4.0,1.0,0.0,0.0,0.0,0.0,0.0,0.0,0.0,0.0,0.0
36,FEDXDF7,F,PR,1.0,CAS5,62,2.0,1.0,8,0.3626062322946176,46,2.084985835694051,0,0.0,0.0,0.0,0.0,0.0,0.0,1.0,1.0,0.0,1.0,0.0,0.0,0.0,1.0,1.0,1.0,0.0,0.0,1.0,0.0,1.0,0.0,0.0,0.0,0.0,0.0
37,FEDXDF8,F,PR,1.0,CAS5,68,2.263157894736842,1.0,19,0.8320762979903654,25,1.0948372341978494,0,0.0,0.0,1.0,1.0,0.0,0.0,0.0,2.0,0.0,0.0,0.0,0.0,1.0,1.0,1.0,4.0,0.0,1.0,1.0,1.0,0.0,1.0,1.0,0.0,1.0,2.0
38,FEDXDF9,F,PR,1.0,CAS5,86,2.0833333333333335,1.0,12,0.5163819792251879,61,2.624941727728039,0,0.0,0.0,0.0,0.0,0.0,2.0,1.0,1.0,0.0,0.0,0.0,0.0,0.0,0.0,1.0,1.0,1.0,0.0,0.0,1.0,0.0,0.0,0.0,3.0,1.0,0.0
39,FEDXDF10,F,PR,1.0,CAS5,77,2.4210526315789473,1.0,19,0.9059482655858863,31,1.478126117534867,0,0.0,0.0,0.0,0.0,0.0,0.0,0.0,1.0,0.0,0.0,0.0,0.0,0.0,0.0,0.0,1.0,2.0,2.0,4.0,2.0,0.0,2.0,1.0,2.0,1.0,1.0
40,FEDXDF1,F,PR,2.0,CAS20,188,2.375,1.0,48,2.154398563734291,74,3.321364452423698,1,6.0,0.04488330341113106,3.0,1.0,0.0,0.0,3.0,0.0,0.0,0.0,3.0,1.0,0.0,1.0,1.0,4.0,3.0,5.0,2.0,6.0,6.0,5.0,1.0,0.0,0.0,3.0
41,FEDXDF2,F,PR,2.0,CAS20,112,2.217391304347826,1.0,23,1.0954699407281965,61,2.905376799322608,0,0.0,0.0,1.0,0.0,0.0,0.0,2.0,1.0,0.0,0.0,1.0,0.0,0.0,0.0,1.0,3.0,1.0,1.0,1.0,0.0,3.0,2.0,3.0,2.0,0.0,1.0
42,FEDXDF3,F,PR,2.0,CAS20,129,3.4615384615384617,1.0,26,1.155170498722648,39,1.732755748083972,2,9.5,0.08885926913251138,1.0,3.0,0.0,0.0,1.0,0.0,0.0,0.0,0.0,0.0,1.0,0.0,1.0,2.0,3.0,3.0,2.0,0.0,1.0,1.0,3.0,1.0,2.0,1.0
43,FEDXDF4,F,PR,2.0,CAS20,128,2.8857142857142857,1.0,35,1.5657814616445676,27,1.2078885561258093,0,0.0,0.0,2.0,2.0,0.0,0.0,2.0,0.0,0.0,1.0,0.0,0.0,0.0,0.0,4.0,5.0,3.0,2.0,0.0,4.0,2.0,4.0,4.0,0.0,0.0,0.0
44,FEDXDF5,F,PR,2.0,CAS20,114,2.6666666666666665,1.0,36,1.9071724990434709,18,0.9535862495217354,0,0.0,0.0,0.0,0.0,0.0,2.0,2.0,4.0,1.0,0.0,1.0,0.0,1.0,1.0,2.0,2.0,2.0,3.0,3.0,3.0,2.0,2.0,3.0,1.0,1.0,0.0
45,FEDXDF6,F,PR,2.0,CAS20,216,3.2641509433962264,1.0,53,2.3893306618245567,43,1.9385135558199234,3,7.0,0.13524513180139,3.0,0.0,1.0,4.0,2.0,1.0,0.0,1.0,0.0,0.0,1.0,1.0,5.0,2.0,3.0,3.0,3.0,3.0,4.0,4.0,4.0,3.0,2.0,3.0
46,FEDXDF7,F,PR,2.0,CAS20,191,2.380952380952381,1.0,42,1.7802477275938398,91,3.8572034097866528,0,0.0,0.0,0.0,2.0,1.0,2.0,1.0,1.0,0.0,0.0,0.0,1.0,0.0,3.0,1.0,6.0,4.0,5.0,2.0,0.0,1.0,3.0,4.0,4.0,1.0,0.0
47,FEDXDF8,F,PR,2.0,CAS20,126,2.4615384615384617,1.0,39,1.7035320382930708,30,1.310409260225439,0,0.0,0.0,4.0,2.0,1.0,3.0,3.0,0.0,0.0,0.0,0.0,0.0,1.0,0.0,2.0,3.0,1.0,2.0,4.0,2.0,3.0,2.0,2.0,2.0,1.0,1.0
48,FEDXDF9,F,PR,2.0,CAS20,169,2.5454545454545454,1.0,33,1.3896037056098816,85,3.579282272025453,1,7.0,0.04210920320029944,1.0,1.0,1.0,1.0,2.0,1.0,0.0,1.0,3.0,0.0,1.0,1.0,2.0,3.0,2.0,2.0,1.0,1.0,2.0,2.0,2.0,3.0,0.0,0.0
49,FEDXDF10,F,PR,2.0,CAS20,96,2.64,1.0,25,1.0815487778498811,30,1.2978585334198574,0,0.0,0.0,1.0,0.0,1.0,2.0,1.0,0.0,3.0,0.0,0.0,1.0,1.0,2.0,3.0,3.0,1.0,2.0,1.0,1.0,1.0,0.0,0.0,0.0,0.0,1.0
50,FEDXDF1,F,PR,2.0,SUC,3,0.0,1.0,0,0.0,3,0.14248585036347086,0,0.0,0.0,0.0,0.0,0.0,0.0,0.0,0.0,0.0,0.0,0.0,0.0,0.0,0.0,0.0,0.0,0.0,0.0,0.0,0.0,0.0,0.0,0.0,0.0,0.0,0.0
51,FEDXDF2,F,PR,2.0,SUC,48,3.0,1.0,5,0.2298468964284346,33,1.5169895164276683,0,0.0,0.0,0.0,0.0,0.0,0.0,0.0,0.0,0.0,0.0,0.0,0.0,1.0,0.0,1.0,1.0,2.0,0.0,0.0,0.0,0.0,0.0,0.0,0.0,0.0,0.0
52,FEDXDF3,F,PR,2.0,SUC,61,2.25,1.0,8,0.3578217600357822,43,1.9232919601923293,0,0.0,0.0,0.0,0.0,0.0,0.0,1.0,0.0,0.0,0.0,0.0,0.0,0.0,1.0,2.0,0.0,0.0,0.0,1.0,0.0,0.0,2.0,0.0,0.0,1.0,0.0
53,FEDXDF4,F,PR,2.0,SUC,43,2.3333333333333335,1.0,3,0.1340233051636201,36,1.6082796619634412,0,0.0,0.0,0.0,0.0,0.0,0.0,0.0,0.0,0.0,0.0,0.0,0.0,0.0,0.0,0.0,1.0,0.0,0.0,0.0,0.0,1.0,1.0,0.0,0.0,0.0,0.0
54,FEDXDF5,F,PR,2.0,SUC,68,2.6153846153846154,1.0,13,0.5999923077909258,34,1.5692106511454982,0,0.0,0.0,1.0,1.0,0.0,0.0,1.0,0.0,0.0,0.0,0.0,0.0,0.0,0.0,0.0,1.0,1.0,1.0,2.0,1.0,1.0,0.0,1.0,0.0,0.0,2.0
55,FEDXDF6,F,PR,2.0,SUC,29,2.6666666666666665,1.0,3,0.13849705052577585,21,0.9694793536804308,0,0.0,0.0,0.0,0.0,0.0,1.0,0.0,0.0,0.0,0.0,0.0,0.0,0.0,0.0,0.0,0.0,0.0,1.0,1.0,0.0,0.0,0.0,0.0,0.0,0.0,0.0
56,FEDXDF7,F,PR,2.0,SUC,26,2.0,1.0,1,0.04233899421367079,24,1.0161358611280988,0,0.0,0.0,0.0,0.0,0.0,0.0,0.0,0.0,0.0,0.0,0.0,0.0,0.0,0.0,0.0,0.0,0.0,0.0,0.0,0.0,0.0,1.0,0.0,0.0,0.0,0.0
57,FEDXDF8,F,PR,2.0,SUC,57,2.2,1.0,10,0.4401731347663414,35,1.540605971682195,0,0.0,0.0,0.0,0.0,0.0,0.0,0.0,0.0,0.0,1.0,0.0,0.0,0.0,0.0,0.0,1.0,0.0,1.0,0.0,1.0,1.0,1.0,1.0,1.0,1.0,1.0
58,FEDXDF9,F,PR,2.0,SUC,34,2.0,1.0,2,0.09110694943564306,30,1.3666042415346458,0,0.0,0.0,0.0,0.0,0.0,0.0,0.0,0.0,0.0,0.0,0.0,0.0,0.0,0.0,0.0,0.0,0.0,0.0,0.0,0.0,0.0,1.0,1.0,0.0,0.0,0.0
59,FEDXDF10,F,PR,2.0,SUC,90,2.1363636363636362,1.0,22,0.9593139451785996,43,1.8750227110308992,0,0.0,0.0,2.0,0.0,0.0,0.0,0.0,0.0,0.0,0.0,0.0,0.0,0.0,1.0,0.0,2.0,1.0,1.0,3.0,0.0,2.0,3.0,3.0,1.0,2.0,1.0
60,FEDXDF1,F,PR,3.0,CAS5,197,2.1714285714285713,1.0,35,1.5442501194955451,121,5.3386932702560275,0,0.0,0.0,0.0,0.0,1.0,0.0,1.0,1.0,0.0,0.0,0.0,1.0,1.0,3.0,1.0,2.0,2.0,4.0,5.0,5.0,4.0,3.0,0.0,0.0,0.0,1.0
61,FEDXDF2,F,PR,3.0,CAS5,124,2.2142857142857144,1.0,28,1.247092591676152,62,2.7614193101400506,0,0.0,0.0,2.0,1.0,2.0,0.0,0.0,2.0,0.0,0.0,0.0,1.0,0.0,3.0,2.0,2.0,4.0,1.0,2.0,1.0,2.0,1.0,0.0,0.0,2.0,0.0
62,FEDXDF3,F,PR,3.0,CAS5,123,2.5483870967741935,1.0,31,1.3999698931205782,44,1.9870540418485627,0,0.0,0.0,1.0,0.0,3.0,0.0,0.0,3.0,0.0,0.0,0.0,1.0,1.0,0.0,3.0,5.0,1.0,5.0,0.0,0.0,5.0,1.0,1.0,1.0,0.0,0.0
63,FEDXDF4,F,PR,3.0,CAS5,144,2.2222222222222223,1.0,36,1.6076213158678176,64,2.857993450431676,0,0.0,0.0,1.0,0.0,6.0,0.0,1.0,1.0,0.0,2.0,0.0,1.0,1.0,1.0,2.0,6.0,2.0,3.0,0.0,1.0,3.0,3.0,2.0,0.0,0.0,0.0
64,FEDXDF5,F,PR,3.0,CAS5,126,2.3947368421052633,1.0,38,1.6843349462564179,35,1.5513611347098586,0,0.0,0.0,3.0,2.0,2.0,0.0,0.0,1.0,2.0,1.0,0.0,0.0,0.0,1.0,1.0,5.0,5.0,4.0,0.0,0.0,0.0,3.0,3.0,3.0,1.0,1.0
65,FEDXDF6,F,PR,3.0,CAS5,205,2.2982456140350878,1.0,57,2.7003553099091984,74,3.505724437425977,0,0.0,0.0,5.0,0.0,0.0,0.0,1.0,1.0,2.0,0.0,0.0,1.0,0.0,3.0,3.0,4.0,5.0,1.0,2.0,7.0,2.0,4.0,6.0,3.0,4.0,3.0
66,FEDXDF7,F,PR,3.0,CAS5,173,2.1153846153846154,1.0,26,1.1613047308279258,118,5.270536855295972,0,0.0,0.0,0.0,1.0,0.0,0.0,3.0,2.0,0.0,1.0,0.0,0.0,0.0,0.0,1.0,3.0,5.0,1.0,0.0,0.0,3.0,1.0,2.0,3.0,0.0,0.0
67,FEDXDF8,F,PR,3.0,CAS5,134,2.0833333333333335,1.0,36,1.7986010880426333,59,2.947707338736538,0,0.0,0.0,1.0,0.0,0.0,0.0,0.0,1.0,0.0,0.0,0.0,1.0,0.0,1.0,1.0,3.0,5.0,3.0,2.0,3.0,2.0,3.0,2.0,4.0,2.0,2.0
68,FEDXDF9,F,PR,3.0,CAS5,186,2.189189189189189,1.0,37,1.6585523776319557,105,4.706702693279874,0,0.0,0.0,2.0,2.0,2.0,0.0,1.0,0.0,0.0,2.0,1.0,1.0,1.0,1.0,4.0,4.0,2.0,5.0,2.0,1.0,2.0,2.0,0.0,2.0,0.0,0.0
69,FEDXDF10,F,PR,3.0,CAS5,98,2.1904761904761907,1.0,21,0.9935863736725896,52,2.460309115760698,0,0.0,0.0,0.0,1.0,0.0,0.0,0.0,1.0,0.0,0.0,0.0,1.0,0.0,1.0,1.0,1.0,4.0,1.0,2.0,0.0,1.0,2.0,0.0,3.0,1.0,1.0
70,FEDXDF1,F,PR,3.0,SUC,21,2.5,1.0,2,0.09917628584809497,16,0.7934102867847598,0,0.0,0.0,0.0,0.0,0.0,0.0,0.0,1.0,0.0,0.0,0.0,0.0,0.0,0.0,0.0,1.0,0.0,0.0,0.0,0.0,0.0,0.0,0.0,0.0,0.0,0.0
71,FEDXDF2,F,PR,3.0,SUC,33,2.0,1.0,1,0.04539092937927904,31,1.4071188107576502,0,0.0,0.0,0.0,1.0,0.0,0.0,0.0,0.0,0.0,0.0,0.0,0.0,0.0,0.0,0.0,0.0,0.0,0.0,0.0,0.0,0.0,0.0,0.0,0.0,0.0,0.0
72,FEDXDF3,F,PR,3.0,SUC,36,2.0,1.0,2,0.0888987665296144,32,1.4223802644738304,0,0.0,0.0,0.0,0.0,0.0,0.0,0.0,0.0,0.0,0.0,0.0,0.0,0.0,0.0,0.0,0.0,1.0,0.0,0.0,0.0,0.0,1.0,0.0,0.0,0.0,0.0
73,FEDXDF4,F,PR,3.0,SUC,27,2.0,1.0,1,0.04548153575985749,25,1.1370383939964372,0,0.0,0.0,0.0,0.0,0.0,0.0,0.0,0.0,0.0,0.0,0.0,0.0,0.0,0.0,0.0,0.0,0.0,1.0,0.0,0.0,0.0,0.0,0.0,0.0,0.0,0.0
74,FEDXDF5,F,PR,3.0,SUC,45,2.125,1.0,8,0.3581911347694145,28,1.2536689716929506,0,0.0,0.0,0.0,1.0,2.0,0.0,0.0,0.0,0.0,0.0,0.0,0.0,0.0,0.0,0.0,0.0,0.0,0.0,1.0,0.0,0.0,1.0,0.0,1.0,0.0,2.0
75,FEDXDF6,F,PR,3.0,SUC,33,2.0,1.0,5,0.24056130972268627,23,1.106582024724357,0,0.0,0.0,0.0,0.0,0.0,0.0,0.0,0.0,0.0,0.0,0.0,0.0,0.0,0.0,0.0,0.0,0.0,0.0,1.0,0.0,1.0,0.0,0.0,0.0,1.0,2.0
76,FEDXDF7,F,PR,3.0,SUC,19,0.0,1.0,0,0.0,19,0.8621015616137936,0,0.0,0.0,0.0,0.0,0.0,0.0,0.0,0.0,0.0,0.0,0.0,0.0,0.0,0.0,0.0,0.0,0.0,0.0,0.0,0.0,0.0,0.0,0.0,0.0,0.0,0.0
77,FEDXDF8,F,PR,3.0,SUC,25,2.0,1.0,2,0.10223497003947406,21,1.0734671854144775,0,0.0,0.0,0.0,0.0,0.0,0.0,0.0,0.0,0.0,0.0,0.0,0.0,0.0,0.0,0.0,1.0,0.0,0.0,0.0,0.0,1.0,0.0,0.0,0.0,0.0,0.0
78,FEDXDF9,F,PR,3.0,SUC,22,2.0,1.0,1,0.04637322719016888,20,0.9274645438033776,0,0.0,0.0,0.0,0.0,0.0,0.0,0.0,0.0,0.0,0.0,0.0,0.0,0.0,0.0,0.0,0.0,0.0,0.0,0.0,0.0,0.0,0.0,0.0,1.0,0.0,0.0
79,FEDXDF10,F,PR,3.0,SUC,65,2.0,1.0,5,0.2411607872559922,55,2.652768659815914,0,0.0,0.0,0.0,0.0,0.0,0.0,0.0,1.0,0.0,0.0,0.0,0.0,0.0,0.0,0.0,0.0,0.0,0.0,0.0,1.0,1.0,1.0,0.0,0.0,0.0,1.0
80,FEDXDF1,F,PR,4.0,CAS5,66,2.3333333333333335,1.0,3,0.1314508276533593,59,2.585199610516066,0,0.0,0.0,0.0,0.0,0.0,1.0,0.0,0.0,0.0,0.0,0.0,0.0,1.0,1.0,0.0,0.0,0.0,0.0,0.0,0.0,0.0,0.0,0.0,0.0,0.0,0.0
81,FEDXDF2,F,PR,4.0,CAS5,77,2.4,1.0,5,0.2184837229626393,65,2.840288398514311,0,0.0,0.0,0.0,0.0,0.0,0.0,0.0,0.0,0.0,0.0,1.0,0.0,1.0,2.0,1.0,0.0,0.0,0.0,0.0,0.0,0.0,0.0,0.0,0.0,0.0,0.0
82,FEDXDF3,F,PR,4.0,CAS5,63,3.5,1.0,2,0.0882115116022641,56,2.469922324863395,0,0.0,0.0,0.0,0.0,0.0,0.0,0.0,0.0,0.0,0.0,0.0,0.0,0.0,1.0,1.0,0.0,0.0,0.0,0.0,0.0,0.0,0.0,0.0,0.0,0.0,0.0
83,FEDXDF4,F,PR,4.0,CAS5,80,2.3,1.0,10,0.43973225191772125,57,2.5064738359310113,0,0.0,0.0,0.0,1.0,0.0,0.0,0.0,0.0,0.0,0.0,0.0,0.0,0.0,2.0,0.0,3.0,0.0,2.0,0.0,0.0,2.0,0.0,0.0,0.0,0.0,0.0
84,FEDXDF5,F,PR,4.0,CAS5,55,2.0,1.0,4,0.17997075475235275,47,2.1146563683401447,0,0.0,0.0,0.0,0.0,0.0,0.0,0.0,2.0,0.0,0.0,0.0,0.0,1.0,0.0,1.0,0.0,0.0,0.0,0.0,0.0,0.0,0.0,0.0,0.0,0.0,0.0
85,FEDXDF6,F,PR,4.0,CAS5,58,2.0,1.0,3,0.13638602295831387,52,2.364024397944107,0,0.0,0.0,0.0,0.0,0.0,0.0,0.0,0.0,0.0,0.0,1.0,0.0,1.0,0.0,1.0,0.0,0.0,0.0,0.0,0.0,0.0,0.0,0.0,0.0,0.0,0.0
86,FEDXDF7,F,PR,4.0,CAS5,79,2.0,1.0,3,0.13239837199038887,73,3.2216937184327956,0,0.0,0.0,0.0,0.0,0.0,0.0,0.0,0.0,0.0,0.0,0.0,1.0,1.0,0.0,0.0,0.0,0.0,0.0,0.0,0.0,0.0,1.0,0.0,0.0,0.0,0.0
87,FEDXDF8,F,PR,4.0,CAS5,63,2.0,1.0,3,0.13464991023339318,57,2.55834829443447,0,0.0,0.0,0.0,0.0,0.0,0.0,0.0,0.0,0.0,0.0,0.0,0.0,1.0,1.0,1.0,0.0,0.0,0.0,0.0,0.0,0.0,0.0,0.0,0.0,0.0,0.0
88,FEDXDF9,F,PR,4.0,CAS5,80,2.5,1.0,2,0.08798514028741812,75,3.2994427607781796,0,0.0,0.0,0.0,0.0,0.0,0.0,0.0,0.0,0.0,0.0,0.0,1.0,0.0,0.0,0.0,0.0,0.0,0.0,0.0,0.0,0.0,0.0,1.0,0.0,0.0,0.0
89,FEDXDF10,F,PR,4.0,CAS5,54,0.0,1.0,0,0.0,54,2.378883735728533,0,0.0,0.0,0.0,0.0,0.0,0.0,0.0,0.0,0.0,0.0,0.0,0.0,0.0,0.0,0.0,0.0,0.0,0.0,0.0,0.0,0.0,0.0,0.0,0.0,0.0,0.0
90,FEDXDF1,F,PR,4.0,SUC,33,0.0,1.0,0,0.0,33,1.4720824762707245,0,0.0,0.0,0.0,0.0,0.0,0.0,0.0,0.0,0.0,0.0,0.0,0.0,0.0,0.0,0.0,0.0,0.0,0.0,0.0,0.0,0.0,0.0,0.0,0.0,0.0,0.0
91,FEDXDF2,F,PR,4.0,SUC,47,0.0,1.0,0,0.0,47,2.091419247979036,0,0.0,0.0,0.0,0.0,0.0,0.0,0.0,0.0,0.0,0.0,0.0,0.0,0.0,0.0,0.0,0.0,0.0,0.0,0.0,0.0,0.0,0.0,0.0,0.0,0.0,0.0
92,FEDXDF3,F,PR,4.0,SUC,48,0.0,1.0,0,0.0,48,2.146770526629645,0,0.0,0.0,0.0,0.0,0.0,0.0,0.0,0.0,0.0,0.0,0.0,0.0,0.0,0.0,0.0,0.0,0.0,0.0,0.0,0.0,0.0,0.0,0.0,0.0,0.0,0.0
93,FEDXDF4,F,PR,4.0,SUC,43,2.0,1.0,1,0.04425377079005273,41,1.814404602392162,0,0.0,0.0,0.0,0.0,0.0,0.0,0.0,0.0,0.0,0.0,0.0,0.0,0.0,0.0,0.0,0.0,0.0,0.0,0.0,0.0,0.0,1.0,0.0,0.0,0.0,0.0
94,FEDXDF5,F,PR,4.0,SUC,48,2.0,1.0,1,0.04520398297316641,46,2.079383216765655,0,0.0,0.0,0.0,0.0,0.0,0.0,0.0,0.0,0.0,0.0,0.0,0.0,0.0,0.0,1.0,0.0,0.0,0.0,0.0,0.0,0.0,0.0,0.0,0.0,0.0,0.0
95,FEDXDF6,F,PR,4.0,SUC,39,2.0,1.0,1,0.045864546705396726,37,1.6969882280996789,0,0.0,0.0,0.0,0.0,0.0,0.0,0.0,0.0,0.0,0.0,0.0,0.0,0.0,1.0,0.0,0.0,0.0,0.0,0.0,0.0,0.0,0.0,0.0,0.0,0.0,0.0
96,FEDXDF7,F,PR,4.0,SUC,48,2.0,1.0,1,0.045880913539967365,46,2.1105220228384987,0,0.0,0.0,0.0,0.0,0.0,0.0,0.0,0.0,0.0,0.0,0.0,0.0,0.0,1.0,0.0,0.0,0.0,0.0,0.0,0.0,0.0,0.0,0.0,0.0,0.0,0.0
97,FEDXDF8,F,PR,4.0,SUC,41,0.0,1.0,0,0.0,41,1.898587636026858,0,0.0,0.0,0.0,0.0,0.0,0.0,0.0,0.0,0.0,0.0,0.0,0.0,0.0,0.0,0.0,0.0,0.0,0.0,0.0,0.0,0.0,0.0,0.0,0.0,0.0,0.0
98,FEDXDF9,F,PR,4.0,SUC,46,0.0,1.0,0,0.0,46,2.2420796100731115,0,0.0,0.0,0.0,0.0,0.0,0.0,0.0,0.0,0.0,0.0,0.0,0.0,0.0,0.0,0.0,0.0,0.0,0.0,0.0,0.0,0.0,0.0,0.0,0.0,0.0,0.0
99,FEDXDF10,F,PR,4.0,SUC,52,2.0,1.0,1,0.04423854406036103,50,2.211927203018052,0,0.0,0.0,0.0,0.0,0.0,1.0,0.0,0.0,0.0,0.0,0.0,0.0,0.0,0.0,0.0,0.0,0.0,0.0,0.0,0.0,0.0,0.0,0.0,0.0,0.0,0.0
100,FEDXDF11,F,NR,0.0,MIX,240,6.351351351351352,1.0,37,1.682604246933542,5,0.2273789522883165,16,10.125,0.7276126473226128,1.0,2.0,0.0,1.0,5.0,1.0,0.0,4.0,0.0,2.0,0.0,2.0,3.0,2.0,4.0,2.0,2.0,1.0,2.0,0.0,0.0,1.0,1.0,1.0
101,FEDXDF11,F,NR,0.0,MIX,319,6.104166666666667,1.0,48,0.9936231017371152,26,0.5382125134409375,21,10.095238095238095,0.4347101070099879,3.0,3.0,4.0,0.0,0.0,1.0,0.0,1.0,1.0,0.0,1.0,0.0,3.0,5.0,5.0,5.0,3.0,3.0,3.0,1.0,2.0,1.0,1.0,2.0
102,FEDXDF12,F,NR,0.0,MIX,271,4.049180327868853,1.0,61,2.6269199483228864,24,1.033542274749988,12,7.416666666666667,0.516771137374994,4.0,3.0,5.0,3.0,0.0,1.0,0.0,5.0,0.0,1.0,1.0,3.0,4.0,3.0,5.0,3.0,4.0,5.0,0.0,0.0,2.0,4.0,2.0,3.0
103,FEDXDF12,F,NR,0.0,MIX,304,3.4705882352941178,1.0,68,1.5788760827362025,68,1.5788760827362025,8,6.75,0.1857501273807297,3.0,2.0,3.0,0.0,1.0,0.0,2.0,0.0,0.0,1.0,2.0,0.0,2.0,4.0,6.0,10.0,5.0,3.0,0.0,1.0,5.0,5.0,6.0,7.0
104,FEDXDF13,F,NR,0.0,MIX,258,2.9166666666666665,1.0,72,3.0928573133188557,48,2.0619048755459035,3,7.0,0.12886905472161897,2.0,2.0,5.0,9.0,1.0,0.0,1.0,3.0,0.0,2.0,1.0,1.0,2.0,5.0,4.0,3.0,0.0,7.0,6.0,5.0,5.0,4.0,0.0,4.0
105,FEDXDF13,F,NR,0.0,MIX,340,2.5851063829787235,1.0,94,1.9977448624779357,97,2.0615026772378697,3,7.0,0.06375781475993413,1.0,2.0,3.0,0.0,0.0,0.0,1.0,0.0,0.0,1.0,1.0,2.0,3.0,8.0,7.0,5.0,10.0,7.0,8.0,7.0,7.0,7.0,7.0,7.0
106,FEDXDF14,F,NR,0.0,MIX,1,0.0,1.0,0,0.0,1,0.0,0,0.0,0.0,0.0,0.0,0.0,0.0,0.0,0.0,0.0,0.0,0.0,0.0,0.0,0.0,0.0,0.0,0.0,0.0,0.0,0.0,0.0,0.0,0.0,0.0,0.0,0.0
107,FEDXDF14,F,NR,0.0,MIX,164,3.475,1.0,40,2.2125933437816907,25,1.3828708398635567,4,7.25,0.22125933437816908,0.0,2.0,0.0,0.0,0.0,0.0,0.0,0.0,4.0,1.0,4.0,0.0,5.0,7.0,2.0,3.0,3.0,2.0,0.0,0.0,2.0,2.0,3.0,0.0
108,FEDXDF14,F,NR,0.0,MIX,206,3.375,1.0,48,1.9367203523755085,44,1.7753269896775494,7,7.142857142857143,0.28243838472142835,2.0,2.0,2.0,4.0,0.0,0.0,1.0,0.0,0.0,0.0,4.0,2.0,3.0,3.0,5.0,4.0,4.0,2.0,2.0,0.0,2.0,2.0,3.0,1.0
109,FEDXDF15,F,NR,0.0,MIX,145,4.166666666666667,1.0,30,1.2559015745284556,20,0.8372677163523037,6,7.5,0.2511803149056911,5.0,5.0,1.0,0.0,0.0,0.0,0.0,0.0,0.0,0.0,0.0,0.0,0.0,0.0,0.0,0.0,0.0,0.0,0.0,7.0,5.0,2.0,0.0,5.0
110,FEDXDF15,F,NR,0.0,MIX,272,3.391304347826087,1.0,69,2.9810623334853465,38,1.6417444735136693,6,8.5,0.25922281160742144,0.0,2.0,2.0,2.0,2.0,3.0,0.0,0.0,4.0,0.0,1.0,3.0,3.0,5.0,6.0,6.0,6.0,4.0,3.0,0.0,6.0,5.0,5.0,1.0
111,FEDXDF15,F,NR,0.0,MIX,175,3.0,1.0,45,1.8406999204635837,40,1.636177707078741,1,7.0,0.04090444267696852,0.0,3.0,2.0,0.0,0.0,1.0,0.0,0.0,0.0,0.0,1.0,1.0,2.0,3.0,6.0,5.0,4.0,4.0,2.0,0.0,3.0,2.0,3.0,3.0
112,FEDXDF16,F,NR,0.0,MIX,256,2.56140350877193,1.0,57,2.4525212444274462,110,4.732935734859984,1,7.0,0.04302668849872713,2.0,2.0,2.0,7.0,2.0,2.0,0.0,0.0,2.0,2.0,0.0,3.0,4.0,2.0,3.0,6.0,4.0,4.0,1.0,2.0,2.0,1.0,3.0,1.0
113,FEDXDF16,F,NR,0.0,MIX,307,3.2,1.0,70,1.45486455903748,83,1.7250536914301549,8,6.25,0.16627023531856916,2.0,2.0,4.0,2.0,0.0,2.0,0.0,3.0,0.0,0.0,2.0,0.0,5.0,2.0,7.0,8.0,8.0,6.0,4.0,5.0,4.0,2.0,0.0,2.0
114,FEDXDF17,F,NR,0.0,MIX,81,3.8125,1.0,16,0.9332318011697802,20,1.1665397514622253,3,6.666666666666667,0.17498096271933378,3.0,2.0,2.0,0.0,0.0,0.0,0.0,0.0,0.0,0.0,0.0,0.0,0.0,0.0,0.0,0.0,0.0,0.0,0.0,0.0,4.0,1.0,2.0,2.0
115,FEDXDF17,F,NR,0.0,MIX,271,3.352112676056338,1.0,71,3.040793747100182,33,1.4133266711874086,7,7.0,0.2997965666155109,0.0,4.0,2.0,5.0,0.0,1.0,0.0,2.0,2.0,0.0,4.0,0.0,2.0,7.0,6.0,5.0,5.0,0.0,3.0,4.0,6.0,3.0,6.0,4.0
116,FEDXDF17,F,NR,0.0,MIX,229,3.581818181818182,1.0,55,2.234788203027122,32,1.300240409033962,7,7.0,0.2844275894761792,0.0,3.0,4.0,5.0,0.0,0.0,1.0,0.0,0.0,0.0,0.0,0.0,2.0,5.0,5.0,6.0,5.0,2.0,4.0,4.0,4.0,3.0,2.0,0.0
117,FEDXDF18,F,NR,0.0,MIX,244,2.727272727272727,1.0,66,2.809008689483951,64,2.7238872140450434,2,8.0,0.0851214754389076,1.0,2.0,2.0,5.0,1.0,0.0,2.0,0.0,3.0,1.0,0.0,3.0,4.0,4.0,3.0,3.0,5.0,5.0,6.0,2.0,2.0,6.0,5.0,1.0
118,FEDXDF18,F,NR,0.0,MIX,288,3.7205882352941178,1.0,68,1.4071796050929786,35,0.7242836202684448,12,6.833333333333333,0.24832581266346682,2.0,2.0,5.0,1.0,1.0,1.0,1.0,0.0,0.0,1.0,1.0,0.0,3.0,4.0,6.0,6.0,2.0,3.0,6.0,3.0,3.0,4.0,5.0,8.0
119,FEDXDF19,F,NR,0.0,MIX,278,3.388888888888889,1.0,72,3.0596345436517307,34,1.4448274233910952,7,8.142857142857142,0.29746446952169603,2.0,3.0,6.0,3.0,0.0,2.0,4.0,2.0,0.0,2.0,2.0,2.0,4.0,3.0,5.0,5.0,3.0,6.0,3.0,4.0,3.0,4.0,3.0,1.0
120,FEDXDF19,F,NR,0.0,MIX,312,3.2948717948717947,1.0,78,1.6128661688684665,55,1.1372774267662265,9,7.0,0.18609994256174614,5.0,1.0,4.0,2.0,2.0,3.0,0.0,0.0,1.0,1.0,0.0,2.0,2.0,7.0,7.0,8.0,7.0,6.0,1.0,1.0,7.0,2.0,2.0,7.0
121,FEDXDF20,F,NR,0.0,MIX,305,3.051282051282051,1.0,78,3.4205525507966668,67,2.9381669346586756,7,8.142857142857142,0.3069726648150855,3.0,1.0,0.0,9.0,4.0,0.0,4.0,1.0,0.0,1.0,3.0,3.0,2.0,5.0,4.0,6.0,5.0,7.0,5.0,4.0,5.0,2.0,3.0,1.0
122,FEDXDF20,F,NR,0.0,MIX,283,2.6986301369863015,1.0,73,1.6837842859614165,86,1.9836362820915319,2,7.5,0.04613107632771004,3.0,0.0,4.0,3.0,0.0,0.0,4.0,0.0,0.0,0.0,3.0,2.0,2.0,5.0,5.0,6.0,6.0,3.0,7.0,3.0,0.0,8.0,5.0,4.0
123,FEDXDF11,F,NR,1.0,CAS20,95,3.0,1.0,27,1.1878574571051475,14,0.6159260888693358,1,6.0,0.043994720633523984,0.0,1.0,1.0,1.0,0.0,0.0,0.0,0.0,2.0,0.0,2.0,2.0,2.0,3.0,3.0,3.0,1.0,3.0,1.0,2.0,0.0,0.0,0.0,0.0
124,FEDXDF12,F,NR,1.0,CAS20,128,2.8125,1.0,32,1.3595326606479021,38,1.614445034519384,2,6.0,0.08497079129049388,2.0,1.0,0.0,2.0,0.0,0.0,0.0,0.0,0.0,3.0,0.0,1.0,1.0,0.0,3.0,2.0,3.0,1.0,2.0,2.0,2.0,3.0,2.0,2.0
125,FEDXDF13,F,NR,1.0,CAS20,119,2.4,1.0,30,1.2999049143627457,47,2.0365176991683014,0,0.0,0.0,5.0,1.0,0.0,0.0,0.0,0.0,0.0,1.0,0.0,0.0,2.0,0.0,1.0,2.0,3.0,2.0,0.0,3.0,4.0,1.0,3.0,0.0,0.0,2.0
126,FEDXDF14,F,NR,1.0,CAS20,114,2.357142857142857,1.0,28,1.1639991685720226,48,1.9954271461234672,0,0.0,0.0,4.0,2.0,1.0,2.0,2.0,0.0,1.0,0.0,0.0,0.0,0.0,0.0,1.0,1.0,2.0,2.0,4.0,2.0,1.0,2.0,0.0,1.0,0.0,0.0
127,FEDXDF15,F,NR,1.0,CAS20,136,2.2903225806451615,1.0,31,1.3319011815252417,65,2.7926960257787328,0,0.0,0.0,4.0,2.0,3.0,0.0,2.0,0.0,0.0,0.0,0.0,0.0,1.0,0.0,2.0,3.0,1.0,2.0,3.0,2.0,2.0,3.0,1.0,0.0,0.0,0.0
128,FEDXDF16,F,NR,1.0,CAS20,144,2.891891891891892,1.0,37,1.5863374897281075,37,1.5863374897281075,1,7.0,0.042873986208867766,2.0,0.0,0.0,2.0,0.0,2.0,0.0,0.0,2.0,0.0,1.0,2.0,2.0,4.0,1.0,2.0,3.0,3.0,1.0,2.0,1.0,2.0,2.0,3.0
129,FEDXDF17,F,NR,1.0,CAS20,72,2.588235294117647,1.0,17,0.8041732914602578,28,1.324520715346307,0,0.0,0.0,0.0,0.0,0.0,0.0,0.0,1.0,1.0,0.0,0.0,0.0,0.0,0.0,0.0,1.0,2.0,2.0,0.0,3.0,1.0,2.0,1.0,0.0,2.0,1.0
130,FEDXDF18,F,NR,1.0,CAS20,92,2.2857142857142856,1.0,21,0.9058340023244947,44,1.8979379096322746,0,0.0,0.0,1.0,2.0,1.0,0.0,1.0,0.0,0.0,0.0,1.0,0.0,0.0,1.0,0.0,2.0,1.0,1.0,1.0,0.0,3.0,1.0,3.0,1.0,0.0,1.0
131,FEDXDF19,F,NR,1.0,CAS20,130,2.58974358974359,1.0,39,1.6739594386751397,29,1.2447390697840783,0,0.0,0.0,0.0,1.0,0.0,1.0,0.0,2.0,1.0,1.0,1.0,1.0,0.0,1.0,3.0,4.0,3.0,3.0,3.0,2.0,2.0,2.0,3.0,1.0,0.0,4.0
132,FEDXDF20,F,NR,1.0,CAS20,128,2.4722222222222223,1.0,36,1.5661820686654822,39,1.6966972410542724,1,6.0,0.04350505746293006,3.0,1.0,2.0,0.0,2.0,3.0,0.0,0.0,0.0,2.0,1.0,1.0,1.0,4.0,3.0,1.0,4.0,2.0,2.0,1.0,1.0,0.0,0.0,2.0
133,FEDXDF11,F,NR,1.0,CAS5,73,2.611111111111111,1.0,18,0.7651615341016437,26,1.1052333270357075,1,6.0,0.04250897411675798,1.0,0.0,2.0,2.0,2.0,2.0,0.0,0.0,1.0,0.0,0.0,0.0,1.0,1.0,0.0,0.0,0.0,1.0,2.0,2.0,0.0,0.0,1.0,0.0
134,FEDXDF12,F,NR,1.0,CAS5,50,2.0,1.0,7,0.30062989120061084,36,1.5460965833174272,0,0.0,0.0,0.0,0.0,0.0,0.0,0.0,1.0,0.0,0.0,0.0,0.0,0.0,0.0,1.0,1.0,0.0,0.0,1.0,0.0,1.0,0.0,0.0,0.0,1.0,1.0
135,FEDXDF13,F,NR,1.0,CAS5,40,2.0,1.0,6,0.26225686603045095,28,1.2238653748087711,0,0.0,0.0,0.0,1.0,0.0,0.0,0.0,0.0,0.0,0.0,0.0,0.0,0.0,0.0,0.0,1.0,1.0,1.0,0.0,0.0,1.0,0.0,1.0,0.0,0.0,0.0
136,FEDXDF14,F,NR,1.0,CAS5,95,2.2777777777777777,1.0,18,0.7643041647500087,54,2.292912494250026,0,0.0,0.0,0.0,0.0,0.0,3.0,2.0,1.0,1.0,0.0,0.0,0.0,0.0,2.0,1.0,0.0,2.0,2.0,1.0,0.0,1.0,1.0,0.0,0.0,0.0,1.0
137,FEDXDF15,F,NR,1.0,CAS5,70,2.5,1.0,12,0.5118786657977369,40,1.7062622193257897,0,0.0,0.0,0.0,0.0,0.0,0.0,1.0,1.0,1.0,0.0,1.0,0.0,1.0,0.0,0.0,1.0,1.0,1.0,0.0,1.0,1.0,0.0,2.0,0.0,0.0,0.0
138,FEDXDF16,F,NR,1.0,CAS5,59,2.111111111111111,1.0,9,0.38478439010486565,40,1.710152844910514,0,0.0,0.0,0.0,0.0,0.0,1.0,2.0,2.0,0.0,0.0,0.0,0.0,0.0,0.0,0.0,0.0,1.0,0.0,0.0,0.0,0.0,1.0,0.0,0.0,1.0,1.0
139,FEDXDF17,F,NR,1.0,CAS5,115,2.264705882352941,1.0,34,1.5054424697128097,38,1.6825533485025521,0,0.0,0.0,3.0,2.0,0.0,0.0,2.0,2.0,2.0,0.0,0.0,0.0,1.0,0.0,2.0,2.0,3.0,3.0,0.0,0.0,2.0,1.0,3.0,4.0,1.0,1.0
140,FEDXDF18,F,NR,1.0,CAS5,107,2.0,1.0,15,0.6460798506837678,77,3.3165432335100085,0,0.0,0.0,0.0,0.0,0.0,0.0,0.0,0.0,0.0,0.0,2.0,0.0,0.0,0.0,0.0,1.0,3.0,2.0,1.0,0.0,0.0,3.0,0.0,2.0,1.0,0.0
141,FEDXDF19,F,NR,1.0,CAS5,55,2.4545454545454546,1.0,11,0.48633712004912494,28,1.237949032852318,0,0.0,0.0,0.0,1.0,0.0,0.0,1.0,0.0,0.0,0.0,0.0,1.0,0.0,0.0,0.0,0.0,1.0,2.0,2.0,1.0,0.0,2.0,0.0,0.0,0.0,0.0
142,FEDXDF20,F,NR,1.0,CAS5,61,2.2,1.0,10,0.4290771266135087,39,1.673400793792684,0,0.0,0.0,0.0,1.0,0.0,1.0,0.0,0.0,0.0,0.0,0.0,1.0,0.0,1.0,1.0,0.0,0.0,1.0,1.0,1.0,0.0,2.0,0.0,0.0,0.0,0.0
143,FEDXDF11,F,NR,2.0,CAS20,137,3.2,1.0,35,1.5504066741315878,25,1.1074333386654198,3,6.333333333333333,0.13289200063985038,2.0,3.0,0.0,0.0,2.0,1.0,0.0,0.0,3.0,0.0,1.0,1.0,3.0,3.0,4.0,3.0,0.0,3.0,2.0,1.0,2.0,0.0,0.0,1.0
144,FEDXDF12,F,NR,2.0,CAS20,160,2.5853658536585367,1.0,41,1.851665997591329,54,2.4387796065837017,2,7.0,0.09032517061421116,3.0,1.0,0.0,0.0,2.0,3.0,0.0,0.0,1.0,0.0,2.0,0.0,2.0,4.0,5.0,2.0,3.0,1.0,2.0,2.0,2.0,1.0,3.0,2.0
145,FEDXDF13,F,NR,2.0,CAS20,113,2.3333333333333335,1.0,30,1.3356748868386552,43,1.9144673378020725,0,0.0,0.0,2.0,2.0,0.0,0.0,0.0,0.0,0.0,0.0,0.0,0.0,0.0,0.0,1.0,3.0,1.0,2.0,4.0,4.0,0.0,4.0,2.0,2.0,0.0,3.0
146,FEDXDF14,F,NR,2.0,CAS20,145,2.9696969696969697,1.0,33,1.470442618080998,47,2.0942667590850577,2,8.0,0.0891177344291514,3.0,1.0,0.0,0.0,3.0,4.0,0.0,0.0,2.0,0.0,1.0,1.0,3.0,3.0,3.0,1.0,2.0,1.0,0.0,4.0,1.0,0.0,0.0,0.0
147,FEDXDF15,F,NR,2.0,CAS20,164,2.717391304347826,1.0,46,2.1169161542689863,39,1.7947767394889234,0,0.0,0.0,3.0,1.0,0.0,1.0,2.0,4.0,1.0,0.0,0.0,1.0,2.0,1.0,2.0,3.0,2.0,3.0,4.0,2.0,1.0,2.0,2.0,3.0,3.0,3.0
148,FEDXDF16,F,NR,2.0,CAS20,146,2.7837837837837838,1.0,37,1.5906946749943276,43,1.8486451628312455,1,7.0,0.04299174797281966,2.0,3.0,1.0,2.0,3.0,1.0,0.0,0.0,0.0,2.0,0.0,1.0,1.0,3.0,3.0,1.0,4.0,2.0,2.0,0.0,2.0,1.0,1.0,2.0
149,FEDXDF17,F,NR,2.0,CAS20,150,2.9047619047619047,1.0,42,1.7873608057309027,28,1.1915738704872685,1,6.0,0.04255620966025959,1.0,0.0,0.0,1.0,1.0,1.0,0.0,0.0,0.0,0.0,0.0,0.0,3.0,3.0,3.0,4.0,3.0,2.0,4.0,3.0,4.0,3.0,3.0,3.0
150,FEDXDF18,F,NR,2.0,CAS20,108,2.12,1.0,25,1.129036304789623,55,2.4838798705371703,0,0.0,0.0,2.0,1.0,0.0,4.0,0.0,0.0,0.0,2.0,0.0,0.0,1.0,0.0,0.0,4.0,6.0,1.0,0.0,1.0,1.0,1.0,0.0,0.0,1.0,0.0
151,FEDXDF19,F,NR,2.0,CAS20,128,2.8421052631578947,1.0,38,1.6526729084868619,20,0.8698278465720326,0,0.0,0.0,2.0,0.0,0.0,2.0,2.0,0.0,0.0,1.0,0.0,2.0,0.0,2.0,3.0,2.0,2.0,4.0,4.0,5.0,1.0,2.0,3.0,1.0,0.0,0.0
152,FEDXDF20,F,NR,2.0,CAS20,142,2.6842105263157894,1.0,38,1.617537511971906,40,1.7026710652335852,2,6.0,0.08513355326167926,0.0,0.0,4.0,5.0,2.0,1.0,0.0,1.0,0.0,1.0,1.0,4.0,3.0,1.0,3.0,2.0,0.0,2.0,1.0,4.0,2.0,1.0,0.0,0.0
153,FEDXDF11,F,NR,2.0,SUC,30,2.2222222222222223,1.0,9,0.45519683048132853,10,0.5057742560903651,0,0.0,0.0,0.0,0.0,0.0,0.0,0.0,0.0,0.0,0.0,0.0,0.0,0.0,0.0,0.0,0.0,2.0,1.0,0.0,2.0,0.0,1.0,1.0,0.0,1.0,1.0
154,FEDXDF12,F,NR,2.0,SUC,24,2.3333333333333335,1.0,3,0.1386642015253062,17,0.7857638086434018,0,0.0,0.0,0.0,0.0,0.0,0.0,0.0,0.0,0.0,0.0,0.0,0.0,0.0,0.0,0.0,0.0,0.0,0.0,0.0,1.0,0.0,1.0,0.0,1.0,0.0,0.0
155,FEDXDF13,F,NR,2.0,SUC,45,2.3333333333333335,1.0,3,0.1347961208671884,38,1.7074175309843862,0,0.0,0.0,0.0,0.0,0.0,0.0,0.0,0.0,0.0,0.0,0.0,0.0,0.0,0.0,0.0,0.0,0.0,0.0,1.0,1.0,0.0,1.0,0.0,0.0,0.0,0.0
156,FEDXDF14,F,NR,2.0,SUC,43,2.0,1.0,3,0.13419483101391652,37,1.6550695825049704,0,0.0,0.0,0.0,0.0,0.0,0.0,0.0,0.0,0.0,0.0,1.0,0.0,0.0,0.0,0.0,0.0,1.0,0.0,0.0,1.0,0.0,0.0,0.0,0.0,0.0,0.0
157,FEDXDF15,F,NR,2.0,SUC,54,2.111111111111111,1.0,9,0.4247509176717357,35,1.651809124278972,0,0.0,0.0,1.0,0.0,0.0,0.0,0.0,0.0,0.0,0.0,0.0,0.0,0.0,0.0,0.0,0.0,3.0,0.0,1.0,0.0,1.0,1.0,1.0,1.0,0.0,0.0
158,FEDXDF16,F,NR,2.0,SUC,37,2.0,1.0,3,0.1300531050178823,31,1.343882085184784,0,0.0,0.0,0.0,1.0,0.0,0.0,0.0,0.0,0.0,0.0,0.0,0.0,0.0,0.0,0.0,1.0,1.0,0.0,0.0,0.0,0.0,0.0,0.0,0.0,0.0,0.0
159,FEDXDF17,F,NR,2.0,SUC,45,2.0,1.0,9,0.42077922077922075,27,1.2623376623376623,0,0.0,0.0,0.0,0.0,0.0,0.0,1.0,0.0,0.0,0.0,0.0,0.0,0.0,0.0,0.0,1.0,1.0,0.0,2.0,1.0,0.0,1.0,0.0,1.0,0.0,1.0
160,FEDXDF18,F,NR,2.0,SUC,84,2.2,1.0,5,0.21173481390862467,73,3.09132828306592,0,0.0,0.0,0.0,0.0,0.0,0.0,0.0,0.0,0.0,0.0,0.0,0.0,1.0,0.0,1.0,0.0,0.0,1.0,0.0,0.0,0.0,1.0,0.0,1.0,0.0,0.0
161,FEDXDF19,F,NR,2.0,SUC,47,2.0,1.0,11,0.46681598491099846,25,1.0609454202522692,0,0.0,0.0,1.0,0.0,0.0,2.0,0.0,0.0,0.0,0.0,0.0,0.0,0.0,1.0,0.0,0.0,1.0,0.0,2.0,1.0,0.0,1.0,1.0,1.0,0.0,0.0
162,FEDXDF20,F,NR,2.0,SUC,58,2.0,1.0,4,0.17185001312743153,50,2.1481251640928942,0,0.0,0.0,0.0,0.0,0.0,0.0,0.0,0.0,0.0,0.0,0.0,0.0,0.0,0.0,0.0,1.0,0.0,2.0,0.0,0.0,0.0,0.0,0.0,0.0,0.0,1.0
163,FEDXDF11,F,NR,3.0,CAS5,147,2.575,1.0,40,1.7933645511607055,44,1.972701006276776,1,7.0,0.04483411377901764,3.0,0.0,4.0,0.0,1.0,1.0,0.0,2.0,1.0,2.0,3.0,0.0,1.0,5.0,5.0,1.0,0.0,3.0,4.0,0.0,1.0,3.0,0.0,0.0
164,FEDXDF12,F,NR,3.0,CAS5,136,2.84,1.0,25,1.1956478418556453,65,3.108684388824678,2,6.0,0.09565182734845164,0.0,0.0,0.0,0.0,0.0,2.0,1.0,1.0,0.0,1.0,1.0,1.0,1.0,3.0,1.0,3.0,4.0,1.0,3.0,0.0,2.0,0.0,0.0,0.0
165,FEDXDF13,F,NR,3.0,CAS5,98,2.357142857142857,1.0,14,0.6200177147918512,65,2.8786536758193093,0,0.0,0.0,3.0,0.0,0.0,0.0,0.0,0.0,0.0,0.0,0.0,0.0,0.0,0.0,2.0,0.0,2.0,0.0,2.0,0.0,0.0,2.0,1.0,0.0,0.0,2.0
166,FEDXDF14,F,NR,3.0,CAS5,134,2.32,1.0,25,1.1032386182549216,76,3.353845399494962,0,0.0,0.0,1.0,0.0,3.0,0.0,0.0,1.0,0.0,0.0,0.0,0.0,1.0,2.0,2.0,6.0,3.0,2.0,0.0,0.0,1.0,2.0,1.0,0.0,0.0,0.0
167,FEDXDF15,F,NR,3.0,CAS5,142,2.375,1.0,32,1.4258131590672805,66,2.940739640576266,0,0.0,0.0,2.0,0.0,1.0,1.0,0.0,0.0,3.0,0.0,0.0,0.0,0.0,1.0,2.0,3.0,5.0,2.0,0.0,1.0,5.0,3.0,2.0,1.0,0.0,0.0
168,FEDXDF16,F,NR,3.0,CAS5,136,2.5,1.0,28,1.2505272560355307,66,2.947671389226608,0,0.0,0.0,1.0,1.0,0.0,0.0,2.0,2.0,0.0,0.0,1.0,0.0,1.0,2.0,3.0,2.0,3.0,2.0,2.0,1.0,0.0,1.0,2.0,1.0,1.0,0.0
169,FEDXDF17,F,NR,3.0,CAS5,154,2.152173913043478,1.0,46,2.0846183864348746,55,2.492478505519959,0,0.0,0.0,2.0,5.0,1.0,0.0,1.0,1.0,0.0,0.0,0.0,0.0,0.0,2.0,2.0,6.0,3.0,3.0,1.0,2.0,4.0,5.0,5.0,2.0,0.0,1.0
170,FEDXDF18,F,NR,3.0,CAS5,143,2.05,1.0,20,0.901871383119974,102,4.599544053911867,0,0.0,0.0,2.0,0.0,1.0,0.0,0.0,1.0,0.0,0.0,1.0,0.0,0.0,1.0,1.0,1.0,2.0,1.0,0.0,1.0,0.0,2.0,0.0,3.0,1.0,2.0
171,FEDXDF19,F,NR,3.0,CAS5,139,2.4444444444444446,1.0,36,1.621763667988938,51,2.2974985296509955,0,0.0,0.0,2.0,0.0,2.0,0.0,1.0,1.0,0.0,2.0,0.0,2.0,1.0,1.0,1.0,4.0,3.0,2.0,2.0,4.0,3.0,4.0,0.0,0.0,0.0,1.0
172,FEDXDF20,F,NR,3.0,CAS5,145,2.323529411764706,1.0,34,1.5345653318622903,66,2.9788621147915046,0,0.0,0.0,1.0,3.0,2.0,0.0,2.0,1.0,2.0,0.0,0.0,1.0,1.0,1.0,3.0,5.0,1.0,0.0,3.0,1.0,3.0,1.0,0.0,3.0,0.0,0.0
173,FEDXDF11,F,NR,3.0,SUC,11,2.0,1.0,1,0.044617958728388175,9,0.40156162855549354,0,0.0,0.0,0.0,0.0,0.0,0.0,0.0,0.0,0.0,0.0,0.0,0.0,1.0,0.0,0.0,0.0,0.0,0.0,0.0,0.0,0.0,0.0,0.0,0.0,0.0,0.0
174,FEDXDF12,F,NR,3.0,SUC,47,2.0,1.0,3,0.14483618758968445,41,1.9794278970590207,0,0.0,0.0,0.0,0.0,0.0,0.0,0.0,0.0,0.0,0.0,0.0,0.0,0.0,0.0,0.0,0.0,2.0,0.0,0.0,0.0,0.0,1.0,0.0,0.0,0.0,0.0
175,FEDXDF13,F,NR,3.0,SUC,27,2.0,1.0,1,0.044635107992164066,25,1.1158776998041016,0,0.0,0.0,0.0,0.0,0.0,0.0,0.0,0.0,0.0,0.0,0.0,0.0,0.0,0.0,0.0,0.0,0.0,0.0,1.0,0.0,0.0,0.0,0.0,0.0,0.0,0.0
176,FEDXDF14,F,NR,3.0,SUC,24,0.0,1.0,0,0.0,24,1.0837932764676366,0,0.0,0.0,0.0,0.0,0.0,0.0,0.0,0.0,0.0,0.0,0.0,0.0,0.0,0.0,0.0,0.0,0.0,0.0,0.0,0.0,0.0,0.0,0.0,0.0,0.0,0.0
177,FEDXDF15,F,NR,3.0,SUC,30,2.0,1.0,1,0.04442744134960694,28,1.2439683577889944,0,0.0,0.0,0.0,0.0,0.0,0.0,0.0,0.0,1.0,0.0,0.0,0.0,0.0,0.0,0.0,0.0,0.0,0.0,0.0,0.0,0.0,0.0,0.0,0.0,0.0,0.0
178,FEDXDF16,F,NR,3.0,SUC,30,2.0,1.0,1,0.047923960649103425,28,1.341870898174896,0,0.0,0.0,0.0,0.0,0.0,0.0,0.0,0.0,0.0,0.0,0.0,0.0,0.0,0.0,0.0,0.0,0.0,0.0,0.0,0.0,0.0,0.0,1.0,0.0,0.0,0.0
179,FEDXDF17,F,NR,3.0,SUC,25,2.0,1.0,3,0.13861436968965785,19,0.8778910080344996,0,0.0,0.0,0.0,0.0,1.0,0.0,0.0,0.0,0.0,0.0,0.0,0.0,0.0,0.0,0.0,0.0,0.0,1.0,1.0,0.0,0.0,0.0,0.0,0.0,0.0,0.0
180,FEDXDF18,F,NR,3.0,SUC,52,2.0,1.0,2,0.09394449446118919,48,2.2546678670685405,0,0.0,0.0,0.0,0.0,0.0,0.0,0.0,0.0,0.0,0.0,1.0,0.0,0.0,0.0,1.0,0.0,0.0,0.0,0.0,0.0,0.0,0.0,0.0,0.0,0.0,0.0
181,FEDXDF19,F,NR,3.0,SUC,35,2.0,1.0,4,0.20572016343324095,27,1.3886111031743764,0,0.0,0.0,0.0,0.0,0.0,0.0,0.0,1.0,0.0,0.0,0.0,0.0,0.0,0.0,0.0,0.0,0.0,0.0,2.0,0.0,0.0,0.0,0.0,0.0,1.0,0.0
182,FEDXDF20,F,NR,3.0,SUC,32,2.0,1.0,2,0.09013858807917172,28,1.261940233108404,0,0.0,0.0,0.0,0.0,0.0,0.0,0.0,0.0,0.0,0.0,0.0,0.0,0.0,0.0,0.0,0.0,1.0,0.0,1.0,0.0,0.0,0.0,0.0,0.0,0.0,0.0
183,FEDXDF11,F,NR,4.0,CAS5,86,2.727272727272727,1.0,11,0.4814999452840971,56,2.45127244871904,0,0.0,0.0,0.0,0.0,0.0,1.0,0.0,1.0,0.0,0.0,1.0,0.0,1.0,1.0,2.0,0.0,0.0,0.0,0.0,1.0,1.0,0.0,0.0,1.0,0.0,1.0
184,FEDXDF12,F,NR,4.0,CAS5,62,2.6666666666666665,1.0,3,0.13124475932384647,54,2.3624056678292362,0,0.0,0.0,0.0,0.0,0.0,0.0,0.0,0.0,0.0,0.0,0.0,0.0,1.0,1.0,0.0,0.0,0.0,0.0,1.0,0.0,0.0,0.0,0.0,0.0,0.0,0.0
185,FEDXDF13,F,NR,4.0,CAS5,68,3.5,1.0,2,0.08758378240295839,61,2.671305363290231,0,0.0,0.0,0.0,0.0,0.0,0.0,0.0,0.0,0.0,0.0,0.0,0.0,0.0,0.0,0.0,0.0,0.0,0.0,1.0,0.0,0.0,0.0,1.0,0.0,0.0,0.0
186,FEDXDF14,F,NR,4.0,CAS5,101,2.888888888888889,1.0,9,0.39131379985023795,75,3.2609483320853165,0,0.0,0.0,0.0,1.0,0.0,0.0,0.0,0.0,0.0,0.0,0.0,0.0,1.0,1.0,0.0,0.0,0.0,1.0,0.0,1.0,2.0,0.0,1.0,0.0,0.0,1.0
187,FEDXDF15,F,NR,4.0,CAS5,86,3.0,1.0,3,0.13109341619731987,77,3.36473101573121,0,0.0,0.0,0.0,0.0,0.0,0.0,0.0,0.0,0.0,0.0,0.0,0.0,1.0,1.0,1.0,0.0,0.0,0.0,0.0,0.0,0.0,0.0,0.0,0.0,0.0,0.0
188,FEDXDF16,F,NR,4.0,CAS5,83,3.25,1.0,4,0.17681945996389936,70,3.0943405493682388,0,0.0,0.0,0.0,0.0,0.0,0.0,0.0,0.0,0.0,0.0,0.0,1.0,1.0,1.0,0.0,0.0,0.0,0.0,0.0,0.0,0.0,0.0,0.0,1.0,0.0,0.0
189,FEDXDF17,F,NR,4.0,CAS5,78,2.2222222222222223,1.0,9,0.4386677497969131,58,2.826969943135662,0,0.0,0.0,0.0,0.0,0.0,0.0,0.0,2.0,0.0,0.0,0.0,0.0,1.0,0.0,1.0,0.0,0.0,1.0,3.0,0.0,0.0,1.0,0.0,0.0,0.0,0.0
190,FEDXDF18,F,NR,4.0,CAS5,91,2.0,1.0,2,0.08796901535792392,87,3.8266521680696908,0,0.0,0.0,0.0,0.0,0.0,0.0,0.0,0.0,0.0,0.0,0.0,1.0,1.0,0.0,0.0,0.0,0.0,0.0,0.0,0.0,0.0,0.0,0.0,0.0,0.0,0.0
191,FEDXDF19,F,NR,4.0,CAS5,98,2.272727272727273,1.0,11,0.49588018733251515,73,3.2908412432066916,0,0.0,0.0,1.0,1.0,0.0,0.0,0.0,0.0,0.0,0.0,0.0,0.0,1.0,1.0,3.0,0.0,0.0,0.0,0.0,0.0,1.0,2.0,1.0,0.0,0.0,0.0
192,FEDXDF20,F,NR,4.0,CAS5,66,2.2,1.0,5,0.22841190279804582,55,2.512530930778504,0,0.0,0.0,0.0,0.0,0.0,0.0,1.0,1.0,0.0,0.0,0.0,0.0,1.0,1.0,1.0,0.0,0.0,0.0,0.0,0.0,0.0,0.0,0.0,0.0,0.0,0.0
193,FEDXDF11,F,NR,4.0,SUC,42,0.0,1.0,0,0.0,42,1.8914185639229422,0,0.0,0.0,0.0,0.0,0.0,0.0,0.0,0.0,0.0,0.0,0.0,0.0,0.0,0.0,0.0,0.0,0.0,0.0,0.0,0.0,0.0,0.0,0.0,0.0,0.0,0.0
194,FEDXDF12,F,NR,4.0,SUC,47,0.0,1.0,0,0.0,47,2.094396375654499,0,0.0,0.0,0.0,0.0,0.0,0.0,0.0,0.0,0.0,0.0,0.0,0.0,0.0,0.0,0.0,0.0,0.0,0.0,0.0,0.0,0.0,0.0,0.0,0.0,0.0,0.0
195,FEDXDF13,F,NR,4.0,SUC,40,0.0,1.0,0,0.0,40,1.7832596500352937,0,0.0,0.0,0.0,0.0,0.0,0.0,0.0,0.0,0.0,0.0,0.0,0.0,0.0,0.0,0.0,0.0,0.0,0.0,0.0,0.0,0.0,0.0,0.0,0.0,0.0,0.0
196,FEDXDF14,F,NR,4.0,SUC,41,0.0,1.0,0,0.0,41,1.8129337345697967,0,0.0,0.0,0.0,0.0,0.0,0.0,0.0,0.0,0.0,0.0,0.0,0.0,0.0,0.0,0.0,0.0,0.0,0.0,0.0,0.0,0.0,0.0,0.0,0.0,0.0,0.0
197,FEDXDF15,F,NR,4.0,SUC,53,2.0,1.0,2,0.08929125069758789,49,2.1876356420909033,0,0.0,0.0,0.0,0.0,0.0,0.0,0.0,0.0,0.0,0.0,0.0,0.0,1.0,0.0,1.0,0.0,0.0,0.0,0.0,0.0,0.0,0.0,0.0,0.0,0.0,0.0
198,FEDXDF16,F,NR,4.0,SUC,52,0.0,1.0,0,0.0,52,2.280090618986139,0,0.0,0.0,0.0,0.0,0.0,0.0,0.0,0.0,0.0,0.0,0.0,0.0,0.0,0.0,0.0,0.0,0.0,0.0,0.0,0.0,0.0,0.0,0.0,0.0,0.0,0.0
199,FEDXDF17,F,NR,4.0,SUC,59,2.0,1.0,3,0.1333613227467493,53,2.3560500351925713,0,0.0,0.0,0.0,0.0,0.0,0.0,0.0,0.0,0.0,0.0,0.0,0.0,0.0,0.0,0.0,1.0,0.0,2.0,0.0,0.0,0.0,0.0,0.0,0.0,0.0,0.0
200,FEDXDF18,F,NR,4.0,SUC,60,0.0,1.0,0,0.0,60,2.6561731431382194,0,0.0,0.0,0.0,0.0,0.0,0.0,0.0,0.0,0.0,0.0,0.0,0.0,0.0,0.0,0.0,0.0,0.0,0.0,0.0,0.0,0.0,0.0,0.0,0.0,0.0,0.0
201,FEDXDF19,F,NR,4.0,SUC,55,2.5,1.0,4,0.18080458038270306,45,2.034051529305409,0,0.0,0.0,0.0,0.0,0.0,0.0,0.0,1.0,0.0,0.0,0.0,1.0,0.0,0.0,0.0,1.0,0.0,0.0,0.0,0.0,1.0,0.0,0.0,0.0,0.0,0.0
202,FEDXDF20,F,NR,4.0,SUC,51,2.0,1.0,1,0.04580793749761417,49,2.2445889373830945,0,0.0,0.0,0.0,0.0,0.0,0.0,0.0,1.0,0.0,0.0,0.0,0.0,0.0,0.0,0.0,0.0,0.0,0.0,0.0,0.0,0.0,0.0,0.0,0.0,0.0,0.0
203,FEDXDM1,M,PR,0.0,MIX,263,3.0428571428571427,1.0,70,3.1599142308994477,50,2.2570815934996054,1,14.0,0.04514163186999211,4.0,2.0,2.0,0.0,4.0,3.0,3.0,2.0,2.0,3.0,0.0,3.0,0.0,4.0,3.0,6.0,6.0,4.0,3.0,7.0,1.0,1.0,1.0,6.0
204,FEDXDM1,M,PR,0.0,MIX,329,3.739130434782609,1.0,69,1.4657288519637464,71,1.508213746223565,15,8.733333333333333,0.3186367069486405,3.0,0.0,4.0,2.0,0.0,1.0,0.0,2.0,0.0,0.0,0.0,3.0,2.0,7.0,9.0,5.0,5.0,5.0,1.0,5.0,1.0,6.0,1.0,7.0
205,FEDXDM2,M,PR,0.0,MIX,296,5.634615384615385,1.0,52,2.517550229968531,3,0.14524328249818447,20,9.45,0.9682885499878965,4.0,0.0,2.0,0.0,0.0,2.0,7.0,0.0,1.0,0.0,1.0,1.0,1.0,7.0,5.0,4.0,3.0,2.0,5.0,2.0,1.0,2.0,0.0,2.0
206,FEDXDM2,M,PR,0.0,MIX,273,6.72972972972973,1.0,37,0.8008561705607194,24,0.5194742727961423,17,11.411764705882353,0.36796094323060086,1.0,2.0,1.0,0.0,2.0,0.0,0.0,0.0,0.0,0.0,0.0,0.0,2.0,5.0,7.0,2.0,1.0,2.0,5.0,0.0,2.0,1.0,1.0,3.0
207,FEDXDM3,M,PR,0.0,MIX,312,3.2738095238095237,1.0,84,5.907634601859811,37,2.6021723841525355,9,7.0,0.6329608501992654,6.0,0.0,4.0,0.0,0.0,0.0,0.0,0.0,0.0,0.0,0.0,0.0,5.0,6.0,8.0,7.0,4.0,8.0,9.0,8.0,1.0,6.0,9.0,3.0
208,FEDXDM3,M,PR,0.0,MIX,408,3.5652173913043477,1.0,92,1.950242897099956,80,1.6958633887825705,11,8.818181818181818,0.23318121595760344,4.0,1.0,5.0,2.0,0.0,2.0,1.0,0.0,1.0,0.0,1.0,0.0,5.0,3.0,5.0,12.0,10.0,4.0,7.0,2.0,8.0,3.0,6.0,10.0
209,FEDXDM4,M,PR,0.0,MIX,235,2.955223880597015,1.0,67,3.03923792243139,37,1.678385121342708,3,6.666666666666667,0.13608528010886822,4.0,0.0,5.0,0.0,4.0,3.0,0.0,0.0,1.0,3.0,0.0,2.0,1.0,5.0,5.0,3.0,3.0,6.0,5.0,5.0,0.0,5.0,3.0,4.0
210,FEDXDM4,M,PR,0.0,MIX,318,5.290909090909091,1.0,55,1.2256950247924674,27,0.6017048303526659,24,8.291666666666666,0.5348487380912585,5.0,1.0,4.0,1.0,0.0,1.0,1.0,0.0,0.0,0.0,1.0,1.0,3.0,4.0,4.0,6.0,4.0,4.0,5.0,2.0,1.0,3.0,1.0,3.0
211,FEDXDM5,M,PR,0.0,MIX,101,4.65,1.0,20,3.7190082644628095,8,1.487603305785124,7,7.142857142857143,1.3016528925619835,12.0,1.0,3.0,0.0,0.0,0.0,0.0,0.0,0.0,0.0,0.0,0.0,0.0,0.0,0.0,0.0,0.0,0.0,0.0,0.0,0.0,0.0,4.0,0.0
212,FEDXDM5,M,PR,0.0,MIX,232,3.9814814814814814,1.0,54,2.3407585791691754,17,0.736905478627333,11,7.545454545454546,0.4768211920529802,3.0,0.0,1.0,1.0,0.0,3.0,0.0,0.0,3.0,0.0,2.0,1.0,3.0,3.0,3.0,3.0,5.0,3.0,5.0,3.0,0.0,0.0,7.0,5.0
213,FEDXDM5,M,PR,0.0,MIX,139,3.7,1.0,30,1.332050617923481,28,1.2432472433952488,4,8.75,0.17760674905646412,3.0,3.0,0.0,0.0,0.0,0.0,0.0,0.0,0.0,0.0,0.0,0.0,1.0,1.0,1.0,1.0,6.0,3.0,4.0,1.0,2.0,0.0,1.0,3.0
214,FEDXDM6,M,PR,0.0,MIX,248,4.519230769230769,1.0,52,2.519278129920465,13,0.6298195324801162,16,7.625,0.7751625015139892,6.0,0.0,2.0,0.0,0.0,0.0,0.0,0.0,0.0,0.0,0.0,5.0,1.0,8.0,2.0,5.0,4.0,5.0,2.0,1.0,1.0,2.0,3.0,5.0
215,FEDXDM6,M,PR,0.0,MIX,355,4.5,1.0,70,1.5548740983889777,40,0.8884994847937016,17,8.647058823529411,0.37761228103732314,8.0,1.0,1.0,1.0,1.0,0.0,0.0,1.0,0.0,2.0,0.0,1.0,4.0,7.0,6.0,6.0,6.0,6.0,3.0,0.0,3.0,4.0,6.0,3.0
216,FEDXDM7,M,PR,0.0,MIX,149,3.7941176470588234,1.0,34,3.3088235294117645,20,1.9463667820069204,4,8.25,0.38927335640138405,3.0,0.0,3.0,0.0,0.0,0.0,0.0,0.0,0.0,0.0,0.0,0.0,0.0,0.0,0.0,0.0,6.0,4.0,0.0,6.0,0.0,0.0,6.0,6.0
217,FEDXDM7,M,PR,0.0,MIX,218,3.245614035087719,1.0,57,2.5348980852378014,33,1.4675725756639901,4,7.75,0.1778875849289685,3.0,3.0,0.0,1.0,0.0,3.0,0.0,1.0,0.0,1.0,3.0,1.0,4.0,5.0,3.0,2.0,4.0,4.0,2.0,4.0,3.0,2.0,1.0,7.0
218,FEDXDM7,M,PR,0.0,MIX,162,4.2727272727272725,1.0,33,1.4188124014713612,21,0.9028806191181389,8,8.125,0.34395452156881484,1.0,2.0,0.0,1.0,0.0,1.0,0.0,0.0,0.0,0.0,0.0,0.0,0.0,2.0,4.0,3.0,1.0,4.0,5.0,0.0,0.0,2.0,4.0,3.0
219,FEDXDM8,M,PR,0.0,MIX,260,3.8666666666666667,1.0,60,2.7236274682873933,28,1.2710261518674502,12,7.916666666666667,0.5447254936574787,0.0,1.0,2.0,0.0,1.0,4.0,0.0,2.0,2.0,3.0,0.0,3.0,4.0,4.0,2.0,6.0,6.0,5.0,1.0,6.0,1.0,0.0,3.0,4.0
220,FEDXDM8,M,PR,0.0,MIX,298,3.7846153846153845,1.0,65,1.385361348418379,52,1.1082890787347033,10,9.2,0.2131325151412891,2.0,1.0,4.0,0.0,0.0,2.0,1.0,0.0,1.0,0.0,1.0,3.0,3.0,5.0,5.0,4.0,7.0,7.0,5.0,1.0,2.0,3.0,2.0,6.0
221,FEDXDM9,M,PR,0.0,MIX,317,3.235294117647059,1.0,85,3.755200215985372,42,1.855510694957478,8,7.375,0.35343060856332914,4.0,0.0,3.0,2.0,5.0,8.0,1.0,1.0,2.0,2.0,0.0,1.0,5.0,4.0,5.0,4.0,5.0,6.0,6.0,3.0,4.0,5.0,5.0,4.0
222,FEDXDM9,M,PR,0.0,MIX,303,7.72972972972973,1.0,37,0.8141958593372739,17,0.37408998942523397,27,9.333333333333334,0.5941429243812539,0.0,3.0,3.0,0.0,0.0,0.0,1.0,0.0,0.0,0.0,1.0,1.0,1.0,1.0,2.0,2.0,4.0,3.0,3.0,3.0,3.0,0.0,3.0,3.0
223,FEDXDM10,M,PR,0.0,MIX,250,3.830508474576271,1.0,59,3.6254395248011466,24,1.4747550609360596,10,6.7,0.6144812753900248,7.0,0.0,0.0,1.0,0.0,0.0,0.0,0.0,0.0,0.0,0.0,3.0,2.0,4.0,4.0,7.0,5.0,5.0,4.0,4.0,3.0,1.0,4.0,5.0
224,FEDXDM10,M,PR,0.0,MIX,315,4.7,1.0,60,1.2787042463636848,33,0.7032873355000266,18,7.833333333333333,0.38361127390910543,5.0,4.0,1.0,1.0,0.0,0.0,1.0,0.0,0.0,0.0,1.0,1.0,2.0,5.0,5.0,7.0,6.0,4.0,6.0,1.0,2.0,4.0,1.0,3.0
225,FEDXDM1,M,PR,1.0,CAS20,132,2.911764705882353,1.0,34,1.5361252996322836,33,1.490945143760746,1,8.0,0.04518015587153776,1.0,1.0,0.0,1.0,2.0,3.0,0.0,3.0,1.0,1.0,1.0,3.0,2.0,2.0,1.0,2.0,1.0,1.0,3.0,0.0,0.0,2.0,1.0,2.0
226,FEDXDM2,M,PR,1.0,CAS20,154,3.657142857142857,1.0,35,1.5703087027505327,26,1.1665150363289671,5,7.8,0.22432981467864752,0.0,2.0,0.0,0.0,0.0,3.0,4.0,0.0,0.0,0.0,0.0,2.0,1.0,5.0,3.0,1.0,6.0,1.0,2.0,2.0,0.0,0.0,1.0,2.0
227,FEDXDM3,M,PR,1.0,CAS20,182,2.7906976744186047,1.0,43,1.8980590262025332,62,2.736736270338536,2,7.0,0.08828181517221084,0.0,1.0,1.0,0.0,3.0,1.0,1.0,0.0,1.0,0.0,1.0,3.0,1.0,5.0,1.0,3.0,4.0,0.0,4.0,4.0,0.0,4.0,3.0,2.0
228,FEDXDM4,M,PR,1.0,CAS20,142,3.142857142857143,1.0,28,1.2417004397689058,54,2.39470799098289,3,7.0,0.13303933283238276,2.0,2.0,0.0,0.0,2.0,2.0,1.0,0.0,1.0,0.0,2.0,0.0,2.0,3.0,1.0,1.0,2.0,2.0,1.0,2.0,0.0,1.0,0.0,1.0
229,FEDXDM5,M,PR,1.0,CAS20,100,3.2916666666666665,1.0,24,1.0581880978334088,21,0.9259145856042327,4,6.25,0.17636468297223482,2.0,1.0,1.0,0.0,1.0,5.0,0.0,0.0,0.0,0.0,0.0,0.0,1.0,1.0,1.0,2.0,0.0,1.0,2.0,2.0,2.0,0.0,1.0,1.0
230,FEDXDM6,M,PR,1.0,CAS20,121,3.1538461538461537,1.0,26,1.1771808028976758,39,1.7657712043465137,1,6.0,0.04527618472683369,3.0,0.0,1.0,1.0,3.0,2.0,0.0,2.0,0.0,1.0,1.0,1.0,1.0,0.0,1.0,1.0,1.0,2.0,1.0,0.0,2.0,1.0,0.0,1.0
231,FEDXDM7,M,PR,1.0,CAS20,123,2.8518518518518516,1.0,27,1.2037897083410738,46,2.0509009845810886,1,6.0,0.04458480401263236,1.0,1.0,0.0,2.0,0.0,1.0,0.0,0.0,1.0,0.0,0.0,2.0,2.0,2.0,3.0,1.0,0.0,3.0,0.0,4.0,0.0,0.0,3.0,1.0
232,FEDXDM8,M,PR,1.0,CAS20,153,2.810810810810811,1.0,37,1.6516218629104256,49,2.1872830076381313,2,8.5,0.08927685745461761,0.0,2.0,0.0,2.0,2.0,0.0,0.0,1.0,0.0,0.0,1.0,2.0,1.0,3.0,5.0,2.0,2.0,2.0,3.0,1.0,2.0,1.0,2.0,3.0
233,FEDXDM9,M,PR,1.0,CAS20,160,4.0,1.0,36,1.6158996546263855,16,0.7181776242783936,6,7.666666666666667,0.2693166091043976,2.0,0.0,0.0,1.0,2.0,3.0,1.0,1.0,0.0,0.0,1.0,2.0,2.0,2.0,4.0,2.0,3.0,0.0,4.0,3.0,0.0,1.0,0.0,2.0
234,FEDXDM10,M,PR,1.0,CAS20,85,2.6956521739130435,1.0,23,1.0382965916785794,23,1.0382965916785794,0,0.0,0.0,3.0,1.0,0.0,1.0,2.0,1.0,1.0,0.0,1.0,0.0,0.0,1.0,1.0,0.0,2.0,3.0,0.0,1.0,1.0,1.0,0.0,0.0,2.0,1.0
235,FEDXDM1,M,PR,1.0,CAS5,86,2.473684210526316,1.0,19,0.8443818976372122,39,1.733204947781646,0,0.0,0.0,0.0,0.0,1.0,0.0,1.0,1.0,1.0,0.0,0.0,0.0,1.0,0.0,2.0,1.0,1.0,1.0,1.0,3.0,2.0,2.0,0.0,0.0,0.0,1.0
236,FEDXDM2,M,PR,1.0,CAS5,43,2.3846153846153846,1.0,13,0.6367433570524769,12,0.587763098817671,0,0.0,0.0,1.0,0.0,0.0,0.0,0.0,3.0,1.0,0.0,1.0,0.0,0.0,1.0,1.0,0.0,0.0,1.0,0.0,1.0,1.0,1.0,0.0,0.0,0.0,1.0
237,FEDXDM3,M,PR,1.0,CAS5,40,2.0,1.0,6,0.2788860053453151,28,1.3014680249448036,0,0.0,0.0,0.0,0.0,0.0,0.0,1.0,1.0,0.0,1.0,0.0,0.0,0.0,0.0,0.0,1.0,0.0,0.0,0.0,0.0,1.0,1.0,0.0,0.0,0.0,0.0
238,FEDXDM4,M,PR,1.0,CAS5,51,2.3333333333333335,1.0,12,0.5481120584652862,23,1.0505481120584652,0,0.0,0.0,1.0,0.0,0.0,1.0,1.0,1.0,0.0,0.0,0.0,0.0,1.0,0.0,0.0,1.0,1.0,0.0,2.0,0.0,0.0,1.0,1.0,0.0,1.0,0.0
239,FEDXDM5,M,PR,1.0,CAS5,114,2.875,1.0,32,1.416347005016229,22,0.9737385659486574,1,6.0,0.04426084390675716,2.0,0.0,0.0,0.0,2.0,2.0,1.0,0.0,3.0,0.0,3.0,3.0,2.0,1.0,2.0,1.0,0.0,2.0,1.0,1.0,2.0,1.0,2.0,1.0
240,FEDXDM6,M,PR,1.0,CAS5,109,2.88,1.0,25,1.1218727796267902,37,1.6603717138476497,2,8.0,0.08974982237014323,2.0,1.0,0.0,2.0,0.0,1.0,0.0,1.0,0.0,0.0,1.0,1.0,1.0,3.0,1.0,1.0,1.0,0.0,3.0,1.0,1.0,0.0,2.0,2.0
241,FEDXDM7,M,PR,1.0,CAS5,75,2.2777777777777777,1.0,18,0.8057596896333047,34,1.5219905248629089,0,0.0,0.0,2.0,0.0,0.0,1.0,3.0,1.0,0.0,0.0,0.0,1.0,0.0,1.0,1.0,1.0,2.0,0.0,0.0,1.0,2.0,0.0,0.0,0.0,2.0,0.0
242,FEDXDM8,M,PR,1.0,CAS5,48,3.5,1.0,6,0.26952832543049665,27,1.2128774644372349,0,0.0,0.0,1.0,0.0,0.0,0.0,0.0,0.0,0.0,1.0,0.0,0.0,1.0,1.0,1.0,0.0,0.0,0.0,0.0,0.0,1.0,0.0,0.0,0.0,0.0,0.0
243,FEDXDM9,M,PR,1.0,CAS5,70,3.2142857142857144,1.0,14,0.6259314456035767,25,1.1177347242921014,2,6.5,0.08941877794336811,0.0,2.0,0.0,1.0,1.0,1.0,1.0,0.0,1.0,0.0,1.0,0.0,0.0,2.0,0.0,2.0,0.0,0.0,1.0,1.0,0.0,0.0,0.0,0.0
244,FEDXDM10,M,PR,1.0,CAS5,91,2.4827586206896552,1.0,29,1.3069113578608715,19,0.8562522689433296,1,6.0,0.04506590889175419,2.0,1.0,0.0,0.0,1.0,3.0,0.0,0.0,2.0,0.0,0.0,2.0,1.0,1.0,2.0,3.0,0.0,5.0,2.0,2.0,1.0,0.0,0.0,1.0
245,FEDXDM1,M,PR,2.0,CAS20,135,2.7241379310344827,1.0,29,1.311755541036337,56,2.5330451826908575,1,6.0,0.04523294969090817,2.0,0.0,0.0,0.0,2.0,2.0,3.0,0.0,1.0,0.0,2.0,0.0,2.0,1.0,3.0,2.0,0.0,1.0,2.0,2.0,1.0,0.0,1.0,2.0
246,FEDXDM2,M,PR,2.0,CAS20,174,4.40625,1.0,32,1.3877344512305303,33,1.4311011528314843,11,8.090909090909092,0.47703371761049473,1.0,0.0,1.0,0.0,1.0,4.0,3.0,1.0,0.0,0.0,0.0,0.0,4.0,5.0,2.0,0.0,2.0,0.0,4.0,1.0,1.0,1.0,1.0,0.0
247,FEDXDM3,M,PR,2.0,CAS20,178,2.8,1.0,40,1.7891977187729085,66,2.952176235975299,2,6.5,0.08945988593864543,1.0,1.0,0.0,1.0,2.0,1.0,2.0,0.0,5.0,0.0,1.0,2.0,1.0,2.0,2.0,4.0,2.0,0.0,4.0,3.0,0.0,5.0,0.0,1.0
248,FEDXDM4,M,PR,2.0,CAS20,173,3.0,1.0,42,1.8334384246010573,47,2.051704903720231,4,6.25,0.1746131832953388,2.0,4.0,1.0,1.0,1.0,1.0,2.0,1.0,1.0,2.0,1.0,3.0,1.0,2.0,3.0,1.0,3.0,2.0,2.0,1.0,2.0,1.0,1.0,3.0
249,FEDXDM5,M,PR,2.0,CAS20,184,4.666666666666667,1.0,36,1.5861554089612886,16,0.7049579595383505,12,8.416666666666666,0.5287184696537629,1.0,2.0,1.0,0.0,5.0,3.0,1.0,0.0,2.0,0.0,2.0,0.0,3.0,1.0,2.0,3.0,0.0,3.0,0.0,2.0,1.0,0.0,1.0,3.0
250,FEDXDM6,M,PR,2.0,CAS20,164,2.45,1.0,40,1.7328311331993598,66,2.859171369778944,0,0.0,0.0,4.0,0.0,0.0,3.0,4.0,1.0,0.0,1.0,0.0,1.0,3.0,0.0,1.0,4.0,2.0,1.0,1.0,2.0,2.0,2.0,2.0,3.0,2.0,1.0
251,FEDXDM7,M,PR,2.0,CAS20,181,2.6285714285714286,1.0,35,1.5231187669990933,89,3.8730734360834087,0,0.0,0.0,0.0,3.0,1.0,0.0,0.0,1.0,0.0,1.0,1.0,2.0,1.0,2.0,3.0,1.0,2.0,3.0,0.0,2.0,1.0,5.0,1.0,0.0,2.0,3.0
252,FEDXDM8,M,PR,2.0,CAS20,193,2.6122448979591835,1.0,49,2.1418944352028366,65,2.8412885364935585,2,10.0,0.08742426266134026,3.0,1.0,2.0,2.0,3.0,1.0,3.0,0.0,2.0,0.0,3.0,2.0,2.0,4.0,5.0,2.0,2.0,1.0,3.0,3.0,1.0,2.0,0.0,2.0
253,FEDXDM9,M,PR,2.0,CAS20,213,3.489795918367347,1.0,49,2.138544722740829,42,1.8330383337778533,6,8.666666666666666,0.2618626191111219,0.0,3.0,1.0,1.0,2.0,5.0,1.0,0.0,2.0,1.0,0.0,1.0,3.0,2.0,5.0,7.0,1.0,0.0,4.0,2.0,1.0,2.0,0.0,5.0
254,FEDXDM10,M,PR,2.0,CAS20,161,3.1463414634146343,1.0,41,1.836734693877551,32,1.4335490293678446,4,10.25,0.17919362867098057,2.0,4.0,0.0,0.0,5.0,5.0,1.0,1.0,0.0,0.0,2.0,0.0,1.0,3.0,2.0,4.0,2.0,1.0,1.0,0.0,4.0,0.0,1.0,2.0
255,FEDXDM1,M,PR,2.0,SUC,62,2.142857142857143,1.0,7,0.32074535110160757,47,2.153575928825079,0,0.0,0.0,0.0,1.0,0.0,0.0,0.0,0.0,0.0,0.0,1.0,0.0,0.0,0.0,0.0,1.0,0.0,2.0,0.0,0.0,1.0,0.0,0.0,0.0,0.0,1.0
256,FEDXDM2,M,PR,2.0,SUC,25,2.5,1.0,6,0.28707370883283273,10,0.4784561813880545,0,0.0,0.0,1.0,0.0,0.0,0.0,0.0,2.0,0.0,0.0,0.0,3.0,0.0,0.0,0.0,0.0,0.0,0.0,0.0,0.0,0.0,0.0,0.0,0.0,0.0,0.0
257,FEDXDM3,M,PR,2.0,SUC,39,2.0,1.0,3,0.1300844344338316,33,1.4309287787721476,0,0.0,0.0,0.0,0.0,0.0,0.0,0.0,0.0,2.0,0.0,0.0,0.0,0.0,0.0,0.0,0.0,0.0,0.0,0.0,1.0,0.0,0.0,0.0,0.0,0.0,0.0
258,FEDXDM4,M,PR,2.0,SUC,48,2.0,1.0,11,0.5034644968533469,26,1.1900069925624563,0,0.0,0.0,0.0,0.0,0.0,0.0,1.0,0.0,1.0,0.0,0.0,0.0,0.0,1.0,0.0,3.0,0.0,1.0,0.0,0.0,2.0,0.0,1.0,0.0,0.0,1.0
259,FEDXDM5,M,PR,2.0,SUC,49,2.3333333333333335,1.0,15,0.6519534456946926,14,0.6084898826483798,0,0.0,0.0,1.0,0.0,0.0,0.0,1.0,2.0,0.0,0.0,0.0,0.0,0.0,1.0,0.0,0.0,3.0,3.0,0.0,2.0,0.0,1.0,0.0,0.0,0.0,1.0
260,FEDXDM6,M,PR,2.0,SUC,54,2.3333333333333335,1.0,9,0.4422544054817707,33,1.6215994867664925,0,0.0,0.0,0.0,0.0,0.0,0.0,0.0,0.0,0.0,0.0,0.0,0.0,0.0,0.0,2.0,0.0,0.0,3.0,2.0,0.0,0.0,1.0,0.0,0.0,0.0,1.0
261,FEDXDM7,M,PR,2.0,SUC,48,2.0,1.0,3,0.13167841205589018,42,1.8434977687824623,0,0.0,0.0,0.0,1.0,0.0,0.0,1.0,0.0,0.0,0.0,0.0,0.0,0.0,0.0,0.0,0.0,0.0,1.0,0.0,0.0,0.0,0.0,0.0,0.0,0.0,0.0
262,FEDXDM8,M,PR,2.0,SUC,47,2.125,1.0,8,0.3491755577109602,30,1.3094083414161009,0,0.0,0.0,1.0,1.0,1.0,0.0,1.0,0.0,0.0,0.0,0.0,0.0,0.0,0.0,2.0,0.0,0.0,1.0,0.0,0.0,0.0,1.0,0.0,0.0,0.0,0.0
263,FEDXDM9,M,PR,2.0,SUC,13,2.0,1.0,3,0.16838166510757716,7,0.39289055191768,0,0.0,0.0,0.0,0.0,0.0,0.0,2.0,0.0,0.0,0.0,0.0,0.0,0.0,0.0,0.0,0.0,0.0,0.0,0.0,0.0,1.0,0.0,0.0,0.0,0.0,0.0
264,FEDXDM10,M,PR,2.0,SUC,55,2.0625,1.0,16,0.7175513559976581,22,0.9866331144967798,0,0.0,0.0,2.0,1.0,0.0,0.0,1.0,1.0,0.0,0.0,0.0,0.0,0.0,0.0,2.0,1.0,3.0,1.0,0.0,0.0,0.0,1.0,1.0,0.0,1.0,1.0
265,FEDXDM1,M,PR,3.0,CAS5,167,2.9318181818181817,1.0,44,1.9510512766822274,38,1.6849988298619236,4,6.0,0.1773682978802025,3.0,0.0,1.0,0.0,3.0,1.0,0.0,1.0,3.0,0.0,0.0,2.0,3.0,2.0,2.0,3.0,2.0,3.0,3.0,4.0,2.0,2.0,2.0,2.0
266,FEDXDM2,M,PR,3.0,CAS5,196,2.933333333333333,1.0,45,1.9807548876960885,64,2.8170736180566593,4,8.0,0.1760671011285412,2.0,1.0,2.0,0.0,0.0,3.0,1.0,0.0,2.0,0.0,3.0,0.0,3.0,4.0,4.0,2.0,3.0,3.0,4.0,0.0,3.0,1.0,2.0,2.0
267,FEDXDM3,M,PR,3.0,CAS5,218,2.3793103448275863,1.0,58,2.542651517919117,80,3.507105541957403,1,6.0,0.04383881927446754,5.0,1.0,3.0,1.0,3.0,2.0,0.0,2.0,0.0,1.0,2.0,2.0,2.0,2.0,5.0,2.0,1.0,6.0,8.0,1.0,3.0,2.0,0.0,4.0
268,FEDXDM4,M,PR,3.0,CAS5,193,3.1136363636363638,1.0,44,1.9183025928572295,56,2.4414760272728375,5,6.6,0.21798893100650335,2.0,4.0,0.0,0.0,3.0,2.0,0.0,1.0,1.0,1.0,2.0,2.0,1.0,1.0,5.0,2.0,1.0,1.0,2.0,4.0,3.0,2.0,2.0,2.0
269,FEDXDM5,M,PR,3.0,CAS5,175,3.8333333333333335,1.0,42,1.8402891883010188,14,0.6134297294336729,11,7.0,0.4819805016978859,2.0,0.0,2.0,0.0,5.0,1.0,2.0,0.0,2.0,2.0,1.0,2.0,3.0,3.0,3.0,1.0,2.0,1.0,2.0,3.0,2.0,0.0,1.0,2.0
270,FEDXDM6,M,PR,3.0,CAS5,190,2.4565217391304346,1.0,46,1.9885203775306803,77,3.328610197170921,0,0.0,0.0,3.0,3.0,0.0,0.0,0.0,0.0,1.0,0.0,2.0,1.0,1.0,1.0,2.0,4.0,3.0,1.0,2.0,5.0,4.0,4.0,1.0,3.0,1.0,4.0
271,FEDXDM7,M,PR,3.0,CAS5,151,2.25,1.0,28,1.2158494662565587,88,3.82124117966347,0,0.0,0.0,2.0,0.0,0.0,0.0,3.0,1.0,2.0,0.0,1.0,1.0,0.0,1.0,1.0,3.0,2.0,1.0,2.0,1.0,1.0,5.0,1.0,0.0,0.0,0.0
272,FEDXDM8,M,PR,3.0,CAS5,199,3.3846153846153846,1.0,39,1.671866441210793,67,2.8721808092595675,5,6.4,0.21434185143728116,2.0,2.0,0.0,0.0,1.0,3.0,0.0,1.0,1.0,2.0,1.0,2.0,2.0,3.0,3.0,3.0,1.0,1.0,2.0,2.0,1.0,1.0,2.0,3.0
273,FEDXDM9,M,PR,3.0,CAS5,208,2.9574468085106385,1.0,47,2.0281203926786295,69,2.977453342443094,3,8.333333333333334,0.12945449314969976,0.0,0.0,1.0,2.0,4.0,3.0,3.0,1.0,1.0,0.0,1.0,1.0,2.0,1.0,4.0,4.0,2.0,3.0,5.0,3.0,0.0,0.0,2.0,4.0
274,FEDXDM10,M,PR,3.0,CAS5,165,2.9,1.0,40,1.7164721728868917,49,2.1026784117864423,2,6.0,0.08582360864434459,4.0,2.0,2.0,0.0,1.0,3.0,0.0,1.0,0.0,2.0,0.0,1.0,1.0,1.0,4.0,3.0,1.0,4.0,3.0,2.0,0.0,2.0,1.0,2.0
275,FEDXDM1,M,PR,3.0,SUC,35,2.0,1.0,1,0.04406310816269079,33,1.454082569368796,0,0.0,0.0,0.0,0.0,0.0,0.0,0.0,0.0,0.0,0.0,0.0,0.0,0.0,0.0,0.0,0.0,0.0,0.0,0.0,0.0,0.0,0.0,0.0,0.0,0.0,1.0
276,FEDXDM2,M,PR,3.0,SUC,2,0.0,1.0,0,0.0,2,0.15445671993993348,0,0.0,0.0,0.0,0.0,0.0,0.0,0.0,0.0,0.0,0.0,0.0,0.0,0.0,0.0,0.0,0.0,0.0,0.0,0.0,0.0,0.0,0.0,0.0,0.0,0.0,0.0
277,FEDXDM3,M,PR,3.0,SUC,21,2.0,1.0,3,0.14626020774366544,15,0.7313010387183273,0,0.0,0.0,0.0,0.0,0.0,0.0,0.0,0.0,0.0,0.0,0.0,0.0,1.0,0.0,1.0,0.0,0.0,0.0,0.0,1.0,0.0,0.0,0.0,0.0,0.0,0.0
278,FEDXDM4,M,PR,3.0,SUC,26,2.0,1.0,3,0.13581830528936845,20,0.9054553685957896,0,0.0,0.0,0.0,0.0,0.0,0.0,0.0,0.0,0.0,1.0,0.0,0.0,0.0,0.0,0.0,0.0,0.0,0.0,1.0,0.0,0.0,0.0,0.0,1.0,0.0,0.0
279,FEDXDM5,M,PR,3.0,SUC,21,2.6666666666666665,1.0,3,0.1426100275976813,13,0.6179767862566189,0,0.0,0.0,1.0,0.0,0.0,0.0,0.0,0.0,0.0,0.0,0.0,0.0,0.0,0.0,0.0,1.0,0.0,0.0,0.0,0.0,0.0,0.0,0.0,1.0,0.0,0.0
280,FEDXDM6,M,PR,3.0,SUC,30,3.0,1.0,1,0.0450039378445614,27,1.2151063218031577,0,0.0,0.0,0.0,0.0,0.0,0.0,0.0,0.0,1.0,0.0,0.0,0.0,0.0,0.0,0.0,0.0,0.0,0.0,0.0,0.0,0.0,0.0,0.0,0.0,0.0,0.0
281,FEDXDM7,M,PR,3.0,SUC,22,2.0,1.0,1,0.04288675514045412,20,0.8577351028090824,0,0.0,0.0,0.0,0.0,0.0,0.0,1.0,0.0,0.0,0.0,0.0,0.0,0.0,0.0,0.0,0.0,0.0,0.0,0.0,0.0,0.0,0.0,0.0,0.0,0.0,0.0
282,FEDXDM8,M,PR,3.0,SUC,14,2.0,1.0,1,0.054494262965093396,12,0.6539311555811208,0,0.0,0.0,0.0,0.0,0.0,0.0,0.0,0.0,0.0,0.0,0.0,0.0,0.0,0.0,0.0,0.0,0.0,0.0,0.0,0.0,1.0,0.0,0.0,0.0,0.0,0.0
283,FEDXDM9,M,PR,3.0,SUC,12,0.0,1.0,0,0.0,12,0.5166413528349499,0,0.0,0.0,0.0,0.0,0.0,0.0,0.0,0.0,0.0,0.0,0.0,0.0,0.0,0.0,0.0,0.0,0.0,0.0,0.0,0.0,0.0,0.0,0.0,0.0,0.0,0.0
284,FEDXDM10,M,PR,3.0,SUC,32,2.0,1.0,1,0.044691072958176606,30,1.340732188745298,0,0.0,0.0,0.0,0.0,0.0,0.0,0.0,0.0,0.0,0.0,0.0,0.0,0.0,1.0,0.0,0.0,0.0,0.0,0.0,0.0,0.0,0.0,0.0,0.0,0.0,0.0
285,FEDXDM1,M,PR,4.0,CAS5,86,3.0,1.0,7,0.3371417868514703,65,3.1306023064779387,0,0.0,0.0,0.0,0.0,0.0,0.0,0.0,0.0,1.0,1.0,1.0,1.0,1.0,1.0,1.0,0.0,0.0,0.0,0.0,0.0,0.0,0.0,0.0,0.0,0.0,0.0
286,FEDXDM2,M,PR,4.0,CAS5,82,3.4,1.0,5,0.22689742975633737,65,2.9496665868323855,0,0.0,0.0,0.0,1.0,0.0,0.0,0.0,0.0,0.0,0.0,0.0,1.0,0.0,1.0,1.0,1.0,0.0,0.0,0.0,0.0,0.0,0.0,0.0,0.0,0.0,0.0
287,FEDXDM3,M,PR,4.0,CAS5,103,2.7142857142857144,1.0,7,0.31413220977050893,84,3.769586517246107,0,0.0,0.0,0.0,0.0,1.0,0.0,0.0,1.0,0.0,2.0,1.0,0.0,0.0,2.0,0.0,0.0,0.0,0.0,0.0,0.0,0.0,0.0,0.0,0.0,0.0,0.0
288,FEDXDM4,M,PR,4.0,CAS5,96,3.5,1.0,6,0.2685865632111016,75,3.3573320401387696,0,0.0,0.0,0.0,0.0,0.0,0.0,0.0,0.0,0.0,0.0,1.0,1.0,1.0,2.0,0.0,1.0,0.0,0.0,0.0,0.0,0.0,0.0,0.0,0.0,0.0,0.0
289,FEDXDM5,M,PR,4.0,CAS5,81,3.0,1.0,8,0.359106722028953,57,2.55863539445629,0,0.0,0.0,0.0,0.0,0.0,0.0,0.0,1.0,0.0,0.0,1.0,1.0,1.0,2.0,1.0,0.0,0.0,0.0,0.0,0.0,0.0,0.0,0.0,0.0,1.0,0.0
290,FEDXDM6,M,PR,4.0,CAS5,87,2.5714285714285716,1.0,7,0.30994403788204905,69,3.055162659123055,0,0.0,0.0,1.0,0.0,0.0,0.0,0.0,0.0,1.0,1.0,0.0,1.0,1.0,0.0,2.0,0.0,0.0,0.0,0.0,0.0,0.0,0.0,0.0,0.0,0.0,0.0
291,FEDXDM7,M,PR,4.0,CAS5,76,2.0,1.0,3,0.13304588851247307,70,3.104404065291038,0,0.0,0.0,0.0,0.0,0.0,0.0,0.0,0.0,1.0,0.0,0.0,0.0,0.0,2.0,0.0,0.0,0.0,0.0,0.0,0.0,0.0,0.0,0.0,0.0,0.0,0.0
292,FEDXDM8,M,PR,4.0,CAS5,86,2.6,1.0,5,0.2347540299441807,73,3.4274088371850384,0,0.0,0.0,0.0,0.0,0.0,0.0,0.0,0.0,0.0,0.0,0.0,1.0,3.0,1.0,0.0,0.0,0.0,0.0,0.0,0.0,0.0,0.0,0.0,0.0,0.0,0.0
293,FEDXDM9,M,PR,4.0,CAS5,85,3.3333333333333335,1.0,6,0.2655422101471546,65,2.8767072765941752,0,0.0,0.0,0.0,0.0,0.0,0.0,0.0,0.0,1.0,1.0,1.0,0.0,1.0,1.0,1.0,0.0,0.0,0.0,0.0,0.0,0.0,0.0,0.0,0.0,0.0,0.0
294,FEDXDM10,M,PR,4.0,CAS5,67,2.75,1.0,4,0.17864010222183627,56,2.500961431105708,0,0.0,0.0,0.0,0.0,0.0,0.0,0.0,0.0,0.0,0.0,0.0,1.0,0.0,1.0,2.0,0.0,0.0,0.0,0.0,0.0,0.0,0.0,0.0,0.0,0.0,0.0
295,FEDXDM1,M,PR,4.0,SUC,66,2.25,1.0,4,0.17957799171945926,57,2.5589863820022947,0,0.0,0.0,0.0,0.0,0.0,0.0,0.0,0.0,1.0,0.0,0.0,0.0,0.0,1.0,1.0,1.0,0.0,0.0,0.0,0.0,0.0,0.0,0.0,0.0,0.0,0.0
296,FEDXDM2,M,PR,4.0,SUC,53,2.0,1.0,1,0.04844570044408559,51,2.4707307226483652,0,0.0,0.0,0.0,0.0,0.0,0.0,0.0,0.0,0.0,0.0,0.0,0.0,0.0,0.0,0.0,0.0,1.0,0.0,0.0,0.0,0.0,0.0,0.0,0.0,0.0,0.0
297,FEDXDM3,M,PR,4.0,SUC,55,0.0,1.0,0,0.0,55,2.4776634882498687,0,0.0,0.0,0.0,0.0,0.0,0.0,0.0,0.0,0.0,0.0,0.0,0.0,0.0,0.0,0.0,0.0,0.0,0.0,0.0,0.0,0.0,0.0,0.0,0.0,0.0,0.0
298,FEDXDM4,M,PR,4.0,SUC,47,2.5,1.0,2,0.09086664058457537,42,1.908199452276083,0,0.0,0.0,0.0,0.0,0.0,0.0,0.0,0.0,1.0,1.0,0.0,0.0,0.0,0.0,0.0,0.0,0.0,0.0,0.0,0.0,0.0,0.0,0.0,0.0,0.0,0.0
299,FEDXDM5,M,PR,4.0,SUC,56,2.0,1.0,3,0.13610586011342157,50,2.2684310018903595,0,0.0,0.0,0.0,0.0,0.0,0.0,0.0,0.0,0.0,0.0,0.0,0.0,0.0,0.0,0.0,0.0,1.0,0.0,0.0,0.0,0.0,0.0,0.0,0.0,1.0,1.0
300,FEDXDM6,M,PR,4.0,SUC,61,0.0,1.0,0,0.0,61,2.735017187266477,0,0.0,0.0,0.0,0.0,0.0,0.0,0.0,0.0,0.0,0.0,0.0,0.0,0.0,0.0,0.0,0.0,0.0,0.0,0.0,0.0,0.0,0.0,0.0,0.0,0.0,0.0
301,FEDXDM7,M,PR,4.0,SUC,39,0.0,1.0,0,0.0,39,1.7659044600407516,0,0.0,0.0,0.0,0.0,0.0,0.0,0.0,0.0,0.0,0.0,0.0,0.0,0.0,0.0,0.0,0.0,0.0,0.0,0.0,0.0,0.0,0.0,0.0,0.0,0.0,0.0
302,FEDXDM8,M,PR,4.0,SUC,59,2.0,1.0,1,0.04821536195004353,57,2.748275631152481,0,0.0,0.0,0.0,0.0,0.0,0.0,0.0,0.0,0.0,0.0,0.0,0.0,0.0,0.0,1.0,0.0,0.0,0.0,0.0,0.0,0.0,0.0,0.0,0.0,0.0,0.0
303,FEDXDM9,M,PR,4.0,SUC,40,0.0,1.0,0,0.0,40,1.81335079522988,0,0.0,0.0,0.0,0.0,0.0,0.0,0.0,0.0,0.0,0.0,0.0,0.0,0.0,0.0,0.0,0.0,0.0,0.0,0.0,0.0,0.0,0.0,0.0,0.0,0.0,0.0
304,FEDXDM10,M,PR,4.0,SUC,45,2.0,1.0,2,0.0920021978302815,41,1.8860450555207706,0,0.0,0.0,0.0,0.0,0.0,0.0,1.0,0.0,1.0,0.0,0.0,0.0,0.0,0.0,0.0,0.0,0.0,0.0,0.0,0.0,0.0,0.0,0.0,0.0,0.0,0.0
305,FEDXDM11,M,NR,0.0,MIX,256,2.8181818181818183,1.0,77,3.58974358974359,39,1.8181818181818183,1,8.0,0.046620046620046623,2.0,0.0,3.0,0.0,3.0,12.0,5.0,0.0,4.0,0.0,0.0,2.0,4.0,5.0,1.0,3.0,5.0,4.0,6.0,5.0,5.0,0.0,2.0,6.0
306,FEDXDM11,M,NR,0.0,MIX,293,5.395833333333333,1.0,48,1.0194870705676207,34,0.722136674985398,22,8.181818181818182,0.46726490734349285,2.0,0.0,3.0,0.0,0.0,1.0,0.0,0.0,1.0,0.0,0.0,1.0,2.0,1.0,3.0,5.0,4.0,3.0,6.0,0.0,4.0,4.0,5.0,3.0
307,FEDXDM12,M,NR,0.0,MIX,257,3.176470588235294,1.0,68,3.055264340272578,41,1.8421446757525837,6,6.666666666666667,0.26958214767110983,5.0,0.0,4.0,0.0,2.0,5.0,3.0,0.0,3.0,0.0,0.0,2.0,4.0,5.0,5.0,3.0,8.0,6.0,3.0,0.0,4.0,0.0,2.0,4.0
308,FEDXDM12,M,NR,0.0,MIX,303,3.6714285714285713,1.0,70,1.4896346257293003,46,0.9789027540506829,11,7.181818181818182,0.2340854411860329,5.0,1.0,2.0,0.0,0.0,1.0,1.0,0.0,1.0,1.0,1.0,0.0,3.0,7.0,7.0,6.0,3.0,6.0,7.0,4.0,2.0,4.0,5.0,3.0
309,FEDXDM13,M,NR,0.0,MIX,249,3.227272727272727,1.0,66,3.0875186797479044,36,1.6841010980443116,4,8.0,0.18712234422714571,4.0,0.0,2.0,0.0,0.0,3.0,1.0,3.0,0.0,2.0,0.0,1.0,3.0,4.0,4.0,5.0,6.0,6.0,6.0,5.0,2.0,0.0,4.0,5.0
310,FEDXDM13,M,NR,0.0,MIX,324,3.6857142857142855,1.0,70,1.4896258201808832,66,1.4045043447419756,12,8.25,0.25536442631672285,2.0,0.0,3.0,0.0,0.0,0.0,0.0,0.0,0.0,0.0,0.0,1.0,3.0,2.0,4.0,9.0,8.0,8.0,9.0,3.0,2.0,3.0,6.0,7.0
311,FEDXDM14,M,NR,0.0,MIX,326,3.986111111111111,1.0,72,3.5319607014866397,39,1.9131453799719298,15,7.4,0.73582514614305,5.0,0.0,2.0,0.0,0.0,0.0,10.0,5.0,0.0,5.0,3.0,1.0,6.0,6.0,5.0,7.0,6.0,0.0,0.0,7.0,0.0,0.0,2.0,2.0
312,FEDXDM14,M,NR,0.0,MIX,287,5.3125,1.0,48,1.028081865778201,32,0.6853879105188005,20,8.2,0.42836744407425037,5.0,4.0,3.0,0.0,3.0,0.0,0.0,1.0,0.0,0.0,1.0,0.0,1.0,3.0,3.0,8.0,4.0,1.0,3.0,3.0,2.0,1.0,0.0,2.0
313,FEDXDM15,M,NR,0.0,MIX,263,3.5217391304347827,1.0,69,3.26781908595785,20,0.9471939379587971,10,7.8,0.47359696897939857,2.0,1.0,2.0,0.0,0.0,6.0,2.0,2.0,2.0,1.0,3.0,2.0,2.0,5.0,7.0,5.0,8.0,1.0,3.0,8.0,0.0,2.0,3.0,2.0
314,FEDXDM15,M,NR,0.0,MIX,292,4.209677419354839,1.0,62,1.3835253863271493,31,0.6917626931635746,13,7.923076923076923,0.2900940326169829,4.0,0.0,5.0,0.0,0.0,1.0,0.0,0.0,1.0,0.0,0.0,2.0,2.0,7.0,8.0,6.0,6.0,3.0,3.0,2.0,2.0,2.0,2.0,6.0
315,FEDXDM16,M,NR,0.0,MIX,365,4.166666666666667,1.0,78,3.5948381810733303,40,1.8435067595247847,16,8.625,0.7374027038099139,4.0,0.0,2.0,0.0,0.0,9.0,3.0,0.0,3.0,0.0,2.0,2.0,3.0,7.0,3.0,6.0,4.0,7.0,8.0,1.0,4.0,3.0,2.0,5.0
316,FEDXDM16,M,NR,0.0,MIX,282,3.909090909090909,1.0,66,1.4165201061197723,24,0.51509822040719,14,7.285714285714286,0.3004739619041941,5.0,4.0,2.0,1.0,1.0,0.0,0.0,0.0,1.0,0.0,2.0,2.0,3.0,5.0,8.0,4.0,7.0,5.0,4.0,1.0,3.0,1.0,4.0,3.0
317,FEDXDM17,M,NR,0.0,MIX,259,3.5,1.0,64,2.9603741584005756,35,1.6189546178753147,6,6.666666666666667,0.27753507735005395,5.0,0.0,4.0,0.0,0.0,3.0,5.0,0.0,5.0,0.0,2.0,1.0,2.0,4.0,6.0,4.0,7.0,6.0,0.0,0.0,1.0,4.0,2.0,3.0
318,FEDXDM17,M,NR,0.0,MIX,316,4.318181818181818,1.0,66,1.4094700250335164,31,0.6620237996369547,16,7.6875,0.3416897030384282,6.0,0.0,5.0,0.0,1.0,1.0,1.0,0.0,0.0,1.0,1.0,1.0,1.0,2.0,3.0,6.0,6.0,6.0,7.0,2.0,3.0,3.0,4.0,6.0
319,FEDXDM18,M,NR,0.0,MIX,254,2.9577464788732395,1.0,71,3.2169557228081653,44,1.9936063634304124,2,6.5,0.09061847106501875,4.0,4.0,1.0,3.0,0.0,0.0,6.0,2.0,0.0,4.0,0.0,3.0,4.0,5.0,7.0,2.0,8.0,5.0,4.0,0.0,4.0,2.0,0.0,3.0
320,FEDXDM18,M,NR,0.0,MIX,267,4.470588235294118,1.0,51,1.1364761810438744,39,0.8690700207982569,11,8.636363636363637,0.2451223135584827,1.0,3.0,0.0,0.0,2.0,0.0,1.0,2.0,0.0,1.0,1.0,0.0,5.0,2.0,4.0,4.0,4.0,8.0,1.0,3.0,1.0,1.0,2.0,5.0
321,FEDXDM19,M,NR,0.0,MIX,263,2.9444444444444446,1.0,72,3.270745003028468,51,2.316777710478498,4,7.0,0.18170805572380377,5.0,2.0,0.0,3.0,0.0,3.0,4.0,2.0,0.0,4.0,0.0,2.0,4.0,5.0,6.0,5.0,7.0,9.0,6.0,0.0,0.0,0.0,2.0,3.0
322,FEDXDM19,M,NR,0.0,MIX,362,4.1891891891891895,1.0,74,1.5831040486816381,52,1.1124514936681782,16,8.4375,0.34229276728251634,6.0,3.0,4.0,0.0,2.0,0.0,0.0,1.0,0.0,2.0,1.0,1.0,3.0,3.0,4.0,10.0,9.0,5.0,2.0,5.0,5.0,2.0,3.0,3.0
323,FEDXDM20,M,NR,0.0,MIX,234,3.1206896551724137,1.0,58,2.621238560327404,53,2.395269718919869,5,8.4,0.22596884140753482,0.0,6.0,0.0,3.0,0.0,6.0,3.0,0.0,0.0,0.0,3.0,1.0,1.0,4.0,3.0,6.0,3.0,6.0,7.0,0.0,0.0,0.0,3.0,3.0
324,FEDXDM20,M,NR,0.0,MIX,310,3.3376623376623376,1.0,77,1.7135333279759661,53,1.1794450179574831,13,7.0,0.28929783459334496,4.0,0.0,5.0,0.0,0.0,2.0,0.0,0.0,1.0,0.0,2.0,2.0,5.0,5.0,5.0,6.0,11.0,9.0,6.0,0.0,3.0,1.0,5.0,5.0
325,FEDXDM11,M,NR,1.0,CAS20,84,3.6666666666666665,1.0,18,0.8665302683836804,18,0.8665302683836804,3,7.0,0.14442171139728008,2.0,0.0,0.0,1.0,0.0,1.0,0.0,1.0,0.0,0.0,1.0,2.0,1.0,0.0,0.0,2.0,2.0,1.0,1.0,2.0,0.0,0.0,1.0,0.0
326,FEDXDM12,M,NR,1.0,CAS20,105,2.6923076923076925,1.0,26,1.2020342117429497,35,1.6181229773462784,0,0.0,0.0,2.0,1.0,0.0,0.0,1.0,0.0,1.0,0.0,0.0,0.0,2.0,0.0,3.0,1.0,3.0,2.0,3.0,2.0,1.0,0.0,1.0,0.0,1.0,2.0
327,FEDXDM13,M,NR,1.0,CAS20,115,2.4838709677419355,1.0,31,1.5051385105062984,38,1.8450084967496563,0,0.0,0.0,3.0,0.0,0.0,0.0,0.0,0.0,0.0,1.0,0.0,0.0,0.0,1.0,3.0,1.0,1.0,3.0,1.0,1.0,3.0,2.0,4.0,1.0,3.0,3.0
328,FEDXDM14,M,NR,1.0,CAS20,92,2.9583333333333335,1.0,24,1.100174448957763,21,0.9626526428380426,2,6.0,0.09168120407981357,0.0,1.0,0.0,0.0,0.0,2.0,3.0,0.0,3.0,0.0,2.0,0.0,3.0,1.0,1.0,0.0,1.0,2.0,1.0,2.0,0.0,0.0,1.0,1.0
329,FEDXDM15,M,NR,1.0,CAS20,84,2.611111111111111,1.0,18,0.8011671323656685,37,1.646843549862763,1,6.0,0.044509285131426025,0.0,0.0,2.0,0.0,1.0,2.0,0.0,0.0,1.0,0.0,1.0,2.0,0.0,1.0,1.0,0.0,2.0,0.0,3.0,0.0,1.0,0.0,0.0,1.0
330,FEDXDM16,M,NR,1.0,CAS20,108,2.7037037037037037,1.0,27,1.210702007872054,35,1.5694285287230332,2,6.5,0.08968163021274475,0.0,2.0,0.0,4.0,2.0,1.0,0.0,0.0,2.0,0.0,1.0,0.0,0.0,3.0,4.0,1.0,2.0,1.0,3.0,1.0,0.0,0.0,0.0,0.0
331,FEDXDM17,M,NR,1.0,CAS20,127,3.193548387096774,1.0,31,1.3980232252245481,28,1.2627306550415274,3,8.333333333333334,0.1352925701830208,2.0,1.0,0.0,1.0,4.0,1.0,0.0,0.0,0.0,0.0,1.0,0.0,4.0,1.0,3.0,1.0,0.0,4.0,1.0,2.0,0.0,1.0,1.0,3.0
332,FEDXDM19,M,NR,1.0,CAS20,88,3.230769230769231,1.0,13,0.58995562726906,46,2.08753529649052,2,7.0,0.09076240419524001,0.0,0.0,0.0,0.0,0.0,0.0,0.0,0.0,0.0,0.0,1.0,2.0,2.0,1.0,1.0,1.0,3.0,1.0,1.0,0.0,0.0,0.0,0.0,0.0
333,FEDXDM20,M,NR,1.0,CAS20,78,2.3333333333333335,1.0,18,0.8158742949234488,36,1.6317485898468975,0,0.0,0.0,1.0,1.0,0.0,3.0,0.0,0.0,0.0,0.0,1.0,0.0,0.0,0.0,1.0,0.0,3.0,0.0,0.0,4.0,0.0,2.0,0.0,0.0,1.0,1.0
334,FEDXDM11,M,NR,1.0,CAS5,75,2.8333333333333335,1.0,18,0.8677951574887508,24,1.1570602099850011,2,7.0,0.09642168416541676,2.0,0.0,0.0,0.0,0.0,0.0,1.0,0.0,0.0,0.0,0.0,2.0,0.0,3.0,3.0,0.0,0.0,0.0,3.0,1.0,2.0,0.0,1.0,0.0
335,FEDXDM12,M,NR,1.0,CAS5,68,2.466666666666667,1.0,15,0.7040417209908735,31,1.455019556714472,0,0.0,0.0,1.0,1.0,0.0,0.0,1.0,0.0,0.0,0.0,1.0,0.0,1.0,0.0,1.0,2.0,0.0,0.0,2.0,1.0,2.0,0.0,0.0,1.0,1.0,0.0
336,FEDXDM13,M,NR,1.0,CAS5,55,2.2857142857142856,1.0,14,0.6260091914047945,23,1.028443671593591,0,0.0,0.0,1.0,0.0,1.0,0.0,0.0,0.0,0.0,0.0,0.0,0.0,0.0,1.0,0.0,1.0,2.0,2.0,1.0,1.0,0.0,2.0,2.0,0.0,0.0,0.0
337,FEDXDM14,M,NR,1.0,CAS5,84,2.8636363636363638,1.0,22,1.057833578202217,21,1.0097502337384798,1,7.0,0.04808334446373714,0.0,1.0,0.0,0.0,1.0,0.0,1.0,0.0,0.0,0.0,1.0,0.0,1.0,1.0,3.0,0.0,3.0,2.0,2.0,2.0,0.0,2.0,0.0,2.0
338,FEDXDM15,M,NR,1.0,CAS5,80,2.6,1.0,15,0.7130878022369828,41,1.949106659447753,0,0.0,0.0,4.0,1.0,0.0,0.0,0.0,0.0,0.0,0.0,1.0,0.0,0.0,0.0,1.0,1.0,0.0,0.0,0.0,2.0,1.0,0.0,1.0,2.0,0.0,1.0
339,FEDXDM16,M,NR,1.0,CAS5,58,2.357142857142857,1.0,14,0.6346887632384238,25,1.1333727914971854,0,0.0,0.0,0.0,0.0,0.0,1.0,0.0,0.0,0.0,0.0,1.0,0.0,1.0,1.0,2.0,0.0,0.0,0.0,1.0,1.0,1.0,1.0,1.0,0.0,1.0,2.0
340,FEDXDM17,M,NR,1.0,CAS5,58,3.6666666666666665,1.0,9,0.41526216628430085,25,1.1535060174563911,3,6.666666666666667,0.13842072209476694,0.0,0.0,0.0,0.0,1.0,1.0,0.0,1.0,0.0,2.0,0.0,1.0,0.0,0.0,2.0,1.0,0.0,0.0,0.0,0.0,0.0,0.0,0.0,0.0
341,FEDXDM19,M,NR,1.0,CAS5,88,2.1666666666666665,1.0,18,0.8147971180324158,49,2.218058821310465,0,0.0,0.0,1.0,0.0,0.0,0.0,1.0,3.0,1.0,0.0,0.0,0.0,0.0,1.0,0.0,2.0,1.0,2.0,0.0,2.0,0.0,2.0,0.0,0.0,1.0,1.0
342,FEDXDM20,M,NR,1.0,CAS5,77,2.7333333333333334,1.0,15,0.6814654030110675,36,1.6355169672265621,2,6.0,0.090862053734809,1.0,1.0,0.0,0.0,0.0,0.0,0.0,0.0,1.0,0.0,0.0,1.0,1.0,1.0,0.0,3.0,3.0,1.0,0.0,1.0,0.0,1.0,0.0,0.0
343,FEDXDM11,M,NR,2.0,CAS20,99,3.36,1.0,25,1.1459420917262981,15,0.6875652550357788,2,7.5,0.09167536733810384,0.0,2.0,0.0,0.0,2.0,0.0,2.0,0.0,0.0,0.0,0.0,0.0,3.0,2.0,3.0,0.0,2.0,1.0,1.0,2.0,0.0,2.0,2.0,1.0
344,FEDXDM12,M,NR,2.0,CAS20,120,2.269230769230769,1.0,26,1.141254648539901,61,2.6775589831128452,0,0.0,0.0,0.0,0.0,2.0,0.0,0.0,1.0,0.0,0.0,4.0,0.0,0.0,2.0,3.0,4.0,0.0,2.0,2.0,0.0,3.0,1.0,1.0,0.0,0.0,1.0
345,FEDXDM13,M,NR,2.0,CAS20,143,3.0526315789473686,1.0,38,1.6713908708826115,27,1.1875671977323818,4,6.5,0.17593588114553807,0.0,1.0,1.0,1.0,0.0,0.0,0.0,1.0,0.0,1.0,0.0,2.0,3.0,2.0,3.0,4.0,2.0,0.0,4.0,0.0,6.0,1.0,2.0,4.0
346,FEDXDM14,M,NR,2.0,CAS20,172,3.292682926829268,1.0,41,1.813446038922744,37,1.6365244741497933,4,7.5,0.17692156477295062,1.0,2.0,0.0,0.0,2.0,3.0,4.0,1.0,0.0,0.0,3.0,3.0,3.0,1.0,5.0,2.0,0.0,4.0,1.0,3.0,0.0,1.0,1.0,1.0
347,FEDXDM15,M,NR,2.0,CAS20,155,3.2058823529411766,1.0,34,1.5249106108363337,46,2.0631143558373926,4,8.75,0.17940124833368634,4.0,0.0,1.0,0.0,3.0,1.0,1.0,0.0,0.0,2.0,0.0,0.0,1.0,2.0,3.0,0.0,3.0,0.0,4.0,1.0,4.0,0.0,1.0,3.0
348,FEDXDM16,M,NR,2.0,CAS20,110,2.40625,1.0,32,1.4027226456907678,33,1.4465577283686042,1,6.0,0.04383508267783649,0.0,0.0,1.0,0.0,2.0,1.0,1.0,0.0,1.0,0.0,1.0,1.0,3.0,2.0,4.0,3.0,0.0,2.0,3.0,2.0,2.0,0.0,2.0,1.0
349,FEDXDM17,M,NR,2.0,CAS20,127,2.7837837837837838,1.0,37,1.6120638532198917,24,1.0456630399264162,3,6.333333333333333,0.13070787999080202,3.0,2.0,2.0,0.0,2.0,2.0,0.0,1.0,0.0,1.0,1.0,1.0,1.0,3.0,1.0,3.0,0.0,3.0,4.0,4.0,0.0,1.0,0.0,2.0
350,FEDXDM19,M,NR,2.0,CAS20,116,2.75,1.0,24,1.051542627639506,50,2.190713807582304,1,8.0,0.04381427615164608,1.0,1.0,1.0,0.0,1.0,3.0,0.0,0.0,1.0,0.0,1.0,1.0,2.0,1.0,3.0,2.0,0.0,1.0,0.0,1.0,0.0,2.0,0.0,2.0
351,FEDXDM20,M,NR,2.0,CAS20,84,2.526315789473684,1.0,19,0.8376912054670373,36,1.5872043893059655,1,7.0,0.04408901081405459,4.0,0.0,1.0,1.0,2.0,1.0,0.0,1.0,0.0,0.0,0.0,0.0,1.0,1.0,1.0,1.0,1.0,0.0,1.0,1.0,0.0,0.0,1.0,1.0
352,FEDXDM11,M,NR,2.0,SUC,61,2.4705882352941178,1.0,17,0.7418721361553567,19,0.8291512109971635,0,0.0,0.0,1.0,0.0,0.0,0.0,1.0,0.0,0.0,0.0,1.0,0.0,1.0,0.0,0.0,2.0,2.0,0.0,3.0,0.0,4.0,0.0,0.0,0.0,1.0,1.0
353,FEDXDM12,M,NR,2.0,SUC,43,2.3333333333333335,1.0,3,0.13203418218272064,36,1.5844101861926476,0,0.0,0.0,0.0,0.0,1.0,0.0,0.0,0.0,0.0,0.0,0.0,0.0,0.0,0.0,0.0,0.0,1.0,0.0,0.0,0.0,1.0,0.0,0.0,0.0,0.0,0.0
354,FEDXDM13,M,NR,2.0,SUC,45,2.272727272727273,1.0,11,0.4847772595394616,20,0.8814131991626575,0,0.0,0.0,2.0,0.0,1.0,0.0,0.0,0.0,0.0,1.0,0.0,0.0,0.0,0.0,0.0,0.0,2.0,1.0,0.0,0.0,1.0,0.0,1.0,0.0,2.0,0.0
355,FEDXDM14,M,NR,2.0,SUC,19,2.0,1.0,2,0.0927106269556148,15,0.695329702167111,0,0.0,0.0,0.0,0.0,0.0,0.0,0.0,1.0,0.0,0.0,0.0,0.0,1.0,0.0,0.0,0.0,0.0,0.0,0.0,0.0,0.0,0.0,0.0,0.0,0.0,0.0
356,FEDXDM15,M,NR,2.0,SUC,30,2.3333333333333335,1.0,6,0.305537873965627,16,0.8147676639083387,0,0.0,0.0,0.0,0.0,0.0,0.0,0.0,0.0,0.0,0.0,0.0,0.0,0.0,1.0,1.0,0.0,2.0,0.0,0.0,1.0,1.0,0.0,0.0,0.0,0.0,0.0
357,FEDXDM16,M,NR,2.0,SUC,55,2.090909090909091,1.0,11,0.479639543615707,32,1.3953150359729658,0,0.0,0.0,2.0,0.0,0.0,0.0,0.0,0.0,0.0,0.0,1.0,0.0,0.0,1.0,0.0,0.0,3.0,0.0,0.0,0.0,2.0,1.0,0.0,0.0,1.0,0.0
358,FEDXDM17,M,NR,2.0,SUC,42,2.0,1.0,10,0.44116565770446803,22,0.9705644469498297,0,0.0,0.0,0.0,0.0,1.0,0.0,2.0,0.0,0.0,0.0,0.0,0.0,0.0,0.0,0.0,1.0,1.0,2.0,0.0,0.0,0.0,1.0,0.0,0.0,1.0,1.0
359,FEDXDM19,M,NR,2.0,SUC,75,2.4615384615384617,1.0,13,0.5682163107220475,43,1.8794847200806186,0,0.0,0.0,3.0,0.0,0.0,0.0,2.0,0.0,0.0,0.0,0.0,0.0,0.0,1.0,1.0,1.0,0.0,1.0,0.0,1.0,0.0,2.0,0.0,0.0,1.0,0.0
360,FEDXDM20,M,NR,2.0,SUC,61,2.1333333333333333,1.0,15,0.6687803428118497,29,1.2929753294362427,0,0.0,0.0,0.0,0.0,1.0,0.0,0.0,1.0,0.0,0.0,0.0,1.0,0.0,1.0,1.0,1.0,1.0,1.0,2.0,0.0,1.0,0.0,0.0,3.0,1.0,0.0
361,FEDXDM11,M,NR,3.0,CAS5,136,3.3714285714285714,1.0,35,1.5350129136007016,18,0.7894352127089322,5,7.2,0.21928755908581452,1.0,1.0,0.0,0.0,2.0,0.0,1.0,0.0,1.0,1.0,1.0,2.0,1.0,4.0,1.0,3.0,0.0,4.0,3.0,1.0,3.0,2.0,1.0,2.0
362,FEDXDM12,M,NR,3.0,CAS5,122,2.1904761904761907,1.0,21,0.9230656524340363,76,3.340618551666036,0,0.0,0.0,2.0,0.0,1.0,0.0,0.0,0.0,0.0,1.0,0.0,0.0,1.0,1.0,1.0,3.0,2.0,1.0,1.0,0.0,2.0,0.0,1.0,2.0,1.0,1.0
363,FEDXDM13,M,NR,3.0,CAS5,119,2.642857142857143,1.0,28,1.2330878575098474,45,1.9817483424265405,1,7.0,0.044038852053923126,1.0,0.0,2.0,2.0,0.0,0.0,1.0,1.0,0.0,0.0,0.0,1.0,0.0,0.0,2.0,4.0,2.0,0.0,3.0,1.0,2.0,4.0,2.0,0.0
364,FEDXDM14,M,NR,3.0,CAS5,140,2.9705882352941178,1.0,34,1.503316138540899,39,1.7243920412675018,4,7.0,0.17686072218128224,2.0,2.0,1.0,0.0,0.0,2.0,1.0,2.0,0.0,0.0,1.0,2.0,2.0,4.0,2.0,0.0,3.0,0.0,3.0,0.0,2.0,2.0,1.0,2.0
365,FEDXDM15,M,NR,3.0,CAS5,156,3.4411764705882355,1.0,34,1.4904109589041097,39,1.7095890410958905,4,8.75,0.17534246575342466,1.0,2.0,0.0,0.0,2.0,2.0,0.0,1.0,0.0,0.0,2.0,0.0,1.0,3.0,6.0,3.0,2.0,1.0,1.0,0.0,0.0,3.0,1.0,3.0
366,FEDXDM16,M,NR,3.0,CAS5,134,2.5135135135135136,1.0,37,1.5852424873549538,41,1.7566200535554894,1,6.0,0.042844391550133885,1.0,3.0,2.0,0.0,3.0,0.0,2.0,0.0,1.0,1.0,1.0,1.0,1.0,0.0,4.0,5.0,0.0,2.0,3.0,3.0,0.0,1.0,2.0,1.0
367,FEDXDM17,M,NR,3.0,CAS5,138,2.9375,1.0,32,1.3825548461427681,44,1.901012913446306,3,6.333333333333333,0.1296145168258845,3.0,1.0,2.0,0.0,2.0,1.0,1.0,0.0,1.0,1.0,1.0,1.0,2.0,1.0,4.0,1.0,0.0,1.0,2.0,0.0,4.0,0.0,1.0,2.0
368,FEDXDM18,M,NR,3.0,CAS5,132,2.3870967741935485,1.0,31,1.346622583681251,58,2.5194874146294377,0,0.0,0.0,0.0,5.0,1.0,0.0,1.0,3.0,0.0,0.0,0.0,2.0,0.0,0.0,2.0,1.0,4.0,2.0,0.0,3.0,2.0,0.0,3.0,1.0,0.0,1.0
369,FEDXDM19,M,NR,3.0,CAS5,130,2.533333333333333,1.0,30,1.2907080968031073,54,2.323274574245593,0,0.0,0.0,0.0,2.0,1.0,0.0,3.0,0.0,0.0,1.0,1.0,1.0,0.0,1.0,2.0,3.0,2.0,2.0,3.0,0.0,2.0,3.0,0.0,0.0,1.0,2.0
370,FEDXDM20,M,NR,3.0,CAS5,118,2.357142857142857,1.0,28,1.213259189716184,52,2.2531956380443416,0,0.0,0.0,2.0,1.0,3.0,1.0,0.0,0.0,0.0,0.0,0.0,1.0,1.0,0.0,0.0,0.0,1.0,3.0,5.0,1.0,0.0,4.0,0.0,2.0,1.0,2.0
371,FEDXDM11,M,NR,3.0,SUC,25,2.6666666666666665,1.0,6,0.2891566265060241,9,0.43373493975903615,0,0.0,0.0,0.0,0.0,0.0,0.0,0.0,0.0,2.0,0.0,0.0,0.0,0.0,0.0,0.0,1.0,0.0,2.0,0.0,0.0,0.0,0.0,0.0,0.0,0.0,1.0
372,FEDXDM12,M,NR,3.0,SUC,25,2.0,1.0,2,0.09773976786805132,21,1.0262675626145388,0,0.0,0.0,0.0,0.0,0.0,0.0,0.0,0.0,0.0,0.0,0.0,0.0,0.0,0.0,0.0,0.0,0.0,0.0,0.0,0.0,0.0,1.0,0.0,0.0,1.0,0.0
373,FEDXDM13,M,NR,3.0,SUC,44,2.2222222222222223,1.0,9,0.39721946375372397,24,1.059251903343264,0,0.0,0.0,3.0,0.0,0.0,0.0,0.0,0.0,0.0,0.0,0.0,0.0,0.0,0.0,1.0,1.0,1.0,0.0,0.0,0.0,2.0,1.0,0.0,0.0,0.0,0.0
374,FEDXDM14,M,NR,3.0,SUC,20,2.0,1.0,1,0.04546487838145033,18,0.8183678108661059,0,0.0,0.0,0.0,0.0,0.0,0.0,0.0,0.0,0.0,0.0,0.0,0.0,0.0,0.0,0.0,1.0,0.0,0.0,0.0,0.0,0.0,0.0,0.0,0.0,0.0,0.0
375,FEDXDM15,M,NR,3.0,SUC,12,0.0,1.0,0,0.0,12,0.5568445475638051,0,0.0,0.0,0.0,0.0,0.0,0.0,0.0,0.0,0.0,0.0,0.0,0.0,0.0,0.0,0.0,0.0,0.0,0.0,0.0,0.0,0.0,0.0,0.0,0.0,0.0,0.0
376,FEDXDM16,M,NR,3.0,SUC,38,2.6,1.0,5,0.21662213878258357,25,1.0831106939129178,0,0.0,0.0,0.0,0.0,0.0,0.0,1.0,0.0,0.0,0.0,0.0,0.0,0.0,0.0,1.0,0.0,0.0,0.0,1.0,0.0,0.0,1.0,0.0,0.0,0.0,1.0
377,FEDXDM17,M,NR,3.0,SUC,36,2.0,1.0,5,0.21985001343527863,26,1.143220069863449,0,0.0,0.0,0.0,0.0,0.0,0.0,0.0,0.0,1.0,0.0,0.0,0.0,1.0,0.0,0.0,1.0,0.0,0.0,0.0,1.0,1.0,0.0,0.0,0.0,0.0,0.0
378,FEDXDM18,M,NR,3.0,SUC,23,2.6666666666666665,1.0,3,0.13802798900888236,15,0.6901399450444118,0,0.0,0.0,0.0,0.0,0.0,0.0,0.0,0.0,0.0,0.0,0.0,0.0,0.0,1.0,1.0,0.0,0.0,0.0,0.0,1.0,0.0,0.0,0.0,0.0,0.0,0.0
379,FEDXDM19,M,NR,3.0,SUC,34,2.0,1.0,2,0.09023687178844467,30,1.3535530768266701,0,0.0,0.0,0.0,0.0,0.0,0.0,0.0,1.0,0.0,0.0,0.0,0.0,0.0,0.0,0.0,0.0,0.0,0.0,0.0,0.0,0.0,0.0,0.0,0.0,0.0,1.0
380,FEDXDM20,M,NR,3.0,SUC,31,2.6666666666666665,1.0,3,0.13321163381601994,23,1.0212891925894862,0,0.0,0.0,0.0,0.0,0.0,0.0,0.0,0.0,0.0,0.0,0.0,0.0,0.0,0.0,1.0,0.0,1.0,0.0,0.0,0.0,0.0,1.0,0.0,0.0,0.0,0.0
381,FEDXDM11,M,NR,4.0,CAS5,105,5.090909090909091,1.0,11,0.49769376751668404,49,2.216999509847047,4,7.5,0.18097955182424874,0.0,0.0,1.0,0.0,0.0,0.0,0.0,1.0,0.0,1.0,0.0,1.0,1.0,0.0,0.0,1.0,0.0,2.0,0.0,1.0,0.0,1.0,1.0,0.0
382,FEDXDM12,M,NR,4.0,CAS5,74,2.8,1.0,5,0.2246517897259248,60,2.6958214767110977,0,0.0,0.0,0.0,0.0,0.0,0.0,0.0,0.0,1.0,0.0,0.0,0.0,1.0,1.0,1.0,0.0,0.0,0.0,0.0,0.0,1.0,0.0,0.0,0.0,0.0,0.0
383,FEDXDM13,M,NR,4.0,CAS5,75,2.5555555555555554,1.0,9,0.4074088045569429,52,2.3539175374401142,0,0.0,0.0,1.0,0.0,0.0,0.0,0.0,0.0,0.0,0.0,1.0,1.0,0.0,0.0,2.0,0.0,0.0,0.0,0.0,2.0,1.0,0.0,0.0,0.0,0.0,1.0
384,FEDXDM14,M,NR,4.0,CAS5,78,3.8,1.0,5,0.22503938189183106,59,2.6554647063236065,0,0.0,0.0,0.0,0.0,0.0,0.0,0.0,0.0,0.0,0.0,1.0,0.0,1.0,1.0,1.0,0.0,0.0,0.0,0.0,0.0,0.0,0.0,0.0,0.0,0.0,1.0
385,FEDXDM15,M,NR,4.0,CAS5,91,3.2857142857142856,1.0,7,0.3195050207931839,68,3.1037630591337866,1,6.0,0.04564357439902627,0.0,1.0,0.0,0.0,0.0,0.0,1.0,0.0,0.0,0.0,1.0,1.0,1.0,0.0,0.0,0.0,0.0,0.0,0.0,0.0,0.0,1.0,0.0,1.0
386,FEDXDM16,M,NR,4.0,CAS5,78,2.8333333333333335,1.0,6,0.26348853946838746,61,2.6788001512619393,1,6.0,0.043914756578064575,0.0,0.0,0.0,1.0,0.0,0.0,1.0,1.0,0.0,2.0,0.0,1.0,0.0,0.0,0.0,0.0,0.0,0.0,0.0,0.0,0.0,0.0,0.0,0.0
387,FEDXDM17,M,NR,4.0,CAS5,77,2.6666666666666665,1.0,9,0.3952520952020787,53,2.327595671745575,0,0.0,0.0,0.0,0.0,0.0,0.0,0.0,0.0,1.0,1.0,0.0,0.0,1.0,1.0,1.0,0.0,0.0,0.0,0.0,0.0,1.0,1.0,1.0,0.0,0.0,1.0
388,FEDXDM18,M,NR,4.0,CAS5,106,2.5833333333333335,1.0,12,0.531339171504477,75,3.320869821902981,0,0.0,0.0,0.0,0.0,1.0,0.0,1.0,0.0,1.0,1.0,0.0,1.0,0.0,1.0,2.0,0.0,0.0,0.0,0.0,0.0,0.0,0.0,0.0,3.0,1.0,0.0
389,FEDXDM19,M,NR,4.0,CAS5,70,3.0,1.0,3,0.13185203271883775,61,2.680991331949701,0,0.0,0.0,0.0,0.0,0.0,0.0,0.0,0.0,0.0,0.0,0.0,1.0,1.0,1.0,0.0,0.0,0.0,0.0,0.0,0.0,0.0,0.0,0.0,0.0,0.0,0.0
390,FEDXDM20,M,NR,4.0,CAS5,58,2.2,1.0,5,0.22560348933396834,47,2.1206727997393022,0,0.0,0.0,1.0,0.0,1.0,0.0,0.0,0.0,0.0,0.0,0.0,0.0,1.0,1.0,1.0,0.0,0.0,0.0,0.0,0.0,0.0,0.0,0.0,0.0,0.0,0.0
391,FEDXDM11,M,NR,4.0,SUC,44,2.0,1.0,7,0.31565893803314427,30,1.3528240201420467,0,0.0,0.0,0.0,0.0,1.0,0.0,0.0,0.0,0.0,1.0,0.0,0.0,0.0,0.0,0.0,0.0,0.0,0.0,0.0,2.0,0.0,2.0,0.0,0.0,1.0,0.0
392,FEDXDM12,M,NR,4.0,SUC,43,0.0,1.0,0,0.0,43,1.960585642636405,0,0.0,0.0,0.0,0.0,0.0,0.0,0.0,0.0,0.0,0.0,0.0,0.0,0.0,0.0,0.0,0.0,0.0,0.0,0.0,0.0,0.0,0.0,0.0,0.0,0.0,0.0
393,FEDXDM13,M,NR,4.0,SUC,41,2.0,1.0,1,0.04550740759468069,39,1.7747888961925469,0,0.0,0.0,0.0,0.0,0.0,0.0,0.0,0.0,0.0,0.0,0.0,0.0,0.0,0.0,0.0,0.0,0.0,0.0,0.0,1.0,0.0,0.0,0.0,0.0,0.0,0.0
394,FEDXDM14,M,NR,4.0,SUC,58,2.0,1.0,4,0.1795063575168287,50,2.243829468960359,0,0.0,0.0,0.0,0.0,0.0,0.0,0.0,0.0,0.0,0.0,1.0,0.0,0.0,1.0,1.0,0.0,0.0,0.0,0.0,0.0,0.0,1.0,0.0,0.0,0.0,0.0
395,FEDXDM15,M,NR,4.0,SUC,48,3.0,1.0,3,0.13801035077630822,39,1.794134560092007,0,0.0,0.0,0.0,0.0,0.0,0.0,0.0,0.0,0.0,0.0,0.0,0.0,0.0,0.0,0.0,0.0,1.0,0.0,0.0,0.0,0.0,0.0,0.0,1.0,0.0,1.0
396,FEDXDM16,M,NR,4.0,SUC,52,3.5,1.0,2,0.08817262240074455,45,1.9838840040167527,0,0.0,0.0,0.0,0.0,1.0,0.0,0.0,0.0,0.0,0.0,0.0,1.0,0.0,0.0,0.0,0.0,0.0,0.0,0.0,0.0,0.0,0.0,0.0,0.0,0.0,0.0
397,FEDXDM17,M,NR,4.0,SUC,52,2.0,1.0,2,0.08912104370644518,48,2.138905048954684,0,0.0,0.0,0.0,0.0,0.0,0.0,0.0,0.0,0.0,0.0,0.0,0.0,0.0,0.0,1.0,0.0,0.0,0.0,0.0,0.0,1.0,0.0,0.0,0.0,0.0,0.0
398,FEDXDM18,M,NR,4.0,SUC,45,2.3333333333333335,1.0,3,0.13405657684048508,38,1.698049973312811,0,0.0,0.0,1.0,0.0,1.0,0.0,0.0,0.0,0.0,0.0,0.0,0.0,1.0,0.0,0.0,0.0,0.0,0.0,0.0,0.0,0.0,0.0,0.0,0.0,0.0,0.0
399,FEDXDM19,M,NR,4.0,SUC,49,0.0,1.0,0,0.0,49,2.1858736059479553,0,0.0,0.0,0.0,0.0,0.0,0.0,0.0,0.0,0.0,0.0,0.0,0.0,0.0,0.0,0.0,0.0,0.0,0.0,0.0,0.0,0.0,0.0,0.0,0.0,0.0,0.0
400,FEDXDM20,M,NR,4.0,SUC,39,2.0,1.0,1,0.04519206628169722,37,1.672106452422797,0,0.0,0.0,0.0,0.0,0.0,1.0,0.0,0.0,0.0,0.0,0.0,0.0,0.0,0.0,0.0,0.0,0.0,0.0,0.0,0.0,0.0,0.0,0.0,0.0,0.0,0.0
