,MOUSEID,SEX,DIET,CHOICE_SESSION,PELLET_TYPE,COUNT,MEAL_SIZE,SNACK_SIZE,NUMBER_OF_MEALS,MEAL_FREQUENCY,NUMBER_OF_SNACKS,SNACK_FREQUENCY,NUMBER_OF_MEGA_MEALS,AVERAGE_MEGA_MEAL_SIZE,MEALS_HOUR_0,MEALS_HOUR_1,MEALS_HOUR_2,MEALS_HOUR_3,MEALS_HOUR_4,MEALS_HOUR_5,MEALS_HOUR_6,MEALS_HOUR_7,MEALS_HOUR_8,MEALS_HOUR_9,MEALS_HOUR_10,MEALS_HOUR_11,MEALS_HOUR_12,MEALS_HOUR_13,MEALS_HOUR_14,MEALS_HOUR_15,MEALS_HOUR_16,MEALS_HOUR_17,MEALS_HOUR_18,MEALS_HOUR_19,MEALS_HOUR_20,MEALS_HOUR_21,MEALS_HOUR_22,MEALS_HOUR_23
0,FEDXDF1,F,PR,0.0,MIX,210,3.45,1.0,20,0.9203277389336981,10,0.46016386946684906,19,6.894736842105263,1.0,0.0,0.0,0.0,2.0,2.0,1.0,1.0,0.0,0.0,0.0,0.0,1.0,2.0,2.0,0.0,1.0,3.0,1.0,0.0,1.0,0.0,0.0,2.0
1,FEDXDF1,F,PR,0.0,MIX,296,2.723404255319149,1.0,47,0.98774657178384,33,0.6935241886992919,22,6.136363636363637,2.0,2.0,5.0,0.0,0.0,3.0,2.0,0.0,0.0,1.0,0.0,0.0,1.0,1.0,4.0,5.0,2.0,3.0,4.0,4.0,0.0,0.0,5.0,3.0
2,FEDXDF2,F,PR,0.0,MIX,350,2.9444444444444446,1.0,36,1.6270369347427625,12,0.5423456449142542,33,7.03030303030303,0.0,0.0,3.0,2.0,0.0,0.0,1.0,1.0,1.0,0.0,0.0,1.0,0.0,3.0,3.0,3.0,2.0,3.0,2.0,2.0,2.0,3.0,3.0,1.0
3,FEDXDF2,F,PR,0.0,MIX,330,2.7714285714285714,1.0,70,1.4398025413657556,46,0.9461559557546394,16,5.625,6.0,1.0,4.0,2.0,1.0,0.0,1.0,1.0,0.0,0.0,1.0,0.0,5.0,2.0,7.0,9.0,4.0,6.0,5.0,3.0,4.0,3.0,4.0,1.0
4,FEDXDF3,F,PR,0.0,MIX,291,3.0,1.0,22,0.9321704742064192,15,0.6355707778680131,26,8.076923076923077,1.0,0.0,0.0,0.0,1.0,0.0,1.0,0.0,2.0,1.0,0.0,0.0,0.0,3.0,2.0,4.0,1.0,1.0,2.0,1.0,2.0,0.0,0.0,0.0
5,FEDXDF3,F,PR,0.0,MIX,375,2.803921568627451,1.0,51,1.050709915931761,27,0.5562581907874029,28,7.321428571428571,3.0,0.0,3.0,2.0,1.0,1.0,1.0,1.0,0.0,1.0,1.0,2.0,4.0,3.0,4.0,1.0,7.0,5.0,2.0,1.0,4.0,2.0,0.0,2.0
6,FEDXDF4,F,PR,0.0,MIX,294,3.2333333333333334,1.0,30,1.2634682202646266,5,0.21057803671077108,26,7.384615384615385,4.0,3.0,2.0,3.0,0.0,1.0,0.0,0.0,0.0,1.0,0.0,0.0,2.0,0.0,2.0,1.0,0.0,0.0,2.0,1.0,2.0,0.0,3.0,3.0
7,FEDXDF4,F,PR,0.0,MIX,312,3.032258064516129,1.0,31,0.637008116716326,25,0.5137162231583273,29,6.655172413793103,0.0,0.0,3.0,2.0,0.0,0.0,0.0,1.0,0.0,0.0,2.0,0.0,2.0,4.0,3.0,4.0,1.0,3.0,2.0,1.0,3.0,0.0,0.0,0.0
8,FEDXDF5,F,PR,0.0,MIX,227,3.2,1.0,15,0.9125937943621983,7,0.4258771040356925,20,8.6,2.0,0.0,0.0,0.0,0.0,0.0,0.0,0.0,0.0,0.0,0.0,1.0,2.0,3.0,2.0,0.0,1.0,0.0,2.0,1.0,1.0,0.0,0.0,0.0
9,FEDXDF5,F,PR,0.0,MIX,363,2.8,1.0,30,0.6488629877737391,23,0.4974616239598666,32,8.0,1.0,0.0,3.0,0.0,0.0,1.0,1.0,0.0,2.0,1.0,0.0,2.0,1.0,5.0,2.0,1.0,1.0,1.0,1.0,1.0,2.0,3.0,0.0,1.0
10,FEDXDF6,F,PR,0.0,MIX,296,2.7906976744186047,1.0,43,1.9685890506771795,10,0.4578114071342278,21,7.904761904761905,6.0,2.0,0.0,0.0,1.0,0.0,0.0,0.0,0.0,1.0,0.0,0.0,0.0,1.0,1.0,3.0,6.0,5.0,3.0,1.0,3.0,4.0,3.0,3.0
11,FEDXDF6,F,PR,0.0,MIX,328,2.9166666666666665,1.0,36,0.8274541101356743,23,0.5286512370311253,26,7.6923076923076925,1.0,1.0,2.0,0.0,0.0,0.0,1.0,1.0,0.0,0.0,1.0,0.0,2.0,1.0,2.0,5.0,2.0,5.0,2.0,0.0,3.0,6.0,0.0,1.0
12,FEDXDF7,F,PR,0.0,MIX,249,3.0,1.0,26,1.1654837504669406,16,0.7172207695181173,21,7.380952380952381,0.0,2.0,0.0,0.0,1.0,2.0,0.0,0.0,1.0,2.0,0.0,1.0,0.0,2.0,4.0,2.0,4.0,1.0,1.0,0.0,2.0,0.0,0.0,1.0
13,FEDXDF7,F,PR,0.0,MIX,328,2.914285714285714,1.0,35,0.7189811010682005,28,0.5751848808545604,29,6.827586206896552,1.0,1.0,1.0,2.0,2.0,0.0,0.0,0.0,1.0,0.0,3.0,0.0,1.0,1.0,2.0,5.0,1.0,0.0,1.0,0.0,2.0,1.0,4.0,6.0
14,FEDXDF8,F,PR,0.0,MIX,244,2.9285714285714284,1.0,42,1.7691245641541666,16,0.673952214915873,15,7.0,3.0,0.0,3.0,1.0,0.0,0.0,1.0,0.0,1.0,0.0,0.0,1.0,2.0,4.0,2.0,4.0,0.0,1.0,4.0,3.0,3.0,3.0,3.0,3.0
15,FEDXDF8,F,PR,0.0,MIX,316,2.769230769230769,1.0,52,1.072447494758069,35,0.7218396599333158,21,6.523809523809524,1.0,2.0,2.0,1.0,3.0,0.0,1.0,0.0,0.0,0.0,0.0,0.0,4.0,7.0,5.0,4.0,3.0,4.0,2.0,1.0,6.0,3.0,3.0,0.0
16,FEDXDF9,F,PR,0.0,MIX,260,2.857142857142857,1.0,42,1.7926798904473402,13,0.5548771089479863,16,7.9375,2.0,2.0,1.0,2.0,1.0,0.0,1.0,1.0,0.0,2.0,0.0,2.0,1.0,3.0,3.0,0.0,0.0,5.0,2.0,3.0,3.0,0.0,4.0,4.0
17,FEDXDF9,F,PR,0.0,MIX,275,2.6323529411764706,1.0,68,1.4041125354899768,34,0.7020562677449884,11,5.636363636363637,5.0,1.0,4.0,1.0,0.0,1.0,0.0,2.0,1.0,0.0,4.0,1.0,1.0,5.0,6.0,3.0,10.0,10.0,3.0,2.0,0.0,0.0,3.0,5.0
18,FEDXDF10,F,PR,0.0,MIX,250,3.0833333333333335,1.0,36,1.672927235410293,11,0.5111722108198118,21,6.095238095238095,0.0,0.0,0.0,4.0,1.0,0.0,0.0,1.0,0.0,1.0,1.0,1.0,1.0,2.0,3.0,3.0,3.0,3.0,3.0,2.0,2.0,3.0,2.0,0.0
19,FEDXDF10,F,PR,0.0,MIX,301,2.6031746031746033,1.0,63,1.3174097911196823,59,1.2337647250168453,12,6.5,1.0,2.0,4.0,2.0,1.0,0.0,0.0,2.0,0.0,0.0,0.0,1.0,4.0,5.0,7.0,4.0,5.0,6.0,6.0,6.0,3.0,3.0,0.0,1.0
20,FEDXDF1,F,PR,1.0,CAS20,112,2.5833333333333335,1.0,24,1.0722263588979897,23,1.0275502606105733,4,6.75,2.0,0.0,1.0,2.0,3.0,0.0,0.0,0.0,0.0,0.0,1.0,0.0,1.0,2.0,1.0,1.0,0.0,2.0,4.0,1.0,3.0,0.0,0.0,0.0
21,FEDXDF2,F,PR,1.0,CAS20,118,2.515151515151515,1.0,33,1.3801756587202008,25,1.0455876202425762,2,5.0,1.0,0.0,1.0,2.0,1.0,2.0,0.0,0.0,0.0,1.0,0.0,1.0,4.0,3.0,2.0,4.0,2.0,2.0,3.0,1.0,2.0,1.0,0.0,0.0
22,FEDXDF3,F,PR,1.0,CAS20,111,2.6,1.0,30,1.2548217688339454,26,1.087512199656086,1,7.0,0.0,4.0,1.0,1.0,2.0,3.0,0.0,0.0,1.0,0.0,0.0,2.0,1.0,0.0,2.0,2.0,2.0,2.0,1.0,4.0,1.0,1.0,0.0,0.0
23,FEDXDF4,F,PR,1.0,CAS20,136,2.75,1.0,32,1.3415315818893236,10,0.4192286193404136,7,5.428571428571429,2.0,1.0,1.0,2.0,1.0,0.0,0.0,2.0,0.0,0.0,1.0,0.0,4.0,2.0,1.0,2.0,1.0,3.0,2.0,2.0,2.0,2.0,0.0,1.0
24,FEDXDF5,F,PR,1.0,CAS20,96,2.5,1.0,24,1.1076071071456042,14,0.6461041458349358,4,5.5,1.0,0.0,0.0,1.0,0.0,3.0,0.0,0.0,0.0,1.0,0.0,0.0,1.0,2.0,1.0,3.0,1.0,1.0,2.0,1.0,3.0,1.0,1.0,1.0
25,FEDXDF6,F,PR,1.0,CAS20,149,3.0,1.0,29,1.3917587618146188,10,0.47991681441883405,10,5.2,0.0,0.0,0.0,2.0,0.0,1.0,1.0,0.0,0.0,0.0,0.0,1.0,1.0,0.0,2.0,1.0,2.0,3.0,2.0,2.0,2.0,3.0,3.0,3.0
26,FEDXDF7,F,PR,1.0,CAS20,141,2.6470588235294117,1.0,34,1.46741476046612,24,1.0358221838584378,5,5.4,1.0,1.0,0.0,0.0,2.0,3.0,2.0,1.0,0.0,1.0,0.0,1.0,1.0,2.0,2.0,3.0,2.0,2.0,0.0,3.0,1.0,2.0,2.0,2.0
27,FEDXDF8,F,PR,1.0,CAS20,100,2.7666666666666666,1.0,30,1.3147163012648058,17,0.7450059040500566,0,0.0,3.0,2.0,1.0,1.0,2.0,1.0,0.0,0.0,0.0,0.0,1.0,1.0,0.0,1.0,2.0,1.0,0.0,4.0,3.0,1.0,1.0,3.0,0.0,2.0
28,FEDXDF9,F,PR,1.0,CAS20,108,2.272727272727273,1.0,33,1.4116305045271988,28,1.1977470947503506,1,5.0,2.0,0.0,1.0,1.0,1.0,3.0,0.0,0.0,1.0,0.0,2.0,0.0,2.0,2.0,4.0,3.0,0.0,3.0,1.0,1.0,3.0,1.0,1.0,1.0
29,FEDXDF10,F,PR,1.0,CAS20,72,2.5217391304347827,1.0,23,0.9928533742625545,9,0.3885078421027387,1,5.0,0.0,0.0,1.0,1.0,0.0,3.0,0.0,0.0,0.0,0.0,0.0,1.0,2.0,4.0,1.0,2.0,0.0,1.0,3.0,1.0,0.0,1.0,2.0,0.0
30,FEDXDF1,F,PR,1.0,CAS5,65,2.1666666666666665,1.0,18,0.8136103961328395,26,1.1752150166363238,0,0.0,2.0,0.0,0.0,2.0,1.0,0.0,0.0,0.0,0.0,0.0,0.0,0.0,0.0,0.0,1.0,1.0,1.0,2.0,2.0,2.0,1.0,3.0,0.0,0.0
31,FEDXDF2,F,PR,1.0,CAS5,38,2.2,1.0,10,0.42064428683266536,16,0.6730308589322647,0,0.0,0.0,0.0,1.0,0.0,1.0,0.0,0.0,0.0,0.0,1.0,0.0,1.0,0.0,0.0,0.0,0.0,1.0,0.0,1.0,1.0,1.0,2.0,0.0,0.0
32,FEDXDF3,F,PR,1.0,CAS5,89,2.409090909090909,1.0,22,0.9216589861751153,31,1.298701298701299,1,5.0,2.0,0.0,1.0,1.0,2.0,1.0,0.0,0.0,0.0,0.0,1.0,1.0,2.0,1.0,2.0,1.0,2.0,2.0,1.0,1.0,0.0,1.0,0.0,0.0
33,FEDXDF4,F,PR,1.0,CAS5,48,2.5833333333333335,1.0,12,0.5148127845174821,17,0.7293181113997664,0,0.0,0.0,0.0,1.0,0.0,0.0,0.0,0.0,1.0,0.0,0.0,2.0,0.0,1.0,0.0,2.0,1.0,1.0,1.0,0.0,0.0,1.0,1.0,0.0,0.0
34,FEDXDF5,F,PR,1.0,CAS5,50,2.375,1.0,16,0.7461429848310168,12,0.5596072386232626,0,0.0,1.0,0.0,0.0,0.0,1.0,2.0,0.0,0.0,0.0,0.0,0.0,1.0,2.0,0.0,0.0,2.0,3.0,1.0,0.0,1.0,0.0,0.0,1.0,1.0
35,FEDXDF6,F,PR,1.0,CAS5,45,2.111111111111111,1.0,9,0.42599629225449337,15,0.7099938204241556,2,5.5,0.0,0.0,0.0,1.0,1.0,1.0,0.0,0.0,1.0,0.0,0.0,0.0,0.0,4.0,1.0,0.0,0.0,0.0,0.0,0.0,0.0,0.0,0.0,0.0
36,FEDXDF7,F,PR,1.0,CAS5,62,2.2666666666666666,1.0,15,0.6798866855524079,28,1.2691218130311614,0,0.0,0.0,0.0,0.0,0.0,1.0,3.0,2.0,1.0,0.0,1.0,0.0,2.0,1.0,1.0,0.0,1.0,1.0,0.0,1.0,0.0,0.0,0.0,0.0,0.0
37,FEDXDF8,F,PR,1.0,CAS5,68,2.2857142857142856,1.0,21,0.9196632767261934,20,0.8758697873582795,0,0.0,1.0,1.0,0.0,0.0,0.0,2.0,0.0,0.0,0.0,0.0,1.0,1.0,1.0,4.0,2.0,1.0,1.0,1.0,0.0,1.0,1.0,0.0,1.0,2.0
38,FEDXDF9,F,PR,1.0,CAS5,86,2.3636363636363638,1.0,22,0.9467002952461779,34,1.4630822744713659,0,0.0,0.0,1.0,0.0,3.0,2.0,1.0,0.0,0.0,1.0,0.0,1.0,0.0,1.0,1.0,1.0,1.0,0.0,1.0,1.0,2.0,0.0,3.0,1.0,1.0
39,FEDXDF10,F,PR,1.0,CAS5,77,2.4583333333333335,1.0,24,1.1443557038979617,18,0.8582667779234712,0,0.0,1.0,0.0,0.0,0.0,1.0,1.0,0.0,0.0,0.0,0.0,0.0,1.0,2.0,1.0,2.0,2.0,4.0,2.0,0.0,2.0,1.0,2.0,1.0,1.0
40,FEDXDF1,F,PR,2.0,CAS20,188,2.5833333333333335,1.0,36,1.6157989228007181,21,0.9425493716337522,11,6.7272727272727275,1.0,1.0,0.0,3.0,4.0,0.0,0.0,0.0,0.0,0.0,0.0,0.0,0.0,3.0,4.0,3.0,3.0,3.0,3.0,2.0,1.0,0.0,0.0,5.0
41,FEDXDF2,F,PR,2.0,CAS20,112,2.433333333333333,1.0,30,1.4288738357324302,22,1.0478408128704488,3,5.666666666666667,1.0,0.0,0.0,1.0,3.0,1.0,0.0,0.0,2.0,0.0,0.0,1.0,1.0,4.0,1.0,3.0,1.0,1.0,0.0,3.0,3.0,2.0,0.0,2.0
42,FEDXDF3,F,PR,2.0,CAS20,129,3.0,1.0,20,0.8885926913251139,16,0.710874153060091,8,6.625,1.0,1.0,0.0,1.0,2.0,1.0,0.0,0.0,1.0,0.0,0.0,1.0,0.0,1.0,1.0,1.0,1.0,0.0,1.0,1.0,3.0,1.0,1.0,1.0
43,FEDXDF4,F,PR,2.0,CAS20,128,3.1153846153846154,1.0,26,1.1631519429359645,13,0.5815759714679822,6,5.666666666666667,0.0,1.0,0.0,0.0,1.0,0.0,0.0,0.0,0.0,0.0,0.0,0.0,0.0,5.0,3.0,2.0,0.0,4.0,2.0,4.0,4.0,0.0,0.0,0.0
44,FEDXDF5,F,PR,2.0,CAS20,114,2.675675675675676,1.0,37,1.9601495129057895,15,0.7946552079347795,0,0.0,0.0,0.0,0.0,2.0,3.0,4.0,1.0,0.0,1.0,0.0,1.0,1.0,2.0,2.0,2.0,3.0,3.0,3.0,2.0,2.0,3.0,1.0,1.0,0.0
45,FEDXDF6,F,PR,2.0,CAS20,216,2.883720930232558,1.0,43,1.9385135558199234,22,0.9917976332101933,12,5.833333333333333,2.0,0.0,1.0,2.0,2.0,1.0,0.0,0.0,0.0,0.0,2.0,0.0,2.0,2.0,3.0,1.0,2.0,3.0,4.0,4.0,4.0,2.0,2.0,4.0
46,FEDXDF7,F,PR,2.0,CAS20,191,2.65,1.0,40,1.6954740262798473,21,0.8901238637969199,11,5.818181818181818,0.0,1.0,1.0,2.0,3.0,3.0,0.0,0.0,0.0,2.0,0.0,1.0,0.0,0.0,3.0,3.0,3.0,0.0,2.0,4.0,5.0,5.0,2.0,0.0
47,FEDXDF8,F,PR,2.0,CAS20,126,2.72972972972973,1.0,37,1.6161714209447082,15,0.6552046301127195,2,5.0,4.0,1.0,1.0,3.0,4.0,0.0,0.0,0.0,0.0,0.0,1.0,0.0,3.0,2.0,1.0,3.0,3.0,2.0,1.0,2.0,2.0,2.0,1.0,1.0
48,FEDXDF9,F,PR,2.0,CAS20,169,2.7142857142857144,1.0,42,1.7685865344125766,23,0.9685116736068872,6,5.333333333333333,3.0,1.0,2.0,3.0,3.0,1.0,0.0,1.0,1.0,0.0,0.0,1.0,3.0,4.0,2.0,2.0,2.0,1.0,4.0,2.0,3.0,3.0,0.0,0.0
49,FEDXDF10,F,PR,2.0,CAS20,96,2.6956521739130435,1.0,23,0.9950248756218906,11,0.4758814622539477,4,5.75,2.0,0.0,1.0,4.0,0.0,0.0,1.0,1.0,0.0,1.0,0.0,1.0,2.0,3.0,1.0,2.0,1.0,1.0,1.0,0.0,0.0,0.0,0.0,1.0
50,FEDXDF1,F,PR,2.0,SUC,3,0.0,1.0,0,0.0,3,0.14248585036347086,0,0.0,0.0,0.0,0.0,0.0,0.0,0.0,0.0,0.0,0.0,0.0,0.0,0.0,0.0,0.0,0.0,0.0,0.0,0.0,0.0,0.0,0.0,0.0,0.0,0.0
51,FEDXDF2,F,PR,2.0,SUC,48,2.6666666666666665,1.0,9,0.4137244135711823,24,1.1032651028564862,0,0.0,1.0,0.0,0.0,0.0,0.0,0.0,0.0,0.0,1.0,0.0,1.0,0.0,1.0,1.0,2.0,0.0,0.0,0.0,1.0,0.0,1.0,0.0,0.0,0.0
52,FEDXDF3,F,PR,2.0,SUC,61,2.2,1.0,15,0.6709158000670916,28,1.2523761601252377,0,0.0,0.0,0.0,0.0,0.0,1.0,0.0,0.0,0.0,1.0,0.0,0.0,1.0,2.0,1.0,1.0,0.0,1.0,1.0,0.0,2.0,1.0,1.0,2.0,0.0
53,FEDXDF4,F,PR,2.0,SUC,43,2.3333333333333335,1.0,6,0.2680466103272402,29,1.295558616581661,0,0.0,0.0,0.0,0.0,1.0,0.0,0.0,0.0,0.0,0.0,0.0,1.0,0.0,0.0,1.0,0.0,0.0,0.0,1.0,1.0,1.0,0.0,0.0,0.0,0.0
54,FEDXDF5,F,PR,2.0,SUC,68,2.533333333333333,1.0,15,0.6922988166818375,30,1.384597633363675,0,0.0,2.0,1.0,0.0,0.0,1.0,0.0,0.0,0.0,0.0,0.0,0.0,0.0,0.0,1.0,1.0,2.0,2.0,1.0,1.0,0.0,1.0,0.0,0.0,2.0
55,FEDXDF6,F,PR,2.0,SUC,29,2.5,1.0,4,0.18466273403436778,19,0.877147986663247,0,0.0,0.0,0.0,1.0,1.0,0.0,0.0,0.0,0.0,0.0,0.0,0.0,0.0,0.0,0.0,0.0,1.0,1.0,0.0,0.0,0.0,0.0,0.0,0.0,0.0
56,FEDXDF7,F,PR,2.0,SUC,26,2.0,1.0,4,0.16935597685468315,18,0.7621018958460742,0,0.0,0.0,0.0,0.0,1.0,1.0,0.0,1.0,0.0,0.0,0.0,0.0,0.0,0.0,0.0,0.0,0.0,0.0,0.0,0.0,1.0,0.0,0.0,0.0,0.0
57,FEDXDF8,F,PR,2.0,SUC,57,2.3636363636363638,1.0,11,0.4841904482429756,31,1.3645367177756584,0,0.0,0.0,0.0,0.0,0.0,0.0,0.0,0.0,1.0,0.0,0.0,0.0,0.0,0.0,1.0,0.0,1.0,0.0,1.0,1.0,1.0,2.0,1.0,1.0,1.0
58,FEDXDF9,F,PR,2.0,SUC,34,2.2,1.0,5,0.22776737358910762,23,1.0477299185098952,0,0.0,0.0,1.0,0.0,1.0,0.0,0.0,0.0,0.0,0.0,0.0,0.0,0.0,0.0,0.0,0.0,0.0,0.0,0.0,0.0,1.0,1.0,1.0,0.0,0.0
59,FEDXDF10,F,PR,2.0,SUC,90,2.347826086956522,1.0,23,1.0029191245048996,36,1.5697864557467993,0,0.0,2.0,0.0,0.0,0.0,0.0,0.0,0.0,0.0,0.0,0.0,0.0,1.0,0.0,2.0,1.0,2.0,3.0,0.0,2.0,3.0,2.0,1.0,2.0,2.0
60,FEDXDF1,F,PR,3.0,CAS5,197,2.75,1.0,32,1.4118858235387841,20,0.88242863971174,14,6.357142857142857,0.0,0.0,0.0,0.0,2.0,3.0,2.0,1.0,0.0,1.0,1.0,2.0,1.0,2.0,2.0,1.0,1.0,3.0,5.0,4.0,1.0,0.0,0.0,0.0
61,FEDXDF2,F,PR,3.0,CAS5,124,2.65625,1.0,32,1.4252486762013163,28,1.247092591676152,2,5.5,2.0,1.0,2.0,0.0,0.0,3.0,0.0,0.0,1.0,1.0,0.0,3.0,3.0,3.0,2.0,1.0,3.0,1.0,2.0,3.0,0.0,0.0,1.0,0.0
62,FEDXDF3,F,PR,3.0,CAS5,123,2.6,1.0,35,1.5806111696522658,22,0.9935270209242814,2,5.0,1.0,0.0,3.0,0.0,0.0,3.0,1.0,0.0,0.0,1.0,1.0,1.0,2.0,5.0,1.0,3.0,1.0,1.0,4.0,2.0,4.0,1.0,0.0,0.0
63,FEDXDF4,F,PR,3.0,CAS5,144,2.696969696969697,1.0,33,1.473652872878833,14,0.6251860672819292,7,5.857142857142857,2.0,0.0,5.0,0.0,1.0,3.0,0.0,0.0,0.0,1.0,2.0,1.0,1.0,3.0,2.0,2.0,0.0,2.0,3.0,2.0,3.0,0.0,0.0,0.0
64,FEDXDF5,F,PR,3.0,CAS5,126,2.6944444444444446,1.0,36,1.5956857385587118,24,1.0637904923724746,1,5.0,3.0,1.0,2.0,0.0,0.0,1.0,3.0,1.0,0.0,0.0,0.0,1.0,1.0,4.0,5.0,3.0,0.0,0.0,0.0,3.0,3.0,3.0,1.0,1.0
65,FEDXDF6,F,PR,3.0,CAS5,205,2.4745762711864407,1.0,59,2.7951046190288196,18,0.852743782076589,7,5.857142857142857,3.0,0.0,0.0,0.0,4.0,4.0,1.0,0.0,0.0,2.0,1.0,1.0,2.0,5.0,4.0,1.0,3.0,7.0,3.0,3.0,6.0,2.0,4.0,3.0
66,FEDXDF7,F,PR,3.0,CAS5,173,2.7777777777777777,1.0,36,1.6079603965309743,17,0.7593146316951823,10,5.6,0.0,2.0,1.0,1.0,3.0,2.0,2.0,1.0,0.0,1.0,0.0,0.0,1.0,2.0,4.0,1.0,0.0,3.0,1.0,2.0,4.0,3.0,2.0,0.0
67,FEDXDF8,F,PR,3.0,CAS5,134,2.225,1.0,40,1.9984456533807036,35,1.7486399467081157,2,5.0,1.0,0.0,0.0,0.0,0.0,2.0,0.0,0.0,0.0,1.0,1.0,1.0,1.0,4.0,5.0,4.0,1.0,4.0,2.0,4.0,2.0,3.0,2.0,2.0
68,FEDXDF9,F,PR,3.0,CAS5,186,2.4864864864864864,1.0,37,1.6585523776319557,25,1.12064349839997,9,7.666666666666667,5.0,2.0,2.0,1.0,2.0,0.0,0.0,0.0,1.0,1.0,0.0,1.0,2.0,0.0,3.0,3.0,3.0,1.0,2.0,4.0,1.0,3.0,0.0,0.0
69,FEDXDF10,F,PR,3.0,CAS5,98,2.4074074074074074,1.0,27,1.2774681947219009,33,1.5613500157712124,0,0.0,0.0,1.0,0.0,0.0,0.0,1.0,0.0,0.0,0.0,1.0,0.0,1.0,3.0,1.0,4.0,1.0,2.0,0.0,1.0,2.0,1.0,4.0,2.0,2.0
70,FEDXDF1,F,PR,3.0,SUC,21,2.25,1.0,4,0.19835257169618994,12,0.5950577150885699,0,0.0,0.0,0.0,0.0,0.0,0.0,2.0,0.0,0.0,0.0,0.0,0.0,0.0,0.0,1.0,0.0,0.0,0.0,0.0,1.0,0.0,0.0,0.0,0.0,0.0
71,FEDXDF2,F,PR,3.0,SUC,33,2.0,1.0,3,0.13617278813783712,27,1.2255550932405341,0,0.0,0.0,1.0,0.0,0.0,0.0,0.0,0.0,0.0,0.0,0.0,0.0,0.0,0.0,0.0,0.0,0.0,1.0,1.0,0.0,0.0,0.0,0.0,0.0,0.0
72,FEDXDF3,F,PR,3.0,SUC,36,2.1666666666666665,1.0,6,0.26669629958884317,23,1.0223358150905655,0,0.0,0.0,0.0,0.0,0.0,1.0,0.0,0.0,0.0,0.0,0.0,0.0,0.0,1.0,0.0,1.0,0.0,0.0,1.0,0.0,2.0,0.0,0.0,0.0,0.0
73,FEDXDF4,F,PR,3.0,SUC,27,2.0,1.0,5,0.22740767879928747,17,0.7731861079175774,0,0.0,1.0,0.0,0.0,0.0,1.0,1.0,0.0,0.0,0.0,0.0,0.0,0.0,0.0,0.0,0.0,1.0,0.0,1.0,0.0,0.0,0.0,0.0,0.0,0.0
74,FEDXDF5,F,PR,3.0,SUC,45,2.2222222222222223,1.0,9,0.4029650266155913,25,1.1193472961544202,0,0.0,0.0,1.0,2.0,0.0,0.0,0.0,0.0,0.0,0.0,0.0,0.0,0.0,1.0,0.0,0.0,0.0,1.0,0.0,0.0,1.0,0.0,1.0,0.0,2.0
75,FEDXDF6,F,PR,3.0,SUC,33,2.0,1.0,9,0.4330103575008353,15,0.7216839291680588,0,0.0,0.0,0.0,0.0,0.0,1.0,0.0,0.0,0.0,0.0,0.0,0.0,0.0,0.0,0.0,0.0,2.0,2.0,0.0,1.0,0.0,0.0,0.0,1.0,2.0
76,FEDXDF7,F,PR,3.0,SUC,19,2.0,1.0,1,0.04537376640072598,17,0.7713540288123417,0,0.0,0.0,0.0,0.0,0.0,0.0,0.0,0.0,0.0,0.0,0.0,0.0,0.0,0.0,1.0,0.0,0.0,0.0,0.0,0.0,0.0,0.0,0.0,0.0,0.0
77,FEDXDF8,F,PR,3.0,SUC,25,2.0,1.0,2,0.10223497003947406,21,1.0734671854144775,0,0.0,0.0,0.0,0.0,0.0,0.0,0.0,0.0,0.0,0.0,0.0,0.0,0.0,0.0,1.0,0.0,0.0,0.0,0.0,1.0,0.0,0.0,0.0,0.0,0.0
78,FEDXDF9,F,PR,3.0,SUC,22,2.0,1.0,1,0.04637322719016888,20,0.9274645438033776,0,0.0,0.0,0.0,0.0,0.0,0.0,0.0,0.0,0.0,0.0,0.0,0.0,0.0,0.0,0.0,0.0,0.0,0.0,0.0,0.0,0.0,0.0,1.0,0.0,0.0
79,FEDXDF10,F,PR,3.0,SUC,65,2.0,1.0,10,0.4823215745119844,45,2.1704470853039295,0,0.0,0.0,0.0,0.0,0.0,0.0,1.0,0.0,0.0,0.0,0.0,0.0,1.0,0.0,1.0,0.0,1.0,0.0,2.0,2.0,1.0,0.0,0.0,0.0,1.0
80,FEDXDF1,F,PR,4.0,CAS5,66,2.4285714285714284,1.0,7,0.30671859785783834,49,2.1470301850048683,0,0.0,0.0,0.0,0.0,1.0,1.0,1.0,0.0,0.0,0.0,0.0,1.0,1.0,1.0,1.0,0.0,0.0,0.0,0.0,0.0,0.0,0.0,0.0,0.0,0.0
81,FEDXDF2,F,PR,4.0,CAS5,77,2.5555555555555554,1.0,9,0.39327070133275077,54,2.3596242079965046,0,0.0,0.0,0.0,0.0,0.0,0.0,0.0,0.0,0.0,1.0,0.0,2.0,2.0,2.0,1.0,1.0,0.0,0.0,0.0,0.0,0.0,0.0,0.0,0.0,0.0
82,FEDXDF3,F,PR,4.0,CAS5,63,3.3333333333333335,1.0,3,0.13231726740339617,53,2.337605057459999,0,0.0,0.0,0.0,0.0,0.0,0.0,1.0,0.0,0.0,0.0,0.0,0.0,1.0,1.0,0.0,0.0,0.0,0.0,0.0,0.0,0.0,0.0,0.0,0.0,0.0
83,FEDXDF4,F,PR,4.0,CAS5,80,2.3157894736842106,1.0,19,0.8354912786436703,26,1.1433038549860752,2,5.0,1.0,1.0,0.0,0.0,1.0,1.0,0.0,0.0,0.0,0.0,2.0,2.0,0.0,3.0,1.0,1.0,1.0,0.0,2.0,2.0,0.0,1.0,0.0,0.0
84,FEDXDF5,F,PR,4.0,CAS5,55,2.1666666666666665,1.0,6,0.2699561321285291,42,1.8896929248997036,0,0.0,0.0,0.0,0.0,0.0,0.0,2.0,0.0,0.0,0.0,0.0,1.0,0.0,2.0,1.0,0.0,0.0,0.0,0.0,0.0,0.0,0.0,0.0,0.0,0.0
85,FEDXDF6,F,PR,4.0,CAS5,58,2.25,1.0,8,0.36369606122217035,40,1.8184803061108517,0,0.0,0.0,0.0,0.0,0.0,1.0,0.0,0.0,0.0,1.0,0.0,2.0,1.0,3.0,0.0,0.0,0.0,0.0,0.0,0.0,0.0,0.0,0.0,0.0,0.0
86,FEDXDF7,F,PR,4.0,CAS5,79,2.5,1.0,4,0.17653116265385183,57,2.5155690678173883,2,6.0,0.0,0.0,0.0,0.0,2.0,0.0,0.0,0.0,0.0,1.0,0.0,0.0,1.0,0.0,0.0,0.0,0.0,0.0,0.0,0.0,0.0,0.0,0.0,0.0
87,FEDXDF8,F,PR,4.0,CAS5,63,2.2857142857142856,1.0,7,0.3141831238779174,47,2.1095152603231595,0,0.0,0.0,0.0,0.0,0.0,0.0,1.0,0.0,0.0,0.0,0.0,1.0,1.0,3.0,1.0,0.0,0.0,0.0,0.0,0.0,0.0,0.0,0.0,0.0,0.0
88,FEDXDF9,F,PR,4.0,CAS5,80,2.2142857142857144,1.0,14,0.6158959820119269,44,1.9356730863231988,1,5.0,1.0,0.0,0.0,0.0,1.0,0.0,0.0,1.0,0.0,1.0,1.0,0.0,1.0,0.0,1.0,1.0,0.0,0.0,0.0,0.0,0.0,4.0,2.0,0.0
89,FEDXDF10,F,PR,4.0,CAS5,54,2.0,1.0,3,0.13216020754047406,48,2.114563320647585,0,0.0,0.0,0.0,0.0,1.0,0.0,0.0,0.0,0.0,0.0,1.0,0.0,1.0,0.0,0.0,0.0,0.0,0.0,0.0,0.0,0.0,0.0,0.0,0.0,0.0
90,FEDXDF1,F,PR,4.0,SUC,33,2.0,1.0,3,0.13382567966097494,27,1.2044311169487745,0,0.0,0.0,0.0,0.0,0.0,0.0,1.0,0.0,0.0,0.0,0.0,0.0,0.0,0.0,0.0,2.0,0.0,0.0,0.0,0.0,0.0,0.0,0.0,0.0,0.0
91,FEDXDF2,F,PR,4.0,SUC,47,0.0,1.0,0,0.0,47,2.091419247979036,0,0.0,0.0,0.0,0.0,0.0,0.0,0.0,0.0,0.0,0.0,0.0,0.0,0.0,0.0,0.0,0.0,0.0,0.0,0.0,0.0,0.0,0.0,0.0,0.0,0.0
92,FEDXDF3,F,PR,4.0,SUC,48,2.0,1.0,2,0.08944877194290186,44,1.967872982743841,0,0.0,0.0,0.0,0.0,0.0,0.0,0.0,0.0,0.0,0.0,0.0,0.0,1.0,0.0,0.0,1.0,0.0,0.0,0.0,0.0,0.0,0.0,0.0,0.0,0.0
93,FEDXDF4,F,PR,4.0,SUC,43,2.0,1.0,3,0.1327613123701582,37,1.6373895192319512,0,0.0,0.0,0.0,0.0,0.0,0.0,0.0,0.0,0.0,0.0,0.0,0.0,0.0,0.0,0.0,0.0,1.0,1.0,0.0,0.0,1.0,0.0,0.0,0.0,0.0
94,FEDXDF5,F,PR,4.0,SUC,48,2.0,1.0,4,0.18081593189266565,40,1.8081593189266565,0,0.0,0.0,0.0,0.0,0.0,0.0,0.0,0.0,0.0,0.0,0.0,0.0,0.0,1.0,2.0,0.0,0.0,0.0,0.0,1.0,0.0,0.0,0.0,0.0,0.0
95,FEDXDF6,F,PR,4.0,SUC,39,2.0,1.0,2,0.09172909341079345,35,1.6052591346888854,0,0.0,0.0,0.0,0.0,0.0,0.0,1.0,0.0,0.0,0.0,0.0,0.0,1.0,0.0,0.0,0.0,0.0,0.0,0.0,0.0,0.0,0.0,0.0,0.0,0.0
96,FEDXDF7,F,PR,4.0,SUC,48,2.2,1.0,5,0.22940456769983683,37,1.6975938009787925,0,0.0,0.0,0.0,0.0,0.0,1.0,0.0,0.0,0.0,0.0,0.0,0.0,2.0,0.0,1.0,0.0,0.0,0.0,0.0,0.0,1.0,0.0,0.0,0.0,0.0
97,FEDXDF8,F,PR,4.0,SUC,41,2.0,1.0,2,0.0926140310257004,37,1.7133595739754575,0,0.0,0.0,0.0,0.0,0.0,0.0,0.0,0.0,0.0,0.0,0.0,0.0,0.0,0.0,0.0,0.0,2.0,0.0,0.0,0.0,0.0,0.0,0.0,0.0,0.0
98,FEDXDF9,F,PR,4.0,SUC,46,2.0,1.0,2,0.0974817221770918,42,2.047116165718928,0,0.0,0.0,0.0,0.0,0.0,0.0,0.0,0.0,0.0,0.0,0.0,0.0,0.0,1.0,0.0,0.0,1.0,0.0,0.0,0.0,0.0,0.0,0.0,0.0,0.0
99,FEDXDF10,F,PR,4.0,SUC,52,2.3333333333333335,1.0,3,0.13271563218108312,45,1.9907344827162468,0,0.0,0.0,0.0,0.0,1.0,0.0,0.0,0.0,0.0,0.0,1.0,0.0,0.0,1.0,0.0,0.0,0.0,0.0,0.0,0.0,0.0,0.0,0.0,0.0,0.0
100,FEDXDF11,F,NR,0.0,MIX,240,3.3333333333333335,1.0,9,0.4092821141189697,2,0.0909515809153266,22,9.454545454545455,0.0,1.0,0.0,0.0,1.0,0.0,0.0,0.0,0.0,1.0,0.0,0.0,0.0,2.0,3.0,1.0,0.0,0.0,0.0,0.0,0.0,0.0,0.0,0.0
101,FEDXDF11,F,NR,0.0,MIX,319,3.0,1.0,22,0.4554105882961778,16,0.3312077005790384,24,9.875,1.0,1.0,2.0,0.0,0.0,0.0,0.0,1.0,1.0,0.0,2.0,0.0,2.0,3.0,3.0,1.0,1.0,0.0,2.0,0.0,1.0,1.0,0.0,0.0
102,FEDXDF12,F,NR,0.0,MIX,271,2.7,1.0,20,0.8612852289583234,9,0.38757835303124555,29,7.172413793103448,1.0,0.0,0.0,1.0,0.0,1.0,0.0,2.0,0.0,0.0,0.0,2.0,0.0,2.0,3.0,3.0,2.0,0.0,0.0,0.0,0.0,2.0,1.0,0.0
103,FEDXDF12,F,NR,0.0,MIX,304,2.9565217391304346,1.0,46,1.0680632324391959,29,0.6733442117551452,23,6.043478260869565,2.0,0.0,2.0,0.0,1.0,0.0,2.0,1.0,0.0,1.0,1.0,0.0,2.0,4.0,3.0,5.0,4.0,5.0,0.0,0.0,4.0,4.0,3.0,2.0
104,FEDXDF13,F,NR,0.0,MIX,258,2.72972972972973,1.0,37,1.5893850082333008,11,0.4725198673126029,20,7.3,2.0,1.0,1.0,2.0,0.0,0.0,0.0,1.0,0.0,0.0,1.0,0.0,2.0,2.0,2.0,3.0,1.0,4.0,4.0,5.0,1.0,3.0,0.0,2.0
105,FEDXDF13,F,NR,0.0,MIX,340,2.7362637362637363,1.0,91,1.9339870477180017,39,0.8288515918791436,9,5.777777777777778,1.0,2.0,4.0,0.0,0.0,1.0,0.0,0.0,1.0,0.0,2.0,1.0,5.0,7.0,6.0,5.0,8.0,6.0,7.0,8.0,6.0,7.0,7.0,7.0
106,FEDXDF14,F,NR,0.0,MIX,1,0.0,1.0,0,0.0,1,0.0,0,0.0,0.0,0.0,0.0,0.0,0.0,0.0,0.0,0.0,0.0,0.0,0.0,0.0,0.0,0.0,0.0,0.0,0.0,0.0,0.0,0.0,0.0,0.0,0.0,0.0
107,FEDXDF14,F,NR,0.0,MIX,164,2.8181818181818183,1.0,22,1.2169263390799299,11,0.6084631695399649,12,7.583333333333333,0.0,3.0,0.0,0.0,0.0,0.0,0.0,0.0,0.0,1.0,0.0,0.0,2.0,5.0,2.0,2.0,1.0,2.0,0.0,0.0,1.0,1.0,2.0,0.0
108,FEDXDF14,F,NR,0.0,MIX,206,2.8620689655172415,1.0,29,1.170101879560203,18,0.7262701321408157,15,7.0,0.0,1.0,2.0,3.0,0.0,0.0,1.0,0.0,0.0,1.0,1.0,2.0,3.0,2.0,3.0,3.0,2.0,0.0,1.0,0.0,2.0,1.0,0.0,1.0
109,FEDXDF15,F,NR,0.0,MIX,145,2.6,1.0,5,0.20931692908807592,7,0.2930437007233063,14,8.928571428571429,1.0,1.0,1.0,0.0,0.0,0.0,0.0,0.0,0.0,0.0,0.0,0.0,0.0,0.0,0.0,0.0,0.0,0.0,0.0,1.0,1.0,0.0,0.0,0.0
110,FEDXDF15,F,NR,0.0,MIX,272,2.914285714285714,1.0,35,1.5121330677099585,6,0.25922281160742144,22,7.454545454545454,0.0,2.0,1.0,0.0,2.0,1.0,0.0,0.0,0.0,0.0,0.0,1.0,1.0,3.0,3.0,6.0,1.0,3.0,1.0,0.0,4.0,2.0,3.0,1.0
111,FEDXDF15,F,NR,0.0,MIX,175,2.727272727272727,1.0,33,1.3498466083399614,10,0.4090444267696853,12,6.25,0.0,0.0,3.0,0.0,1.0,1.0,0.0,0.0,0.0,0.0,1.0,1.0,3.0,4.0,0.0,2.0,3.0,3.0,3.0,0.0,0.0,2.0,3.0,3.0
112,FEDXDF16,F,NR,0.0,MIX,256,2.782608695652174,1.0,46,1.9792276709414478,27,1.1617205894656324,16,6.3125,2.0,2.0,1.0,2.0,3.0,0.0,0.0,0.0,1.0,0.0,0.0,1.0,2.0,3.0,2.0,3.0,2.0,5.0,4.0,1.0,3.0,3.0,3.0,3.0
113,FEDXDF16,F,NR,0.0,MIX,307,2.74,1.0,50,1.039188970741057,32,0.6650809412742766,22,6.2727272727272725,1.0,0.0,3.0,2.0,0.0,1.0,0.0,1.0,0.0,0.0,0.0,0.0,5.0,4.0,7.0,8.0,6.0,4.0,3.0,0.0,2.0,3.0,0.0,0.0
114,FEDXDF17,F,NR,0.0,MIX,81,2.875,1.0,8,0.4666159005848901,6,0.34996192543866755,7,7.428571428571429,2.0,3.0,0.0,0.0,0.0,0.0,0.0,0.0,0.0,0.0,0.0,0.0,0.0,0.0,0.0,0.0,0.0,0.0,0.0,0.0,0.0,1.0,0.0,2.0
115,FEDXDF17,F,NR,0.0,MIX,271,2.7419354838709675,1.0,31,1.3276705092972627,16,0.6852492951211678,26,6.538461538461538,0.0,1.0,1.0,3.0,0.0,1.0,0.0,2.0,0.0,0.0,0.0,0.0,0.0,5.0,2.0,1.0,1.0,0.0,2.0,1.0,3.0,1.0,3.0,4.0
116,FEDXDF17,F,NR,0.0,MIX,229,2.8205128205128207,1.0,39,1.5846679985101413,13,0.5282226661700471,16,6.625,0.0,0.0,6.0,4.0,0.0,0.0,1.0,0.0,0.0,0.0,1.0,0.0,0.0,3.0,5.0,6.0,4.0,1.0,2.0,2.0,2.0,2.0,0.0,0.0
117,FEDXDF18,F,NR,0.0,MIX,244,2.823529411764706,1.0,51,2.170597623692144,15,0.6384110657918071,12,7.083333333333333,1.0,2.0,1.0,2.0,2.0,0.0,1.0,0.0,0.0,2.0,0.0,1.0,4.0,3.0,3.0,2.0,5.0,2.0,4.0,2.0,2.0,6.0,3.0,3.0
118,FEDXDF18,F,NR,0.0,MIX,288,2.7906976744186047,1.0,43,0.8898341620440894,19,0.3931825367171558,23,6.478260869565218,2.0,1.0,2.0,0.0,0.0,1.0,0.0,0.0,0.0,0.0,1.0,0.0,3.0,2.0,2.0,5.0,1.0,3.0,4.0,3.0,2.0,3.0,2.0,6.0
119,FEDXDF19,F,NR,0.0,MIX,278,2.75,1.0,32,1.3598375749563247,14,0.5949289390433921,21,8.380952380952381,2.0,2.0,1.0,0.0,0.0,2.0,0.0,0.0,0.0,0.0,0.0,1.0,0.0,1.0,2.0,3.0,2.0,3.0,2.0,4.0,1.0,4.0,0.0,2.0
120,FEDXDF19,F,NR,0.0,MIX,312,2.65,1.0,40,0.8271108558299828,15,0.31016657093624356,28,6.821428571428571,1.0,0.0,4.0,0.0,2.0,0.0,0.0,0.0,0.0,0.0,0.0,1.0,2.0,3.0,5.0,3.0,4.0,5.0,1.0,0.0,3.0,2.0,1.0,3.0
121,FEDXDF20,F,NR,0.0,MIX,305,2.7837837837837838,1.0,37,1.6225697997368804,17,0.7455050431223504,21,8.80952380952381,3.0,1.0,0.0,0.0,0.0,0.0,2.0,0.0,0.0,0.0,1.0,0.0,0.0,0.0,3.0,4.0,5.0,2.0,3.0,3.0,2.0,3.0,4.0,1.0
122,FEDXDF20,F,NR,0.0,MIX,283,3.0416666666666665,1.0,48,1.107145831865041,26,0.5997039922602305,17,6.529411764705882,2.0,0.0,1.0,4.0,0.0,0.0,1.0,0.0,0.0,0.0,2.0,2.0,2.0,3.0,4.0,3.0,2.0,4.0,2.0,3.0,0.0,8.0,1.0,4.0
123,FEDXDF11,F,NR,1.0,CAS20,95,2.8636363636363638,1.0,22,0.9678838539375276,10,0.4399472063352398,4,5.5,0.0,1.0,1.0,1.0,0.0,0.0,0.0,0.0,2.0,0.0,2.0,1.0,2.0,2.0,2.0,1.0,1.0,3.0,1.0,2.0,0.0,0.0,0.0,0.0
124,FEDXDF12,F,NR,1.0,CAS20,128,2.76,1.0,25,1.0621348911311737,25,1.0621348911311737,6,5.666666666666667,2.0,0.0,0.0,0.0,2.0,0.0,0.0,0.0,0.0,0.0,0.0,0.0,1.0,1.0,2.0,1.0,3.0,0.0,2.0,2.0,2.0,3.0,2.0,2.0
125,FEDXDF13,F,NR,1.0,CAS20,119,2.962962962962963,1.0,27,1.169914422926471,18,0.7799429486176473,4,5.25,2.0,1.0,0.0,0.0,1.0,0.0,0.0,0.0,0.0,0.0,2.0,0.0,2.0,2.0,1.0,2.0,0.0,3.0,4.0,2.0,3.0,0.0,0.0,2.0
126,FEDXDF14,F,NR,1.0,CAS20,114,2.2413793103448274,1.0,29,1.2055705674495947,31,1.2887133652047391,3,6.0,2.0,3.0,2.0,2.0,3.0,0.0,1.0,0.0,0.0,1.0,0.0,0.0,2.0,2.0,2.0,3.0,2.0,2.0,1.0,0.0,0.0,1.0,0.0,0.0
127,FEDXDF15,F,NR,1.0,CAS20,136,2.5,1.0,38,1.6326530612244898,36,1.5467239527389904,1,5.0,4.0,4.0,3.0,0.0,1.0,1.0,0.0,0.0,0.0,0.0,1.0,0.0,3.0,3.0,1.0,2.0,5.0,2.0,3.0,4.0,1.0,0.0,0.0,0.0
128,FEDXDF16,F,NR,1.0,CAS20,144,2.657142857142857,1.0,35,1.5005895173103718,22,0.943227696595091,5,5.8,2.0,0.0,1.0,3.0,1.0,2.0,0.0,0.0,2.0,0.0,0.0,0.0,1.0,4.0,1.0,2.0,3.0,3.0,1.0,2.0,2.0,0.0,2.0,3.0
129,FEDXDF17,F,NR,1.0,CAS20,72,2.5714285714285716,1.0,21,0.9933905365097303,18,0.851477602722626,0,0.0,0.0,0.0,0.0,0.0,0.0,1.0,2.0,1.0,0.0,0.0,0.0,1.0,0.0,1.0,2.0,2.0,0.0,4.0,1.0,2.0,1.0,0.0,2.0,1.0
130,FEDXDF18,F,NR,1.0,CAS20,92,2.4782608695652173,1.0,23,0.9921039073077799,23,0.9921039073077799,2,6.0,1.0,2.0,1.0,0.0,1.0,0.0,0.0,0.0,1.0,0.0,0.0,0.0,0.0,2.0,1.0,1.0,1.0,0.0,4.0,2.0,2.0,1.0,1.0,2.0
131,FEDXDF19,F,NR,1.0,CAS20,130,2.7948717948717947,1.0,39,1.6739594386751397,15,0.6438305533365922,1,6.0,1.0,1.0,0.0,2.0,2.0,2.0,1.0,1.0,1.0,1.0,0.0,1.0,2.0,4.0,3.0,3.0,3.0,2.0,2.0,2.0,3.0,1.0,0.0,1.0
132,FEDXDF20,F,NR,1.0,CAS20,128,2.5121951219512195,1.0,41,1.7837073559801324,19,0.8265960917956712,1,6.0,3.0,1.0,2.0,0.0,3.0,3.0,0.0,0.0,0.0,2.0,1.0,1.0,1.0,5.0,3.0,1.0,4.0,3.0,2.0,3.0,1.0,0.0,0.0,2.0
133,FEDXDF11,F,NR,1.0,CAS5,73,2.4705882352941178,1.0,17,0.7226525599848856,15,0.6376346117513697,3,5.333333333333333,1.0,1.0,2.0,2.0,2.0,1.0,0.0,0.0,1.0,0.0,1.0,0.0,1.0,1.0,0.0,0.0,0.0,1.0,0.0,1.0,0.0,0.0,1.0,1.0
134,FEDXDF12,F,NR,1.0,CAS5,50,2.125,1.0,8,0.3435770185149838,33,1.4172552013743083,0,0.0,1.0,0.0,0.0,0.0,0.0,1.0,0.0,0.0,0.0,0.0,0.0,0.0,1.0,1.0,0.0,0.0,1.0,0.0,1.0,0.0,0.0,0.0,1.0,1.0
135,FEDXDF13,F,NR,1.0,CAS5,40,2.1818181818181817,1.0,11,0.48080425438916,16,0.6993516427478691,0,0.0,0.0,1.0,0.0,0.0,2.0,0.0,0.0,0.0,0.0,0.0,0.0,0.0,0.0,1.0,1.0,1.0,0.0,0.0,2.0,2.0,1.0,0.0,0.0,0.0
136,FEDXDF14,F,NR,1.0,CAS5,95,2.5833333333333335,1.0,24,1.0190722196666784,33,1.4012243020416826,0,0.0,0.0,0.0,0.0,3.0,3.0,3.0,1.0,0.0,0.0,0.0,0.0,2.0,2.0,1.0,2.0,2.0,1.0,0.0,2.0,1.0,0.0,0.0,0.0,1.0
137,FEDXDF15,F,NR,1.0,CAS5,70,2.533333333333333,1.0,15,0.6398483322471711,32,1.3650097754606316,0,0.0,0.0,0.0,0.0,0.0,1.0,1.0,1.0,0.0,1.0,0.0,1.0,1.0,0.0,1.0,1.0,2.0,1.0,1.0,1.0,0.0,2.0,0.0,0.0,0.0
138,FEDXDF16,F,NR,1.0,CAS5,59,2.0833333333333335,1.0,12,0.5130458534731541,34,1.4536299181739367,0,0.0,0.0,0.0,0.0,1.0,2.0,2.0,0.0,0.0,1.0,0.0,0.0,0.0,0.0,0.0,1.0,0.0,0.0,0.0,1.0,1.0,0.0,0.0,1.0,2.0
139,FEDXDF17,F,NR,1.0,CAS5,115,2.4545454545454546,1.0,33,1.4611647500153742,34,1.5054424697128097,0,0.0,3.0,2.0,0.0,0.0,2.0,2.0,2.0,0.0,0.0,0.0,1.0,0.0,1.0,2.0,3.0,3.0,0.0,0.0,2.0,1.0,3.0,4.0,1.0,1.0
140,FEDXDF18,F,NR,1.0,CAS5,107,2.576923076923077,1.0,26,1.1198717411851977,40,1.722879601823381,0,0.0,0.0,1.0,0.0,1.0,1.0,2.0,1.0,0.0,2.0,0.0,0.0,1.0,1.0,1.0,3.0,2.0,1.0,0.0,0.0,4.0,1.0,3.0,1.0,0.0
141,FEDXDF19,F,NR,1.0,CAS5,55,2.727272727272727,1.0,11,0.48633712004912494,25,1.105311636475284,0,0.0,0.0,1.0,0.0,0.0,1.0,0.0,0.0,0.0,0.0,2.0,0.0,0.0,0.0,0.0,1.0,1.0,2.0,1.0,0.0,2.0,0.0,0.0,0.0,0.0
142,FEDXDF20,F,NR,1.0,CAS5,61,2.3,1.0,10,0.4290771266135087,33,1.4159545178245787,1,5.0,0.0,1.0,0.0,0.0,1.0,0.0,0.0,0.0,0.0,1.0,0.0,1.0,1.0,0.0,0.0,1.0,1.0,1.0,0.0,2.0,0.0,0.0,0.0,0.0
143,FEDXDF11,F,NR,2.0,CAS20,137,2.739130434782609,1.0,23,1.0188386715721862,6,0.26578400127970075,10,6.8,2.0,1.0,0.0,1.0,1.0,1.0,0.0,0.0,2.0,0.0,1.0,1.0,1.0,3.0,2.0,3.0,0.0,0.0,2.0,1.0,0.0,0.0,0.0,1.0
144,FEDXDF12,F,NR,2.0,CAS20,160,2.395348837209302,1.0,43,1.9419911682055402,16,0.7226013649136893,7,5.857142857142857,2.0,0.0,0.0,0.0,7.0,2.0,0.0,0.0,1.0,0.0,1.0,0.0,0.0,4.0,5.0,2.0,4.0,2.0,2.0,2.0,2.0,2.0,3.0,2.0
145,FEDXDF13,F,NR,2.0,CAS20,113,2.6153846153846154,1.0,26,1.1575849019268345,20,0.8904499245591035,4,6.25,2.0,4.0,0.0,0.0,0.0,1.0,0.0,0.0,0.0,0.0,0.0,1.0,2.0,3.0,0.0,1.0,1.0,4.0,0.0,2.0,2.0,2.0,0.0,1.0
146,FEDXDF14,F,NR,2.0,CAS20,145,2.8214285714285716,1.0,28,1.2476482820081196,21,0.9357362115060897,7,6.428571428571429,3.0,1.0,0.0,0.0,3.0,4.0,0.0,0.0,1.0,0.0,1.0,1.0,3.0,3.0,2.0,0.0,1.0,1.0,2.0,0.0,1.0,0.0,0.0,1.0
147,FEDXDF15,F,NR,2.0,CAS20,164,2.731707317073171,1.0,41,1.886816572283227,22,1.0124381607373414,6,5.0,3.0,1.0,0.0,1.0,2.0,5.0,1.0,0.0,0.0,0.0,1.0,1.0,1.0,3.0,2.0,1.0,3.0,2.0,1.0,2.0,2.0,3.0,3.0,3.0
148,FEDXDF16,F,NR,2.0,CAS20,146,2.5428571428571427,1.0,35,1.5047111790486882,29,1.2467606912117701,5,5.6,2.0,3.0,1.0,2.0,1.0,1.0,0.0,0.0,0.0,2.0,0.0,1.0,1.0,3.0,4.0,0.0,4.0,2.0,1.0,1.0,2.0,1.0,1.0,2.0
149,FEDXDF17,F,NR,2.0,CAS20,150,2.75,1.0,36,1.5320235477693454,15,0.6383431449038939,7,5.142857142857143,1.0,0.0,0.0,2.0,1.0,2.0,0.0,0.0,0.0,0.0,0.0,2.0,2.0,0.0,3.0,4.0,2.0,1.0,4.0,3.0,1.0,3.0,2.0,3.0
150,FEDXDF18,F,NR,2.0,CAS20,108,2.8095238095238093,1.0,21,0.9483904960232833,21,0.9483904960232833,5,5.6,3.0,1.0,0.0,4.0,0.0,0.0,0.0,1.0,0.0,0.0,0.0,0.0,0.0,3.0,4.0,1.0,0.0,0.0,0.0,2.0,0.0,1.0,1.0,0.0
151,FEDXDF19,F,NR,2.0,CAS20,128,2.8125,1.0,32,1.3917245545152521,16,0.6958622772576261,4,5.5,0.0,0.0,0.0,3.0,1.0,0.0,0.0,1.0,0.0,1.0,0.0,2.0,2.0,2.0,2.0,4.0,4.0,4.0,1.0,1.0,3.0,1.0,0.0,0.0
152,FEDXDF20,F,NR,2.0,CAS20,142,2.8,1.0,35,1.489837182079387,12,0.5108013195700756,6,5.333333333333333,0.0,1.0,2.0,5.0,2.0,1.0,0.0,2.0,0.0,1.0,0.0,4.0,2.0,1.0,4.0,1.0,0.0,1.0,2.0,3.0,1.0,1.0,0.0,1.0
153,FEDXDF11,F,NR,2.0,SUC,30,2.2,1.0,10,0.5057742560903651,8,0.40461940487229203,0,0.0,0.0,0.0,0.0,0.0,0.0,0.0,0.0,0.0,0.0,0.0,0.0,0.0,0.0,0.0,3.0,1.0,0.0,2.0,0.0,1.0,1.0,0.0,1.0,1.0
154,FEDXDF12,F,NR,2.0,SUC,24,2.3333333333333335,1.0,3,0.1386642015253062,17,0.7857638086434018,0,0.0,0.0,0.0,0.0,0.0,0.0,0.0,0.0,0.0,0.0,0.0,0.0,0.0,0.0,0.0,0.0,0.0,0.0,1.0,0.0,1.0,0.0,1.0,0.0,0.0
155,FEDXDF13,F,NR,2.0,SUC,45,2.142857142857143,1.0,7,0.31452428202343957,30,1.347961208671884,0,0.0,0.0,2.0,0.0,0.0,0.0,0.0,0.0,0.0,0.0,0.0,0.0,0.0,0.0,0.0,0.0,0.0,1.0,1.0,0.0,1.0,2.0,0.0,0.0,0.0
156,FEDXDF14,F,NR,2.0,SUC,43,2.0,1.0,7,0.31312127236580517,29,1.297216699801193,0,0.0,0.0,0.0,0.0,0.0,1.0,0.0,0.0,0.0,1.0,0.0,0.0,0.0,0.0,0.0,1.0,0.0,0.0,1.0,2.0,1.0,0.0,0.0,0.0,0.0
157,FEDXDF15,F,NR,2.0,SUC,54,2.2142857142857144,1.0,14,0.6607236497115888,23,1.0854745673833246,0,0.0,1.0,0.0,0.0,0.0,1.0,0.0,0.0,0.0,0.0,0.0,0.0,1.0,1.0,1.0,3.0,1.0,1.0,0.0,1.0,1.0,1.0,1.0,0.0,0.0
158,FEDXDF16,F,NR,2.0,SUC,37,2.0,1.0,5,0.21675517502980385,27,1.1704779451609408,0,0.0,0.0,1.0,0.0,0.0,0.0,0.0,0.0,0.0,0.0,0.0,0.0,0.0,0.0,1.0,1.0,0.0,0.0,0.0,0.0,2.0,0.0,0.0,0.0,0.0
159,FEDXDF17,F,NR,2.0,SUC,45,2.090909090909091,1.0,11,0.5142857142857142,22,1.0285714285714285,0,0.0,0.0,0.0,0.0,0.0,1.0,0.0,0.0,0.0,0.0,0.0,0.0,0.0,0.0,1.0,1.0,0.0,2.0,2.0,0.0,1.0,0.0,1.0,0.0,2.0
160,FEDXDF18,F,NR,2.0,SUC,84,2.3529411764705883,1.0,17,0.7198983672893239,44,1.863266362395897,0,0.0,1.0,0.0,1.0,1.0,0.0,0.0,0.0,1.0,0.0,0.0,2.0,0.0,1.0,0.0,1.0,2.0,0.0,0.0,1.0,3.0,0.0,2.0,1.0,0.0
161,FEDXDF19,F,NR,2.0,SUC,47,2.0,1.0,13,0.55169161853118,21,0.8911941530119061,0,0.0,1.0,0.0,0.0,2.0,0.0,0.0,1.0,0.0,0.0,0.0,0.0,1.0,0.0,0.0,1.0,1.0,2.0,1.0,0.0,1.0,1.0,1.0,0.0,0.0
162,FEDXDF20,F,NR,2.0,SUC,58,2.125,1.0,16,0.6874000525097261,24,1.0311000787645892,0,0.0,1.0,0.0,1.0,1.0,0.0,0.0,0.0,0.0,0.0,0.0,0.0,2.0,1.0,2.0,2.0,2.0,0.0,0.0,2.0,1.0,0.0,0.0,0.0,1.0
163,FEDXDF11,F,NR,3.0,CAS5,147,3.0,1.0,14,0.6276775929062469,17,0.7621799342432999,13,6.769230769230769,0.0,0.0,2.0,0.0,1.0,0.0,0.0,0.0,0.0,0.0,1.0,0.0,2.0,2.0,1.0,2.0,0.0,0.0,2.0,0.0,0.0,0.0,0.0,1.0
164,FEDXDF12,F,NR,3.0,CAS5,136,2.7142857142857144,1.0,28,1.3391255828783228,29,1.3869514965525487,5,6.2,1.0,0.0,0.0,0.0,4.0,1.0,0.0,1.0,0.0,0.0,0.0,0.0,2.0,3.0,1.0,3.0,4.0,1.0,3.0,0.0,3.0,1.0,0.0,0.0
165,FEDXDF13,F,NR,3.0,CAS5,98,2.9166666666666665,1.0,24,1.062887511071745,15,0.6643046944198406,2,6.5,4.0,0.0,0.0,1.0,0.0,1.0,0.0,0.0,0.0,1.0,0.0,1.0,3.0,1.0,3.0,0.0,2.0,1.0,0.0,2.0,1.0,0.0,0.0,3.0
166,FEDXDF14,F,NR,3.0,CAS5,134,2.5625,1.0,32,1.4121454313662998,22,0.9708499840643311,5,6.0,2.0,1.0,5.0,1.0,1.0,2.0,0.0,1.0,0.0,0.0,3.0,2.0,2.0,3.0,1.0,2.0,0.0,0.0,1.0,2.0,2.0,0.0,0.0,1.0
167,FEDXDF15,F,NR,3.0,CAS5,142,2.5428571428571427,1.0,35,1.559483142729838,20,0.8911332244170502,6,5.5,3.0,0.0,1.0,2.0,1.0,2.0,3.0,0.0,0.0,0.0,1.0,1.0,3.0,3.0,5.0,1.0,0.0,1.0,0.0,3.0,4.0,1.0,0.0,0.0
168,FEDXDF16,F,NR,3.0,CAS5,136,2.5277777777777777,1.0,36,1.6078207577599681,35,1.5631590700444133,2,5.0,2.0,2.0,0.0,0.0,4.0,1.0,1.0,0.0,1.0,0.0,0.0,1.0,3.0,3.0,3.0,2.0,2.0,1.0,2.0,2.0,2.0,1.0,3.0,0.0
169,FEDXDF17,F,NR,3.0,CAS5,154,2.727272727272727,1.0,44,1.993982804415967,24,1.087626984226891,2,5.0,2.0,5.0,1.0,0.0,2.0,1.0,0.0,0.0,0.0,1.0,0.0,1.0,3.0,4.0,1.0,2.0,1.0,4.0,4.0,4.0,5.0,2.0,0.0,1.0
170,FEDXDF18,F,NR,3.0,CAS5,143,2.6,1.0,30,1.352807074679961,30,1.352807074679961,6,5.833333333333333,1.0,0.0,0.0,0.0,2.0,3.0,0.0,0.0,1.0,1.0,0.0,0.0,3.0,3.0,3.0,0.0,0.0,1.0,2.0,4.0,0.0,3.0,2.0,1.0
171,FEDXDF19,F,NR,3.0,CAS5,139,2.6285714285714286,1.0,35,1.5767146772114675,19,0.8559308247719395,5,5.6,3.0,0.0,0.0,0.0,2.0,1.0,1.0,2.0,0.0,1.0,1.0,1.0,2.0,3.0,3.0,1.0,2.0,3.0,3.0,3.0,0.0,0.0,2.0,1.0
172,FEDXDF20,F,NR,3.0,CAS5,145,2.590909090909091,1.0,44,1.9859080765276698,25,1.1283568616634487,1,6.0,1.0,5.0,0.0,0.0,4.0,3.0,2.0,0.0,0.0,1.0,1.0,1.0,4.0,5.0,2.0,1.0,3.0,2.0,3.0,1.0,0.0,3.0,2.0,0.0
173,FEDXDF11,F,NR,3.0,SUC,11,2.5,1.0,2,0.08923591745677635,6,0.26770775237032907,0,0.0,0.0,0.0,1.0,0.0,0.0,0.0,0.0,0.0,0.0,0.0,1.0,0.0,0.0,0.0,0.0,0.0,0.0,0.0,0.0,0.0,0.0,0.0,0.0,0.0
174,FEDXDF12,F,NR,3.0,SUC,47,2.1666666666666665,1.0,6,0.2896723751793689,34,1.6414767926830904,0,0.0,0.0,0.0,0.0,0.0,0.0,0.0,0.0,0.0,0.0,0.0,0.0,0.0,1.0,0.0,2.0,1.0,1.0,0.0,0.0,1.0,0.0,0.0,0.0,0.0
175,FEDXDF13,F,NR,3.0,SUC,27,2.3333333333333335,1.0,3,0.13390532397649219,20,0.8927021598432813,0,0.0,0.0,0.0,0.0,0.0,1.0,0.0,0.0,0.0,0.0,0.0,0.0,0.0,0.0,1.0,0.0,0.0,1.0,0.0,0.0,0.0,0.0,0.0,0.0,0.0
176,FEDXDF14,F,NR,3.0,SUC,24,0.0,1.0,0,0.0,24,1.0837932764676366,0,0.0,0.0,0.0,0.0,0.0,0.0,0.0,0.0,0.0,0.0,0.0,0.0,0.0,0.0,0.0,0.0,0.0,0.0,0.0,0.0,0.0,0.0,0.0,0.0,0.0
177,FEDXDF15,F,NR,3.0,SUC,30,2.0,1.0,3,0.13328232404882082,24,1.0662585923905665,0,0.0,0.0,0.0,0.0,0.0,0.0,0.0,1.0,0.0,0.0,0.0,0.0,0.0,1.0,1.0,0.0,0.0,0.0,0.0,0.0,0.0,0.0,0.0,0.0,0.0
178,FEDXDF16,F,NR,3.0,SUC,30,2.0,1.0,4,0.1916958425964137,22,1.0543271342802754,0,0.0,0.0,0.0,0.0,0.0,1.0,0.0,0.0,0.0,0.0,0.0,0.0,0.0,0.0,1.0,0.0,0.0,0.0,0.0,0.0,0.0,1.0,1.0,0.0,0.0
179,FEDXDF17,F,NR,3.0,SUC,25,2.0,1.0,4,0.18481915958621045,17,0.7854814282413943,0,0.0,0.0,0.0,1.0,0.0,0.0,0.0,0.0,0.0,0.0,1.0,0.0,0.0,0.0,0.0,0.0,1.0,1.0,0.0,0.0,0.0,0.0,0.0,0.0,0.0
180,FEDXDF18,F,NR,3.0,SUC,52,2.111111111111111,1.0,9,0.4227502250753513,33,1.5500841586096215,0,0.0,0.0,0.0,0.0,0.0,2.0,1.0,0.0,0.0,1.0,0.0,0.0,1.0,1.0,1.0,1.0,1.0,0.0,0.0,0.0,0.0,0.0,0.0,0.0,0.0
181,FEDXDF19,F,NR,3.0,SUC,35,2.1666666666666665,1.0,6,0.30858024514986143,22,1.1314608988828252,0,0.0,0.0,0.0,0.0,0.0,1.0,1.0,0.0,0.0,0.0,0.0,0.0,0.0,0.0,0.0,0.0,1.0,2.0,0.0,0.0,0.0,0.0,0.0,1.0,0.0
182,FEDXDF20,F,NR,3.0,SUC,32,2.0,1.0,5,0.2253464701979293,22,0.9915244688708889,0,0.0,0.0,0.0,0.0,0.0,1.0,1.0,0.0,0.0,0.0,0.0,0.0,1.0,0.0,0.0,1.0,0.0,1.0,0.0,0.0,0.0,0.0,0.0,0.0,0.0
183,FEDXDF11,F,NR,4.0,CAS5,86,2.526315789473684,1.0,19,0.8316817236725315,28,1.22563622435952,2,5.0,1.0,1.0,1.0,1.0,0.0,1.0,1.0,0.0,2.0,0.0,1.0,0.0,2.0,1.0,1.0,1.0,0.0,1.0,2.0,1.0,0.0,1.0,0.0,0.0
184,FEDXDF12,F,NR,4.0,CAS5,62,2.5714285714285716,1.0,7,0.30623777175564176,38,1.6624336181020551,1,6.0,0.0,0.0,0.0,0.0,1.0,0.0,0.0,0.0,0.0,0.0,1.0,2.0,0.0,2.0,1.0,0.0,0.0,0.0,0.0,0.0,0.0,0.0,0.0,0.0
185,FEDXDF13,F,NR,4.0,CAS5,68,2.6666666666666665,1.0,9,0.39412702081331275,39,1.7078837568576886,1,5.0,1.0,0.0,0.0,0.0,0.0,1.0,0.0,0.0,0.0,0.0,1.0,0.0,2.0,1.0,0.0,0.0,1.0,0.0,0.0,0.0,2.0,0.0,0.0,0.0
186,FEDXDF14,F,NR,4.0,CAS5,101,2.4444444444444446,1.0,18,0.7826275997004759,30,1.3043793328341264,4,6.75,0.0,1.0,3.0,1.0,0.0,1.0,2.0,0.0,0.0,0.0,1.0,0.0,2.0,1.0,1.0,0.0,0.0,0.0,1.0,0.0,1.0,2.0,0.0,1.0
187,FEDXDF15,F,NR,4.0,CAS5,86,2.4,1.0,10,0.4369780539910662,62,2.7092639347446106,0,0.0,0.0,2.0,3.0,1.0,0.0,0.0,0.0,0.0,0.0,0.0,1.0,1.0,2.0,0.0,0.0,0.0,0.0,0.0,0.0,0.0,0.0,0.0,0.0,0.0
188,FEDXDF16,F,NR,4.0,CAS5,83,2.5,1.0,14,0.6188681098736477,48,2.1218335195667923,0,0.0,0.0,0.0,0.0,1.0,0.0,1.0,0.0,0.0,0.0,1.0,1.0,1.0,1.0,1.0,0.0,1.0,0.0,0.0,0.0,0.0,0.0,5.0,1.0,0.0
189,FEDXDF17,F,NR,4.0,CAS5,78,2.3333333333333335,1.0,18,0.8773354995938262,36,1.7546709991876523,0,0.0,0.0,0.0,0.0,0.0,0.0,2.0,0.0,0.0,0.0,0.0,3.0,0.0,2.0,1.0,0.0,1.0,3.0,1.0,0.0,4.0,1.0,0.0,0.0,0.0
190,FEDXDF18,F,NR,4.0,CAS5,91,2.2666666666666666,1.0,15,0.6597676151844295,57,2.507116937700832,0,0.0,0.0,0.0,0.0,1.0,2.0,0.0,0.0,0.0,0.0,1.0,1.0,1.0,2.0,1.0,1.0,2.0,0.0,0.0,2.0,0.0,1.0,0.0,0.0,0.0
191,FEDXDF19,F,NR,4.0,CAS5,98,2.5,1.0,24,1.0819204087254877,31,1.397480527937088,1,7.0,2.0,1.0,0.0,0.0,0.0,0.0,1.0,0.0,0.0,1.0,1.0,1.0,3.0,3.0,2.0,2.0,2.0,0.0,1.0,1.0,1.0,2.0,0.0,0.0
192,FEDXDF20,F,NR,4.0,CAS5,66,2.625,1.0,8,0.36545904447687333,45,2.0557071251824124,0,0.0,0.0,0.0,0.0,0.0,1.0,1.0,0.0,0.0,0.0,0.0,1.0,2.0,1.0,1.0,0.0,1.0,0.0,0.0,0.0,0.0,0.0,0.0,0.0,0.0
193,FEDXDF11,F,NR,4.0,SUC,42,2.0,1.0,3,0.13510132599449587,36,1.6212159119339504,0,0.0,0.0,0.0,0.0,0.0,0.0,0.0,0.0,0.0,0.0,0.0,0.0,0.0,1.0,1.0,0.0,0.0,0.0,0.0,0.0,0.0,0.0,1.0,0.0,0.0
194,FEDXDF12,F,NR,4.0,SUC,47,2.0,1.0,1,0.044561625013925514,45,2.005273125626648,0,0.0,0.0,0.0,0.0,0.0,0.0,1.0,0.0,0.0,0.0,0.0,0.0,0.0,0.0,0.0,0.0,0.0,0.0,0.0,0.0,0.0,0.0,0.0,0.0,0.0
195,FEDXDF13,F,NR,4.0,SUC,40,2.0,1.0,1,0.044581491250882344,38,1.6940966675335292,0,0.0,0.0,0.0,0.0,0.0,0.0,0.0,0.0,0.0,0.0,0.0,0.0,0.0,0.0,1.0,0.0,0.0,0.0,0.0,0.0,0.0,0.0,0.0,0.0,0.0
196,FEDXDF14,F,NR,4.0,SUC,41,2.0,1.0,6,0.26530737579070196,29,1.2823189829883928,0,0.0,0.0,0.0,0.0,0.0,0.0,0.0,0.0,0.0,0.0,0.0,0.0,0.0,1.0,2.0,1.0,0.0,0.0,0.0,0.0,0.0,0.0,1.0,0.0,1.0
197,FEDXDF15,F,NR,4.0,SUC,53,2.0,1.0,3,0.13393687604638183,47,2.0983443913933155,0,0.0,0.0,0.0,0.0,0.0,0.0,0.0,0.0,0.0,0.0,0.0,1.0,1.0,1.0,0.0,0.0,0.0,0.0,0.0,0.0,0.0,0.0,0.0,0.0,0.0
198,FEDXDF16,F,NR,4.0,SUC,52,3.0,1.0,2,0.08769579303792843,46,2.017003239872354,0,0.0,0.0,0.0,0.0,1.0,0.0,0.0,0.0,0.0,0.0,0.0,0.0,0.0,1.0,0.0,0.0,0.0,0.0,0.0,0.0,0.0,0.0,0.0,0.0,0.0
199,FEDXDF17,F,NR,4.0,SUC,59,2.142857142857143,1.0,7,0.31117641974241506,44,1.9559660669523231,0,0.0,0.0,0.0,0.0,0.0,0.0,0.0,0.0,0.0,0.0,0.0,0.0,0.0,1.0,2.0,0.0,2.0,1.0,0.0,0.0,1.0,0.0,0.0,0.0,0.0
200,FEDXDF18,F,NR,4.0,SUC,60,0.0,1.0,0,0.0,60,2.6561731431382194,0,0.0,0.0,0.0,0.0,0.0,0.0,0.0,0.0,0.0,0.0,0.0,0.0,0.0,0.0,0.0,0.0,0.0,0.0,0.0,0.0,0.0,0.0,0.0,0.0,0.0
201,FEDXDF19,F,NR,4.0,SUC,55,2.4444444444444446,1.0,9,0.40681030586108186,33,1.4916377881573002,0,0.0,0.0,1.0,0.0,0.0,0.0,1.0,0.0,0.0,0.0,1.0,0.0,0.0,1.0,1.0,0.0,0.0,1.0,0.0,1.0,1.0,0.0,1.0,0.0,0.0
202,FEDXDF20,F,NR,4.0,SUC,51,2.0,1.0,2,0.09161587499522834,47,2.1529730623878662,0,0.0,0.0,0.0,0.0,0.0,0.0,1.0,0.0,0.0,0.0,0.0,0.0,0.0,0.0,0.0,1.0,0.0,0.0,0.0,0.0,0.0,0.0,0.0,0.0,0.0
203,FEDXDM1,M,PR,0.0,MIX,263,3.0,1.0,26,1.1736824286197949,12,0.5416995824399053,21,8.238095238095237,1.0,0.0,1.0,0.0,2.0,3.0,1.0,1.0,0.0,1.0,0.0,0.0,0.0,4.0,2.0,2.0,1.0,0.0,1.0,3.0,0.0,1.0,1.0,1.0
204,FEDXDM1,M,PR,0.0,MIX,329,2.515151515151515,1.0,33,0.7010007552870091,25,0.5310611782477341,27,8.185185185185185,2.0,0.0,0.0,2.0,0.0,0.0,0.0,2.0,0.0,0.0,0.0,3.0,3.0,3.0,2.0,2.0,2.0,2.0,1.0,0.0,0.0,3.0,1.0,5.0
205,FEDXDM2,M,PR,0.0,MIX,296,2.9166666666666665,0.0,12,0.5809731299927379,0,0.0,31,8.419354838709678,1.0,0.0,0.0,0.0,0.0,0.0,2.0,0.0,0.0,0.0,0.0,0.0,0.0,2.0,1.0,1.0,1.0,0.0,2.0,1.0,0.0,0.0,0.0,1.0
206,FEDXDM2,M,PR,0.0,MIX,273,2.909090909090909,1.0,11,0.23809237503156525,19,0.4112504659636127,22,10.090909090909092,0.0,1.0,0.0,0.0,1.0,0.0,0.0,0.0,0.0,0.0,0.0,0.0,2.0,3.0,1.0,1.0,1.0,0.0,0.0,0.0,1.0,0.0,0.0,0.0
207,FEDXDM3,M,PR,0.0,MIX,312,2.6875,1.0,16,1.125263733687583,1,0.07032898335547394,22,12.181818181818182,2.0,0.0,0.0,0.0,0.0,0.0,0.0,0.0,0.0,0.0,0.0,0.0,0.0,0.0,2.0,0.0,1.0,2.0,2.0,2.0,0.0,0.0,3.0,2.0
208,FEDXDM3,M,PR,0.0,MIX,408,2.813953488372093,1.0,43,0.9115265714706317,22,0.4663624319152069,36,7.361111111111111,3.0,0.0,1.0,1.0,0.0,0.0,0.0,0.0,0.0,0.0,0.0,0.0,3.0,4.0,6.0,7.0,2.0,2.0,1.0,0.0,3.0,3.0,3.0,4.0
209,FEDXDM4,M,PR,0.0,MIX,235,2.9655172413793105,1.0,29,1.3154910410523928,11,0.49897936039918345,15,9.2,1.0,0.0,1.0,0.0,0.0,1.0,0.0,0.0,0.0,0.0,0.0,3.0,1.0,5.0,2.0,3.0,1.0,2.0,3.0,4.0,0.0,1.0,0.0,1.0
210,FEDXDM4,M,PR,0.0,MIX,318,2.9,1.0,20,0.44570728174271546,15,0.3342804613070366,31,7.903225806451613,2.0,0.0,2.0,1.0,0.0,1.0,1.0,0.0,0.0,0.0,0.0,1.0,1.0,2.0,1.0,3.0,1.0,1.0,0.0,2.0,0.0,0.0,1.0,0.0
211,FEDXDM5,M,PR,0.0,MIX,101,2.5,1.0,2,0.371900826446281,2,0.371900826446281,10,9.4,1.0,1.0,0.0,0.0,0.0,0.0,0.0,0.0,0.0,0.0,0.0,0.0,0.0,0.0,0.0,0.0,0.0,0.0,0.0,0.0,0.0,0.0,0.0,0.0
212,FEDXDM5,M,PR,0.0,MIX,232,2.9655172413793105,1.0,29,1.2570740517760386,6,0.26008428657435284,18,7.777777777777778,3.0,0.0,0.0,1.0,0.0,1.0,0.0,0.0,0.0,0.0,0.0,0.0,2.0,3.0,1.0,2.0,4.0,1.0,4.0,2.0,0.0,0.0,2.0,3.0
213,FEDXDM5,M,PR,0.0,MIX,139,2.736842105263158,1.0,19,0.8436320580182046,8,0.35521349811292824,11,7.181818181818182,2.0,0.0,0.0,1.0,0.0,0.0,0.0,1.0,0.0,0.0,0.0,0.0,1.0,0.0,2.0,1.0,5.0,0.0,2.0,0.0,2.0,0.0,1.0,1.0
214,FEDXDM6,M,PR,0.0,MIX,248,3.0,1.0,10,0.4844765634462433,6,0.29068593806774595,23,9.217391304347826,2.0,0.0,0.0,0.0,0.0,0.0,0.0,0.0,0.0,0.0,0.0,0.0,1.0,1.0,0.0,1.0,0.0,1.0,0.0,1.0,0.0,1.0,0.0,2.0
215,FEDXDM6,M,PR,0.0,MIX,355,3.0,1.0,29,0.6441621264754336,18,0.3998247681571657,34,7.352941176470588,3.0,0.0,0.0,1.0,0.0,0.0,0.0,1.0,0.0,1.0,0.0,1.0,4.0,3.0,3.0,2.0,1.0,3.0,1.0,0.0,0.0,3.0,0.0,2.0
216,FEDXDM7,M,PR,0.0,MIX,149,2.75,1.0,8,0.7785467128027681,1,0.09731833910034601,13,9.692307692307692,1.0,0.0,1.0,0.0,0.0,0.0,0.0,0.0,0.0,0.0,0.0,0.0,0.0,0.0,0.0,0.0,0.0,2.0,0.0,1.0,0.0,0.0,0.0,3.0
217,FEDXDM7,M,PR,0.0,MIX,218,3.1739130434782608,1.0,23,1.0228536133415689,1,0.044471896232242125,18,8.0,3.0,1.0,0.0,1.0,1.0,0.0,0.0,1.0,0.0,0.0,1.0,0.0,1.0,1.0,1.0,0.0,1.0,0.0,2.0,4.0,1.0,1.0,1.0,2.0
218,FEDXDM7,M,PR,0.0,MIX,162,3.0952380952380953,1.0,21,0.9028806191181389,8,0.34395452156881484,11,8.090909090909092,0.0,2.0,0.0,1.0,0.0,1.0,0.0,0.0,0.0,0.0,0.0,0.0,0.0,3.0,3.0,4.0,0.0,1.0,3.0,0.0,0.0,0.0,2.0,1.0
219,FEDXDM8,M,PR,0.0,MIX,260,3.08,1.0,25,1.1348447784530804,14,0.6355130759337251,21,8.047619047619047,0.0,0.0,1.0,0.0,1.0,2.0,0.0,0.0,1.0,1.0,0.0,0.0,2.0,2.0,2.0,2.0,3.0,1.0,1.0,2.0,1.0,0.0,0.0,3.0
220,FEDXDM8,M,PR,0.0,MIX,298,2.75,1.0,48,1.0230360726781875,27,0.5754577908814805,18,7.722222222222222,2.0,0.0,3.0,0.0,0.0,2.0,1.0,0.0,1.0,0.0,1.0,1.0,4.0,4.0,7.0,3.0,5.0,5.0,3.0,1.0,0.0,1.0,0.0,4.0
221,FEDXDM9,M,PR,0.0,MIX,317,2.8666666666666667,1.0,30,1.3253647821124843,9,0.39760943463374526,30,7.4,1.0,0.0,0.0,0.0,1.0,1.0,1.0,0.0,0.0,0.0,0.0,0.0,3.0,1.0,4.0,2.0,2.0,3.0,4.0,1.0,1.0,1.0,3.0,1.0
222,FEDXDM9,M,PR,0.0,MIX,303,2.5555555555555554,1.0,9,0.19804764146041798,11,0.24205822845162198,29,9.275862068965518,0.0,1.0,1.0,0.0,0.0,0.0,0.0,0.0,0.0,0.0,0.0,0.0,1.0,0.0,1.0,0.0,2.0,0.0,0.0,0.0,0.0,0.0,2.0,1.0
223,FEDXDM10,M,PR,0.0,MIX,250,3.0,1.0,23,1.4133069333970572,3,0.18434438261700745,24,7.416666666666667,1.0,0.0,0.0,0.0,0.0,0.0,0.0,0.0,0.0,0.0,0.0,0.0,1.0,2.0,3.0,5.0,1.0,3.0,2.0,1.0,0.0,1.0,1.0,2.0
224,FEDXDM10,M,PR,0.0,MIX,315,3.064516129032258,1.0,31,0.6606638606212372,19,0.4049230113485002,28,7.178571428571429,3.0,2.0,0.0,1.0,0.0,0.0,2.0,0.0,0.0,0.0,1.0,1.0,3.0,3.0,2.0,4.0,4.0,1.0,2.0,0.0,0.0,2.0,0.0,0.0
225,FEDXDM1,M,PR,1.0,CAS20,132,2.857142857142857,1.0,28,1.2650443644030571,21,0.9487832733022928,5,6.2,1.0,0.0,0.0,1.0,2.0,2.0,1.0,1.0,1.0,0.0,1.0,2.0,2.0,2.0,2.0,2.0,1.0,1.0,3.0,0.0,0.0,1.0,0.0,2.0
226,FEDXDM2,M,PR,1.0,CAS20,154,2.789473684210526,1.0,19,0.8524532957788606,17,0.7627213699074016,12,7.0,0.0,1.0,0.0,1.0,1.0,2.0,3.0,0.0,0.0,0.0,0.0,0.0,0.0,3.0,2.0,1.0,2.0,1.0,1.0,1.0,0.0,0.0,0.0,0.0
227,FEDXDM3,M,PR,1.0,CAS20,182,3.0,1.0,31,1.368368135169268,15,0.6621136137915813,11,6.7272727272727275,1.0,1.0,1.0,2.0,2.0,2.0,1.0,1.0,1.0,0.0,1.0,0.0,0.0,6.0,1.0,0.0,3.0,1.0,2.0,2.0,0.0,0.0,2.0,1.0
228,FEDXDM4,M,PR,1.0,CAS20,142,2.6,1.0,30,1.3303933283238276,22,0.9756217741041402,7,6.0,2.0,2.0,0.0,1.0,3.0,4.0,0.0,1.0,0.0,0.0,1.0,0.0,1.0,3.0,1.0,1.0,2.0,3.0,1.0,2.0,0.0,0.0,0.0,2.0
229,FEDXDM5,M,PR,1.0,CAS20,100,2.8947368421052633,1.0,19,0.8377322441181153,15,0.6613675611458805,5,6.0,2.0,1.0,1.0,0.0,1.0,4.0,1.0,0.0,0.0,0.0,0.0,0.0,1.0,0.0,0.0,1.0,0.0,1.0,2.0,1.0,1.0,0.0,1.0,1.0
230,FEDXDM6,M,PR,1.0,CAS20,121,3.0,1.0,21,0.9507998792635074,19,0.8602475098098401,6,6.5,4.0,0.0,0.0,2.0,3.0,1.0,0.0,0.0,0.0,1.0,0.0,1.0,2.0,0.0,1.0,0.0,1.0,2.0,1.0,0.0,0.0,1.0,0.0,1.0
231,FEDXDM7,M,PR,1.0,CAS20,123,2.730769230769231,1.0,26,1.1592049043284414,17,0.7579416682147502,6,5.833333333333333,1.0,1.0,1.0,4.0,0.0,4.0,0.0,0.0,0.0,0.0,0.0,1.0,1.0,1.0,2.0,1.0,0.0,2.0,0.0,3.0,0.0,0.0,3.0,1.0
232,FEDXDM8,M,PR,1.0,CAS20,153,2.793103448275862,1.0,29,1.2945144330919551,14,0.6249380021823232,8,7.25,0.0,2.0,0.0,3.0,4.0,1.0,0.0,1.0,1.0,0.0,1.0,0.0,0.0,4.0,4.0,1.0,1.0,0.0,1.0,0.0,0.0,1.0,2.0,2.0
233,FEDXDM9,M,PR,1.0,CAS20,160,3.15,1.0,20,0.8977220303479919,12,0.5386332182087952,13,6.538461538461538,1.0,0.0,0.0,1.0,2.0,3.0,0.0,1.0,0.0,0.0,1.0,1.0,1.0,1.0,2.0,1.0,1.0,0.0,1.0,2.0,0.0,0.0,0.0,1.0
234,FEDXDM10,M,PR,1.0,CAS20,85,2.727272727272727,1.0,22,0.9931532616055977,15,0.6771499510947258,2,5.0,3.0,1.0,0.0,1.0,2.0,1.0,0.0,0.0,1.0,0.0,0.0,1.0,1.0,1.0,2.0,2.0,0.0,1.0,1.0,1.0,0.0,0.0,2.0,1.0
235,FEDXDM1,M,PR,1.0,CAS5,86,2.6363636363636362,1.0,22,0.9777053551588771,18,0.7999407451299905,2,5.0,0.0,1.0,1.0,1.0,2.0,1.0,0.0,0.0,0.0,0.0,1.0,0.0,2.0,2.0,1.0,1.0,1.0,1.0,3.0,2.0,0.0,0.0,0.0,2.0
236,FEDXDM2,M,PR,1.0,CAS5,43,2.2142857142857144,1.0,14,0.6857236152872828,7,0.3428618076436414,1,5.0,1.0,0.0,0.0,0.0,0.0,4.0,1.0,0.0,1.0,0.0,0.0,2.0,1.0,0.0,0.0,0.0,0.0,1.0,1.0,1.0,0.0,0.0,0.0,1.0
237,FEDXDM3,M,PR,1.0,CAS5,40,2.0,1.0,10,0.4648100089088585,20,0.929620017817717,0,0.0,0.0,0.0,0.0,1.0,2.0,1.0,0.0,1.0,1.0,0.0,0.0,0.0,0.0,1.0,0.0,0.0,1.0,0.0,1.0,1.0,0.0,0.0,0.0,0.0
238,FEDXDM4,M,PR,1.0,CAS5,51,2.1666666666666665,1.0,12,0.5481120584652862,20,0.9135200974421437,1,5.0,1.0,0.0,0.0,1.0,1.0,1.0,0.0,0.0,0.0,0.0,1.0,0.0,0.0,1.0,1.0,0.0,2.0,0.0,1.0,0.0,1.0,0.0,1.0,0.0
239,FEDXDM5,M,PR,1.0,CAS5,114,2.739130434782609,1.0,23,1.0179994098554146,14,0.6196518146946002,5,7.4,2.0,0.0,0.0,0.0,2.0,3.0,1.0,0.0,1.0,0.0,0.0,0.0,2.0,1.0,1.0,1.0,0.0,2.0,1.0,1.0,1.0,1.0,2.0,1.0
240,FEDXDM6,M,PR,1.0,CAS5,109,2.4583333333333335,1.0,24,1.0769978684417187,27,1.2116226019969334,3,7.666666666666667,2.0,1.0,0.0,2.0,0.0,1.0,0.0,1.0,0.0,0.0,1.0,1.0,2.0,3.0,0.0,1.0,0.0,1.0,3.0,1.0,0.0,0.0,2.0,2.0
241,FEDXDM7,M,PR,1.0,CAS5,75,2.45,1.0,20,0.8952885440370052,20,0.8952885440370052,1,6.0,2.0,0.0,0.0,1.0,3.0,1.0,0.0,0.0,1.0,1.0,0.0,0.0,1.0,2.0,2.0,0.0,0.0,2.0,2.0,0.0,0.0,0.0,2.0,0.0
242,FEDXDM8,M,PR,1.0,CAS5,48,2.7142857142857144,1.0,7,0.3144497130022461,19,0.8535063638632394,2,5.0,1.0,0.0,0.0,0.0,0.0,0.0,0.0,0.0,0.0,0.0,0.0,1.0,3.0,0.0,0.0,0.0,0.0,0.0,2.0,0.0,0.0,0.0,0.0,0.0
243,FEDXDM9,M,PR,1.0,CAS5,70,2.6666666666666665,1.0,12,0.5365126676602087,20,0.8941877794336811,3,6.0,0.0,2.0,0.0,1.0,1.0,2.0,1.0,0.0,0.0,0.0,0.0,0.0,0.0,2.0,0.0,1.0,0.0,0.0,1.0,1.0,0.0,0.0,0.0,0.0
244,FEDXDM10,M,PR,1.0,CAS5,91,2.4814814814814814,1.0,27,1.216779540077363,13,0.5858568155928044,2,5.5,2.0,1.0,0.0,0.0,1.0,1.0,0.0,0.0,2.0,0.0,0.0,2.0,1.0,2.0,2.0,2.0,0.0,4.0,2.0,3.0,1.0,0.0,0.0,1.0
245,FEDXDM1,M,PR,2.0,CAS20,135,2.4583333333333335,1.0,24,1.085590792581796,24,1.085590792581796,8,6.5,2.0,1.0,0.0,1.0,2.0,2.0,1.0,0.0,0.0,0.0,0.0,0.0,1.0,2.0,2.0,1.0,0.0,1.0,3.0,2.0,2.0,0.0,1.0,0.0
246,FEDXDM2,M,PR,2.0,CAS20,174,2.8125,1.0,16,0.6938672256152651,20,0.8673340320190813,14,7.785714285714286,0.0,0.0,0.0,1.0,1.0,3.0,3.0,1.0,0.0,0.0,0.0,0.0,1.0,2.0,3.0,0.0,0.0,0.0,1.0,0.0,0.0,0.0,0.0,0.0
247,FEDXDM3,M,PR,2.0,CAS20,178,2.6666666666666665,1.0,24,1.073518631263745,14,0.6262192015705179,13,7.6923076923076925,2.0,1.0,0.0,2.0,2.0,1.0,1.0,0.0,1.0,0.0,0.0,0.0,1.0,0.0,2.0,0.0,0.0,1.0,1.0,4.0,0.0,2.0,1.0,2.0
248,FEDXDM4,M,PR,2.0,CAS20,173,2.787878787878788,1.0,33,1.440558762186545,20,0.873065916476694,10,6.1,1.0,4.0,1.0,0.0,1.0,2.0,0.0,1.0,0.0,0.0,1.0,3.0,1.0,3.0,3.0,0.0,2.0,0.0,3.0,0.0,1.0,1.0,2.0,3.0
249,FEDXDM5,M,PR,2.0,CAS20,184,2.9047619047619047,1.0,21,0.925257321894085,10,0.44059872471146905,14,8.071428571428571,1.0,0.0,1.0,0.0,5.0,3.0,0.0,0.0,1.0,0.0,1.0,0.0,0.0,1.0,1.0,2.0,0.0,2.0,0.0,1.0,0.0,0.0,0.0,2.0
250,FEDXDM6,M,PR,2.0,CAS20,164,2.742857142857143,1.0,35,1.5162272415494398,14,0.606490896619776,10,5.4,3.0,0.0,1.0,1.0,3.0,1.0,0.0,1.0,0.0,1.0,2.0,0.0,0.0,1.0,2.0,2.0,2.0,2.0,3.0,2.0,2.0,2.0,2.0,2.0
251,FEDXDM7,M,PR,2.0,CAS20,181,2.59375,1.0,32,1.3925657298277425,19,0.8268359020852221,12,6.583333333333333,0.0,4.0,2.0,1.0,0.0,3.0,2.0,1.0,0.0,1.0,1.0,0.0,0.0,3.0,0.0,1.0,0.0,0.0,2.0,4.0,1.0,0.0,2.0,4.0
252,FEDXDM8,M,PR,2.0,CAS20,193,2.838709677419355,1.0,31,1.3550760712507741,18,0.7868183639520624,13,6.6923076923076925,1.0,1.0,1.0,0.0,5.0,1.0,3.0,0.0,0.0,0.0,1.0,0.0,1.0,3.0,3.0,2.0,2.0,1.0,1.0,3.0,1.0,1.0,0.0,0.0
253,FEDXDM9,M,PR,2.0,CAS20,213,2.8275862068965516,1.0,29,1.265669325703756,16,0.6983003176296584,16,7.1875,0.0,4.0,1.0,1.0,3.0,2.0,1.0,0.0,0.0,0.0,0.0,1.0,0.0,4.0,2.0,6.0,1.0,0.0,2.0,0.0,0.0,0.0,0.0,1.0
254,FEDXDM10,M,PR,2.0,CAS20,161,2.6666666666666665,1.0,30,1.3439522150323544,14,0.627177700348432,8,8.375,3.0,4.0,0.0,0.0,3.0,3.0,1.0,0.0,0.0,0.0,0.0,0.0,1.0,3.0,2.0,2.0,1.0,1.0,0.0,0.0,4.0,0.0,0.0,2.0
255,FEDXDM1,M,PR,2.0,SUC,62,2.2666666666666666,1.0,15,0.6873114666463018,28,1.2829814044064303,0,0.0,1.0,1.0,0.0,0.0,0.0,0.0,1.0,0.0,1.0,0.0,0.0,0.0,1.0,2.0,2.0,2.0,0.0,0.0,1.0,0.0,1.0,0.0,1.0,1.0
256,FEDXDM2,M,PR,2.0,SUC,25,2.0,1.0,3,0.14353685441641637,10,0.4784561813880545,1,9.0,1.0,0.0,0.0,0.0,0.0,2.0,0.0,0.0,0.0,0.0,0.0,0.0,0.0,0.0,0.0,0.0,0.0,0.0,0.0,0.0,0.0,0.0,0.0,0.0
257,FEDXDM3,M,PR,2.0,SUC,39,2.0,1.0,5,0.21680739072305266,23,0.9973139973260423,1,6.0,0.0,0.0,0.0,1.0,0.0,1.0,0.0,0.0,0.0,0.0,0.0,0.0,0.0,0.0,1.0,0.0,1.0,1.0,0.0,0.0,0.0,0.0,0.0,0.0
258,FEDXDM4,M,PR,2.0,SUC,48,2.0833333333333335,1.0,12,0.5492339965672876,23,1.0526984934206345,0,0.0,0.0,0.0,0.0,0.0,1.0,0.0,1.0,0.0,0.0,0.0,0.0,1.0,0.0,3.0,0.0,1.0,1.0,0.0,2.0,0.0,1.0,0.0,0.0,1.0
259,FEDXDM5,M,PR,2.0,SUC,49,2.7142857142857144,1.0,14,0.6084898826483798,6,0.260781378277877,1,5.0,1.0,0.0,1.0,1.0,1.0,2.0,0.0,0.0,0.0,0.0,0.0,1.0,0.0,0.0,2.0,3.0,0.0,0.0,0.0,1.0,0.0,0.0,0.0,1.0
260,FEDXDM6,M,PR,2.0,SUC,54,2.25,1.0,12,0.5896725406423609,21,1.0319269461241316,1,6.0,0.0,0.0,0.0,1.0,2.0,1.0,0.0,1.0,0.0,0.0,0.0,0.0,0.0,0.0,0.0,3.0,2.0,0.0,0.0,1.0,0.0,0.0,0.0,1.0
261,FEDXDM7,M,PR,2.0,SUC,48,2.0,1.0,4,0.17557121607452023,40,1.7557121607452022,0,0.0,0.0,1.0,0.0,0.0,2.0,0.0,0.0,0.0,0.0,0.0,0.0,0.0,0.0,0.0,0.0,1.0,0.0,0.0,0.0,0.0,0.0,0.0,0.0,0.0
262,FEDXDM8,M,PR,2.0,SUC,47,2.1,1.0,10,0.4364694471387003,26,1.1348205625606207,0,0.0,1.0,1.0,1.0,1.0,1.0,0.0,0.0,0.0,1.0,0.0,0.0,0.0,2.0,0.0,0.0,1.0,0.0,0.0,0.0,1.0,0.0,0.0,0.0,0.0
263,FEDXDM9,M,PR,2.0,SUC,13,3.0,1.0,2,0.11225444340505143,7,0.39289055191768,0,0.0,0.0,0.0,0.0,0.0,1.0,0.0,0.0,0.0,0.0,0.0,0.0,0.0,0.0,0.0,0.0,0.0,0.0,0.0,1.0,0.0,0.0,0.0,0.0,0.0
264,FEDXDM10,M,PR,2.0,SUC,55,2.176470588235294,1.0,17,0.7623983157475117,18,0.8072452754973654,0,0.0,2.0,1.0,0.0,0.0,1.0,1.0,0.0,0.0,0.0,0.0,1.0,0.0,2.0,1.0,3.0,1.0,0.0,0.0,0.0,1.0,1.0,0.0,1.0,1.0
265,FEDXDM1,M,PR,3.0,CAS5,167,2.58974358974359,1.0,39,1.7293409043319743,24,1.064209787281215,7,6.0,3.0,1.0,0.0,0.0,4.0,1.0,0.0,1.0,2.0,0.0,1.0,2.0,2.0,0.0,2.0,3.0,1.0,2.0,3.0,3.0,2.0,2.0,2.0,2.0
266,FEDXDM2,M,PR,3.0,CAS5,196,2.8823529411764706,1.0,34,1.4965703595926,22,0.9683690562069766,11,6.909090909090909,2.0,0.0,2.0,1.0,2.0,0.0,2.0,0.0,1.0,0.0,2.0,0.0,1.0,3.0,4.0,1.0,2.0,2.0,4.0,0.0,2.0,0.0,2.0,1.0
267,FEDXDM3,M,PR,3.0,CAS5,218,2.744186046511628,1.0,43,1.885069228802104,18,0.7890987469404157,14,5.857142857142857,1.0,2.0,0.0,1.0,1.0,2.0,0.0,2.0,1.0,1.0,2.0,1.0,1.0,3.0,2.0,4.0,1.0,2.0,6.0,3.0,2.0,1.0,0.0,4.0
268,FEDXDM4,M,PR,3.0,CAS5,193,2.8536585365853657,1.0,41,1.7875092342533274,25,1.0899446550325167,8,6.375,2.0,4.0,0.0,1.0,4.0,1.0,0.0,2.0,1.0,0.0,2.0,1.0,2.0,1.0,5.0,2.0,0.0,0.0,2.0,3.0,3.0,2.0,1.0,2.0
269,FEDXDM5,M,PR,3.0,CAS5,175,2.8076923076923075,1.0,26,1.1392266403768212,8,0.3505312739620988,14,6.714285714285714,2.0,0.0,1.0,1.0,3.0,1.0,1.0,0.0,0.0,0.0,1.0,1.0,2.0,2.0,1.0,0.0,2.0,1.0,1.0,2.0,1.0,0.0,1.0,2.0
270,FEDXDM6,M,PR,3.0,CAS5,190,2.6296296296296298,1.0,54,2.3343500084055813,32,1.3833185234996037,3,5.333333333333333,3.0,4.0,0.0,0.0,2.0,2.0,1.0,0.0,2.0,1.0,0.0,1.0,2.0,4.0,5.0,1.0,2.0,6.0,5.0,3.0,1.0,4.0,1.0,4.0
271,FEDXDM7,M,PR,3.0,CAS5,151,2.5945945945945947,1.0,37,1.6066582232675952,29,1.2592726614800072,5,5.2,3.0,0.0,1.0,2.0,2.0,3.0,3.0,0.0,0.0,1.0,1.0,1.0,2.0,2.0,2.0,0.0,2.0,1.0,4.0,5.0,2.0,0.0,0.0,0.0
272,FEDXDM8,M,PR,3.0,CAS5,199,2.878787878787879,1.0,33,1.4146562194860557,31,1.3289194789111431,12,6.083333333333333,2.0,2.0,1.0,1.0,3.0,2.0,0.0,0.0,0.0,0.0,0.0,1.0,3.0,3.0,4.0,3.0,0.0,1.0,1.0,2.0,0.0,1.0,0.0,3.0
273,FEDXDM9,M,PR,3.0,CAS5,208,2.717391304347826,1.0,46,1.9849688949620627,22,0.9493329497644648,9,6.777777777777778,0.0,2.0,2.0,3.0,3.0,2.0,4.0,0.0,0.0,0.0,1.0,0.0,1.0,1.0,5.0,5.0,2.0,2.0,3.0,1.0,2.0,0.0,2.0,5.0
274,FEDXDM10,M,PR,3.0,CAS5,165,2.5833333333333335,1.0,36,1.5448249555982025,25,1.0727951080543074,8,5.875,4.0,3.0,3.0,0.0,2.0,4.0,0.0,0.0,0.0,2.0,0.0,0.0,0.0,1.0,4.0,2.0,2.0,0.0,2.0,2.0,0.0,2.0,0.0,3.0
275,FEDXDM1,M,PR,3.0,SUC,35,2.0,1.0,4,0.17625243265076315,27,1.1897039203926514,0,0.0,0.0,0.0,0.0,1.0,0.0,1.0,0.0,0.0,0.0,0.0,0.0,0.0,0.0,0.0,1.0,0.0,0.0,0.0,0.0,0.0,0.0,0.0,0.0,1.0
276,FEDXDM2,M,PR,3.0,SUC,2,0.0,1.0,0,0.0,2,0.15445671993993348,0,0.0,0.0,0.0,0.0,0.0,0.0,0.0,0.0,0.0,0.0,0.0,0.0,0.0,0.0,0.0,0.0,0.0,0.0,0.0,0.0,0.0,0.0,0.0,0.0,0.0
277,FEDXDM3,M,PR,3.0,SUC,21,2.0,1.0,3,0.14626020774366544,15,0.7313010387183273,0,0.0,0.0,0.0,0.0,0.0,0.0,0.0,0.0,0.0,0.0,0.0,1.0,0.0,1.0,0.0,0.0,0.0,0.0,1.0,0.0,0.0,0.0,0.0,0.0,0.0
278,FEDXDM4,M,PR,3.0,SUC,26,2.0,1.0,5,0.2263638421489474,16,0.7243642948766317,0,0.0,0.0,0.0,0.0,0.0,0.0,0.0,0.0,1.0,1.0,0.0,0.0,0.0,0.0,1.0,0.0,0.0,1.0,0.0,0.0,0.0,0.0,1.0,0.0,0.0
279,FEDXDM5,M,PR,3.0,SUC,21,2.6666666666666665,1.0,3,0.1426100275976813,13,0.6179767862566189,0,0.0,1.0,0.0,0.0,0.0,0.0,0.0,0.0,0.0,0.0,0.0,0.0,0.0,0.0,1.0,0.0,0.0,0.0,0.0,0.0,0.0,0.0,1.0,0.0,0.0
280,FEDXDM6,M,PR,3.0,SUC,30,2.5,1.0,2,0.0900078756891228,25,1.125098446114035,0,0.0,0.0,0.0,0.0,0.0,0.0,0.0,1.0,0.0,0.0,0.0,0.0,0.0,0.0,0.0,0.0,0.0,0.0,0.0,1.0,0.0,0.0,0.0,0.0,0.0
281,FEDXDM7,M,PR,3.0,SUC,22,2.0,1.0,2,0.08577351028090824,18,0.7719615925281742,0,0.0,0.0,0.0,1.0,0.0,1.0,0.0,0.0,0.0,0.0,0.0,0.0,0.0,0.0,0.0,0.0,0.0,0.0,0.0,0.0,0.0,0.0,0.0,0.0,0.0
282,FEDXDM8,M,PR,3.0,SUC,14,2.0,1.0,3,0.1634827888952802,8,0.43595410372074717,0,0.0,0.0,0.0,0.0,1.0,0.0,0.0,0.0,0.0,0.0,0.0,0.0,0.0,0.0,0.0,0.0,0.0,0.0,0.0,1.0,0.0,0.0,1.0,0.0,0.0
283,FEDXDM9,M,PR,3.0,SUC,12,0.0,1.0,0,0.0,12,0.5166413528349499,0,0.0,0.0,0.0,0.0,0.0,0.0,0.0,0.0,0.0,0.0,0.0,0.0,0.0,0.0,0.0,0.0,0.0,0.0,0.0,0.0,0.0,0.0,0.0,0.0,0.0
284,FEDXDM10,M,PR,3.0,SUC,32,2.0,1.0,3,0.1340732188745298,26,1.1619678969125917,0,0.0,0.0,0.0,0.0,0.0,0.0,0.0,0.0,0.0,0.0,1.0,0.0,1.0,0.0,1.0,0.0,0.0,0.0,0.0,0.0,0.0,0.0,0.0,0.0,0.0
285,FEDXDM1,M,PR,4.0,CAS5,86,2.6923076923076925,1.0,13,0.6261204612955877,51,2.456318732774998,0,0.0,0.0,0.0,0.0,0.0,1.0,1.0,1.0,1.0,1.0,1.0,1.0,1.0,1.0,0.0,1.0,0.0,1.0,1.0,0.0,0.0,1.0,0.0,0.0,0.0
286,FEDXDM2,M,PR,4.0,CAS5,82,2.2222222222222223,1.0,9,0.4084153735614072,52,2.3597332694659086,2,5.0,0.0,1.0,2.0,0.0,0.0,1.0,1.0,0.0,0.0,0.0,0.0,2.0,0.0,2.0,0.0,0.0,0.0,0.0,0.0,0.0,0.0,0.0,0.0,0.0
287,FEDXDM3,M,PR,4.0,CAS5,103,2.4,1.0,10,0.44876029967215564,63,2.8271898879345803,3,5.333333333333333,0.0,0.0,1.0,0.0,1.0,2.0,0.0,1.0,2.0,1.0,0.0,0.0,1.0,1.0,0.0,0.0,0.0,0.0,0.0,0.0,0.0,0.0,0.0,0.0
288,FEDXDM4,M,PR,4.0,CAS5,96,2.375,1.0,16,0.7162308352296042,48,2.1486925056888126,2,5.0,0.0,0.0,0.0,0.0,1.0,1.0,0.0,1.0,1.0,0.0,1.0,1.0,1.0,3.0,1.0,2.0,2.0,0.0,0.0,0.0,0.0,1.0,0.0,0.0
289,FEDXDM5,M,PR,4.0,CAS5,81,3.111111111111111,1.0,9,0.4039950622825721,48,2.154640332173718,1,5.0,0.0,0.0,0.0,0.0,0.0,2.0,0.0,0.0,1.0,1.0,0.0,2.0,1.0,0.0,0.0,0.0,0.0,0.0,0.0,0.0,0.0,0.0,1.0,1.0
290,FEDXDM6,M,PR,4.0,CAS5,87,2.3157894736842106,1.0,19,0.8412766742512761,43,1.90394194698973,0,0.0,1.0,2.0,0.0,1.0,2.0,0.0,1.0,1.0,0.0,1.0,3.0,0.0,2.0,2.0,0.0,1.0,0.0,1.0,1.0,0.0,0.0,0.0,0.0,0.0
291,FEDXDM7,M,PR,4.0,CAS5,76,2.4285714285714284,1.0,7,0.3104404065291038,59,2.6165691407453036,0,0.0,0.0,0.0,0.0,0.0,0.0,0.0,1.0,1.0,0.0,1.0,0.0,2.0,1.0,1.0,0.0,0.0,0.0,0.0,0.0,0.0,0.0,0.0,0.0,0.0
292,FEDXDM8,M,PR,4.0,CAS5,86,2.7142857142857144,1.0,7,0.328655641921853,67,3.1457040012520214,0,0.0,0.0,0.0,0.0,0.0,1.0,0.0,0.0,0.0,0.0,1.0,3.0,1.0,1.0,0.0,0.0,0.0,0.0,0.0,0.0,0.0,0.0,0.0,0.0,0.0
293,FEDXDM9,M,PR,4.0,CAS5,85,2.6923076923076925,1.0,13,0.5753414553188351,50,2.212851751226289,0,0.0,0.0,0.0,0.0,0.0,2.0,1.0,1.0,1.0,1.0,0.0,2.0,1.0,2.0,1.0,1.0,0.0,0.0,0.0,0.0,0.0,0.0,0.0,0.0,0.0
294,FEDXDM10,M,PR,4.0,CAS5,67,3.6666666666666665,1.0,3,0.1339800766663772,51,2.2776613033284123,1,5.0,0.0,0.0,0.0,0.0,0.0,0.0,0.0,0.0,0.0,1.0,0.0,0.0,2.0,0.0,0.0,0.0,0.0,0.0,0.0,0.0,0.0,0.0,0.0,0.0
295,FEDXDM1,M,PR,4.0,SUC,66,2.1818181818181817,1.0,11,0.493839477228513,42,1.8855689130543223,0,0.0,0.0,0.0,0.0,0.0,0.0,1.0,1.0,0.0,0.0,0.0,0.0,1.0,1.0,2.0,0.0,0.0,1.0,1.0,1.0,1.0,0.0,1.0,0.0,0.0
296,FEDXDM2,M,PR,4.0,SUC,53,2.0,1.0,3,0.14533710133225677,47,2.276947920872023,0,0.0,0.0,1.0,0.0,0.0,0.0,1.0,0.0,0.0,0.0,0.0,0.0,0.0,0.0,0.0,1.0,0.0,0.0,0.0,0.0,0.0,0.0,0.0,0.0,0.0
297,FEDXDM3,M,PR,4.0,SUC,55,2.0,1.0,3,0.13514528117726557,49,2.2073729258953376,0,0.0,0.0,0.0,1.0,0.0,0.0,0.0,0.0,0.0,0.0,0.0,0.0,0.0,0.0,1.0,0.0,1.0,0.0,0.0,0.0,0.0,0.0,0.0,0.0,0.0
298,FEDXDM4,M,PR,4.0,SUC,47,2.3333333333333335,1.0,3,0.13629996087686308,40,1.8173328116915075,0,0.0,0.0,0.0,0.0,0.0,0.0,0.0,1.0,1.0,0.0,0.0,0.0,0.0,0.0,0.0,0.0,0.0,1.0,0.0,0.0,0.0,0.0,0.0,0.0,0.0
299,FEDXDM5,M,PR,4.0,SUC,56,2.2,1.0,5,0.22684310018903595,45,2.0415879017013236,0,0.0,0.0,0.0,0.0,0.0,0.0,0.0,0.0,0.0,0.0,0.0,0.0,1.0,0.0,1.0,1.0,0.0,0.0,0.0,0.0,0.0,0.0,0.0,1.0,1.0
300,FEDXDM6,M,PR,4.0,SUC,61,2.0,1.0,4,0.17934538932894933,53,2.3763264086085787,0,0.0,1.0,1.0,0.0,0.0,0.0,0.0,0.0,0.0,0.0,0.0,0.0,0.0,0.0,0.0,2.0,0.0,0.0,0.0,0.0,0.0,0.0,0.0,0.0,0.0
301,FEDXDM7,M,PR,4.0,SUC,39,0.0,1.0,0,0.0,39,1.7659044600407516,0,0.0,0.0,0.0,0.0,0.0,0.0,0.0,0.0,0.0,0.0,0.0,0.0,0.0,0.0,0.0,0.0,0.0,0.0,0.0,0.0,0.0,0.0,0.0,0.0,0.0
302,FEDXDM8,M,PR,4.0,SUC,59,3.0,1.0,1,0.04821536195004353,56,2.700060269202438,0,0.0,0.0,0.0,0.0,0.0,0.0,0.0,0.0,0.0,0.0,0.0,0.0,0.0,1.0,0.0,0.0,0.0,0.0,0.0,0.0,0.0,0.0,0.0,0.0,0.0
303,FEDXDM9,M,PR,4.0,SUC,40,0.0,1.0,0,0.0,40,1.81335079522988,0,0.0,0.0,0.0,0.0,0.0,0.0,0.0,0.0,0.0,0.0,0.0,0.0,0.0,0.0,0.0,0.0,0.0,0.0,0.0,0.0,0.0,0.0,0.0,0.0,0.0
304,FEDXDM10,M,PR,4.0,SUC,45,2.0,1.0,2,0.0920021978302815,41,1.8860450555207706,0,0.0,0.0,0.0,0.0,0.0,1.0,0.0,1.0,0.0,0.0,0.0,0.0,0.0,0.0,0.0,0.0,0.0,0.0,0.0,0.0,0.0,0.0,0.0,0.0,0.0
305,FEDXDM11,M,NR,0.0,MIX,256,2.793103448275862,1.0,29,1.351981351981352,9,0.4195804195804196,20,8.3,2.0,0.0,0.0,0.0,1.0,1.0,1.0,0.0,0.0,0.0,0.0,0.0,0.0,4.0,1.0,2.0,3.0,4.0,2.0,3.0,2.0,0.0,1.0,2.0
306,FEDXDM11,M,NR,0.0,MIX,293,2.8181818181818183,1.0,22,0.46726490734349285,24,0.5097435352838103,25,8.28,0.0,0.0,2.0,0.0,0.0,0.0,0.0,0.0,0.0,0.0,0.0,0.0,2.0,0.0,3.0,1.0,3.0,1.0,0.0,0.0,3.0,3.0,3.0,1.0
307,FEDXDM12,M,NR,0.0,MIX,257,2.6666666666666665,1.0,21,0.9435375168488843,3,0.13479107383555491,24,8.25,4.0,0.0,0.0,0.0,1.0,0.0,1.0,0.0,0.0,0.0,0.0,0.0,2.0,2.0,0.0,1.0,3.0,1.0,1.0,0.0,2.0,0.0,1.0,2.0
308,FEDXDM12,M,NR,0.0,MIX,303,2.6578947368421053,1.0,38,0.8086587968244773,23,0.48945137702534147,27,6.62962962962963,2.0,1.0,1.0,0.0,0.0,1.0,0.0,0.0,1.0,1.0,0.0,0.0,4.0,3.0,4.0,4.0,1.0,4.0,3.0,1.0,1.0,0.0,4.0,2.0
309,FEDXDM13,M,NR,0.0,MIX,249,2.84375,1.0,32,1.4969787538171657,11,0.5145864466246507,21,7.0,4.0,0.0,0.0,0.0,0.0,3.0,0.0,1.0,0.0,0.0,0.0,0.0,0.0,4.0,4.0,4.0,2.0,3.0,1.0,4.0,1.0,0.0,0.0,1.0
310,FEDXDM13,M,NR,0.0,MIX,324,2.8222222222222224,1.0,45,0.9576165986877105,33,0.7022521723709878,23,7.130434782608695,2.0,0.0,1.0,0.0,0.0,0.0,1.0,0.0,0.0,0.0,0.0,0.0,4.0,2.0,5.0,6.0,7.0,4.0,3.0,3.0,1.0,0.0,2.0,4.0
311,FEDXDM14,M,NR,0.0,MIX,326,3.4285714285714284,1.0,14,0.6867701364001799,3,0.14716502922860997,23,11.956521739130435,1.0,0.0,0.0,0.0,0.0,0.0,2.0,0.0,0.0,0.0,0.0,0.0,0.0,1.0,2.0,2.0,3.0,0.0,0.0,1.0,0.0,0.0,0.0,2.0
312,FEDXDM14,M,NR,0.0,MIX,287,2.923076923076923,1.0,13,0.27843883864826274,21,0.4497858162779629,29,7.862068965517241,2.0,0.0,1.0,0.0,2.0,0.0,0.0,0.0,0.0,0.0,1.0,0.0,0.0,3.0,1.0,1.0,0.0,0.0,0.0,1.0,0.0,0.0,0.0,1.0
313,FEDXDM15,M,NR,0.0,MIX,263,2.806451612903226,1.0,31,1.4681506038361356,3,0.14207909069381958,22,7.863636363636363,0.0,1.0,0.0,0.0,0.0,1.0,1.0,1.0,1.0,1.0,1.0,0.0,2.0,2.0,3.0,4.0,5.0,1.0,0.0,3.0,0.0,1.0,2.0,1.0
314,FEDXDM15,M,NR,0.0,MIX,292,3.107142857142857,1.0,28,0.6248179164058094,17,0.37935373496067,26,7.230769230769231,1.0,0.0,1.0,0.0,0.0,1.0,0.0,0.0,1.0,0.0,0.0,2.0,1.0,5.0,4.0,2.0,3.0,2.0,0.0,1.0,1.0,2.0,0.0,1.0
315,FEDXDM16,M,NR,0.0,MIX,365,2.8125,1.0,16,0.7374027038099139,6,0.27652601392871773,31,10.129032258064516,2.0,0.0,0.0,0.0,0.0,0.0,1.0,0.0,0.0,0.0,0.0,0.0,1.0,3.0,4.0,0.0,0.0,0.0,1.0,1.0,0.0,0.0,1.0,2.0
316,FEDXDM16,M,NR,0.0,MIX,282,2.9285714285714284,1.0,42,0.9014218857125824,15,0.32193638775449374,21,6.857142857142857,5.0,1.0,2.0,1.0,1.0,0.0,0.0,0.0,1.0,0.0,2.0,1.0,2.0,4.0,6.0,1.0,5.0,2.0,2.0,0.0,0.0,0.0,4.0,2.0
317,FEDXDM17,M,NR,0.0,MIX,259,3.090909090909091,1.0,22,1.0176286169501978,11,0.5088143084750989,23,7.826086956521739,3.0,0.0,0.0,0.0,0.0,2.0,2.0,0.0,0.0,0.0,0.0,0.0,0.0,2.0,5.0,1.0,4.0,2.0,0.0,0.0,0.0,0.0,1.0,0.0
318,FEDXDM17,M,NR,0.0,MIX,316,2.975609756097561,1.0,41,0.8755798640359723,19,0.40575652235813353,25,7.0,6.0,0.0,3.0,0.0,1.0,0.0,1.0,0.0,0.0,0.0,0.0,0.0,2.0,1.0,3.0,5.0,2.0,2.0,6.0,1.0,2.0,0.0,2.0,4.0
319,FEDXDM18,M,NR,0.0,MIX,254,2.8636363636363638,1.0,22,0.9968031817152062,7,0.3171646487275656,27,6.814814814814815,0.0,1.0,0.0,3.0,0.0,1.0,0.0,0.0,0.0,2.0,0.0,0.0,1.0,2.0,3.0,2.0,1.0,2.0,2.0,0.0,1.0,0.0,0.0,1.0
320,FEDXDM18,M,NR,0.0,MIX,267,2.619047619047619,1.0,21,0.46796078042983064,17,0.3788253936812915,28,6.964285714285714,0.0,2.0,0.0,0.0,0.0,1.0,1.0,1.0,0.0,1.0,0.0,0.0,6.0,2.0,2.0,2.0,0.0,1.0,0.0,1.0,0.0,0.0,0.0,1.0
321,FEDXDM19,M,NR,0.0,MIX,263,3.0689655172413794,1.0,29,1.3173834039975774,6,0.27256208358570566,21,8.0,3.0,0.0,0.0,0.0,0.0,0.0,4.0,2.0,0.0,0.0,0.0,0.0,1.0,3.0,3.0,3.0,3.0,2.0,3.0,0.0,0.0,0.0,2.0,0.0
322,FEDXDM19,M,NR,0.0,MIX,362,2.6666666666666665,1.0,30,0.6417989386547182,28,0.5990123427444036,32,7.9375,0.0,3.0,4.0,0.0,0.0,0.0,0.0,1.0,0.0,0.0,0.0,1.0,3.0,2.0,4.0,3.0,1.0,0.0,1.0,1.0,1.0,1.0,1.0,3.0
323,FEDXDM20,M,NR,0.0,MIX,234,2.730769230769231,1.0,26,1.175037975319181,14,0.6327127559410974,17,8.764705882352942,0.0,0.0,0.0,1.0,0.0,0.0,1.0,0.0,0.0,0.0,0.0,0.0,0.0,2.0,3.0,5.0,4.0,5.0,4.0,0.0,0.0,0.0,0.0,1.0
324,FEDXDM20,M,NR,0.0,MIX,310,2.813953488372093,1.0,43,0.9569082221164487,31,0.6898640671072072,22,7.181818181818182,1.0,0.0,2.0,0.0,0.0,2.0,0.0,0.0,1.0,0.0,1.0,0.0,4.0,5.0,5.0,6.0,6.0,4.0,3.0,0.0,0.0,0.0,2.0,1.0
325,FEDXDM11,M,NR,1.0,CAS20,84,2.8,1.0,10,0.48140570465760024,10,0.48140570465760024,7,6.571428571428571,2.0,0.0,0.0,1.0,0.0,1.0,0.0,0.0,0.0,0.0,0.0,0.0,0.0,0.0,1.0,0.0,2.0,0.0,1.0,1.0,0.0,0.0,1.0,0.0
326,FEDXDM12,M,NR,1.0,CAS20,105,2.5714285714285716,1.0,21,0.970873786407767,17,0.7859454461396209,6,5.666666666666667,2.0,2.0,0.0,0.0,1.0,2.0,1.0,0.0,0.0,0.0,0.0,0.0,1.0,1.0,1.0,2.0,2.0,0.0,1.0,1.0,1.0,1.0,1.0,1.0
327,FEDXDM13,M,NR,1.0,CAS20,115,2.625,1.0,32,1.553691365683921,19,0.9225042483748281,2,6.0,3.0,0.0,0.0,0.0,0.0,1.0,1.0,1.0,0.0,0.0,0.0,1.0,3.0,2.0,1.0,3.0,1.0,2.0,3.0,3.0,3.0,0.0,3.0,1.0
328,FEDXDM14,M,NR,1.0,CAS20,92,2.9,1.0,20,0.9168120407981358,12,0.5500872244788815,4,5.5,0.0,2.0,0.0,0.0,0.0,2.0,2.0,0.0,2.0,0.0,2.0,0.0,1.0,0.0,1.0,0.0,1.0,2.0,1.0,2.0,0.0,0.0,1.0,1.0
329,FEDXDM15,M,NR,1.0,CAS20,84,2.5555555555555554,1.0,18,0.8011671323656685,19,0.8456764174970945,3,6.333333333333333,0.0,0.0,0.0,0.0,1.0,3.0,0.0,0.0,1.0,0.0,0.0,0.0,0.0,1.0,1.0,1.0,4.0,0.0,3.0,0.0,1.0,1.0,0.0,1.0
330,FEDXDM16,M,NR,1.0,CAS20,108,2.772727272727273,1.0,22,0.9864979323401922,19,0.8519754870210752,5,5.6,0.0,2.0,0.0,2.0,3.0,3.0,0.0,0.0,2.0,0.0,1.0,0.0,0.0,1.0,3.0,0.0,1.0,0.0,3.0,1.0,0.0,0.0,0.0,0.0
331,FEDXDM17,M,NR,1.0,CAS20,127,2.9583333333333335,1.0,24,1.0823405614641664,19,0.8568529444924651,5,7.4,2.0,1.0,0.0,2.0,3.0,1.0,0.0,0.0,0.0,0.0,1.0,0.0,1.0,1.0,4.0,1.0,0.0,3.0,1.0,1.0,0.0,0.0,1.0,1.0
332,FEDXDM19,M,NR,1.0,CAS20,88,2.642857142857143,1.0,14,0.63533682936668,27,1.2252924566357402,4,6.0,1.0,0.0,0.0,0.0,1.0,0.0,0.0,0.0,0.0,0.0,0.0,0.0,2.0,2.0,1.0,1.0,2.0,2.0,0.0,0.0,1.0,0.0,0.0,1.0
333,FEDXDM20,M,NR,1.0,CAS20,78,2.3333333333333335,1.0,21,0.9518533440773569,18,0.8158742949234488,2,5.5,1.0,1.0,0.0,4.0,1.0,0.0,1.0,0.0,1.0,0.0,0.0,1.0,1.0,0.0,3.0,0.0,1.0,2.0,0.0,2.0,0.0,0.0,2.0,0.0
334,FEDXDM11,M,NR,1.0,CAS5,75,2.2,1.0,15,0.7231626312406257,16,0.7713734733233341,4,6.5,2.0,0.0,0.0,0.0,0.0,1.0,1.0,0.0,0.0,0.0,0.0,2.0,0.0,2.0,2.0,1.0,0.0,0.0,2.0,1.0,1.0,0.0,0.0,0.0
335,FEDXDM12,M,NR,1.0,CAS5,68,2.823529411764706,1.0,17,0.7979139504563233,15,0.7040417209908735,1,5.0,1.0,1.0,0.0,0.0,2.0,1.0,1.0,0.0,1.0,0.0,1.0,0.0,1.0,0.0,0.0,0.0,2.0,1.0,1.0,1.0,0.0,1.0,1.0,1.0
336,FEDXDM13,M,NR,1.0,CAS5,55,2.5,1.0,16,0.7154390758911937,15,0.6707241336479941,0,0.0,1.0,0.0,1.0,1.0,0.0,0.0,0.0,1.0,0.0,0.0,0.0,1.0,0.0,1.0,2.0,2.0,1.0,1.0,0.0,2.0,2.0,0.0,0.0,0.0
337,FEDXDM14,M,NR,1.0,CAS5,84,2.7058823529411766,1.0,17,0.8174168558835314,13,0.6250834780285828,4,6.25,0.0,0.0,0.0,0.0,1.0,0.0,1.0,0.0,1.0,0.0,1.0,0.0,1.0,1.0,1.0,0.0,1.0,2.0,2.0,2.0,0.0,1.0,0.0,2.0
338,FEDXDM15,M,NR,1.0,CAS5,80,2.5789473684210527,1.0,19,0.9032445495001782,19,0.9032445495001782,2,6.0,2.0,1.0,0.0,0.0,1.0,0.0,1.0,0.0,1.0,0.0,0.0,0.0,1.0,2.0,1.0,2.0,1.0,2.0,1.0,0.0,0.0,2.0,0.0,1.0
339,FEDXDM16,M,NR,1.0,CAS5,58,2.4705882352941178,1.0,17,0.7706934982180861,16,0.7253585865581987,0,0.0,0.0,0.0,0.0,1.0,1.0,0.0,0.0,0.0,1.0,0.0,1.0,1.0,2.0,0.0,0.0,0.0,1.0,1.0,2.0,2.0,1.0,0.0,1.0,2.0
340,FEDXDM17,M,NR,1.0,CAS5,58,2.125,1.0,8,0.3691219255860452,21,0.9689450546633686,3,6.666666666666667,0.0,0.0,0.0,0.0,1.0,1.0,1.0,0.0,0.0,1.0,0.0,0.0,0.0,0.0,2.0,2.0,0.0,0.0,0.0,0.0,0.0,0.0,0.0,0.0
341,FEDXDM19,M,NR,1.0,CAS5,88,2.3043478260869565,1.0,23,1.041129650819198,35,1.5843277295074751,0,0.0,2.0,0.0,0.0,0.0,1.0,3.0,1.0,0.0,0.0,0.0,1.0,1.0,1.0,2.0,1.0,1.0,0.0,2.0,0.0,4.0,1.0,0.0,1.0,1.0
342,FEDXDM20,M,NR,1.0,CAS5,77,2.5,1.0,16,0.726896429878472,20,0.90862053734809,3,5.666666666666667,1.0,1.0,0.0,0.0,1.0,0.0,0.0,0.0,0.0,0.0,0.0,1.0,0.0,1.0,1.0,4.0,2.0,1.0,0.0,2.0,0.0,1.0,0.0,0.0
343,FEDXDM11,M,NR,2.0,CAS20,99,2.8666666666666667,1.0,15,0.6875652550357788,7,0.32086378568336343,8,6.125,0.0,1.0,0.0,0.0,2.0,0.0,1.0,0.0,1.0,0.0,0.0,0.0,1.0,0.0,3.0,0.0,0.0,1.0,0.0,0.0,0.0,2.0,2.0,1.0
344,FEDXDM12,M,NR,2.0,CAS20,120,2.4285714285714284,1.0,21,0.9217826007437664,17,0.7462049625068585,9,5.777777777777778,2.0,0.0,2.0,1.0,1.0,1.0,0.0,0.0,1.0,0.0,0.0,0.0,1.0,2.0,0.0,1.0,1.0,1.0,2.0,0.0,1.0,0.0,1.0,3.0
345,FEDXDM13,M,NR,2.0,CAS20,143,2.6470588235294117,1.0,17,0.7477274948685367,12,0.5278076434366141,13,6.615384615384615,0.0,0.0,1.0,2.0,0.0,0.0,0.0,0.0,0.0,0.0,0.0,0.0,1.0,2.0,1.0,3.0,1.0,0.0,0.0,0.0,3.0,1.0,0.0,2.0
346,FEDXDM14,M,NR,2.0,CAS20,172,2.65,1.0,20,0.8846078238647532,16,0.7076862590918025,12,8.583333333333334,1.0,0.0,0.0,0.0,3.0,2.0,5.0,0.0,0.0,0.0,0.0,1.0,0.0,1.0,2.0,2.0,0.0,0.0,1.0,0.0,0.0,0.0,1.0,1.0
347,FEDXDM15,M,NR,2.0,CAS20,155,2.84,1.0,25,1.1212578020855395,11,0.4933534329176374,8,9.125,5.0,0.0,0.0,0.0,4.0,1.0,0.0,0.0,0.0,2.0,0.0,0.0,3.0,2.0,2.0,0.0,0.0,0.0,1.0,1.0,2.0,0.0,1.0,1.0
348,FEDXDM16,M,NR,2.0,CAS20,110,2.6666666666666665,1.0,24,1.052041984268076,17,0.7451964055232204,5,5.8,0.0,0.0,1.0,2.0,0.0,0.0,1.0,0.0,0.0,0.0,1.0,0.0,3.0,2.0,3.0,1.0,0.0,1.0,3.0,2.0,1.0,0.0,2.0,1.0
349,FEDXDM17,M,NR,2.0,CAS20,127,2.6333333333333333,1.0,30,1.3070787999080202,9,0.39212363997240607,7,5.571428571428571,3.0,2.0,2.0,1.0,3.0,2.0,0.0,0.0,0.0,1.0,0.0,1.0,0.0,3.0,2.0,3.0,0.0,1.0,3.0,3.0,0.0,0.0,0.0,0.0
350,FEDXDM19,M,NR,2.0,CAS20,116,2.652173913043478,1.0,23,1.0077283514878597,22,0.9639140753362136,5,6.6,1.0,1.0,2.0,1.0,0.0,3.0,0.0,0.0,0.0,0.0,0.0,1.0,0.0,1.0,3.0,2.0,0.0,2.0,0.0,2.0,1.0,0.0,1.0,2.0
351,FEDXDM20,M,NR,2.0,CAS20,84,2.5,1.0,16,0.7054241730248735,19,0.8376912054670373,4,6.25,1.0,0.0,1.0,2.0,3.0,2.0,1.0,0.0,0.0,0.0,0.0,0.0,0.0,1.0,1.0,1.0,1.0,0.0,0.0,1.0,0.0,0.0,1.0,0.0
352,FEDXDM11,M,NR,2.0,SUC,61,2.466666666666667,1.0,15,0.6545930613135501,14,0.6109535238926468,2,5.0,1.0,0.0,0.0,0.0,1.0,0.0,0.0,0.0,1.0,0.0,0.0,0.0,1.0,2.0,2.0,0.0,3.0,1.0,1.0,0.0,0.0,0.0,1.0,1.0
353,FEDXDM12,M,NR,2.0,SUC,43,2.25,1.0,8,0.35209115248725503,25,1.100284851522672,0,0.0,0.0,0.0,1.0,0.0,0.0,1.0,0.0,0.0,1.0,0.0,0.0,0.0,0.0,0.0,1.0,1.0,1.0,0.0,1.0,0.0,1.0,0.0,0.0,0.0
354,FEDXDM13,M,NR,2.0,SUC,45,2.4545454545454546,1.0,11,0.4847772595394616,18,0.7932718792463916,0,0.0,2.0,0.0,1.0,0.0,0.0,0.0,0.0,1.0,0.0,0.0,0.0,0.0,0.0,0.0,2.0,1.0,1.0,0.0,1.0,0.0,1.0,0.0,1.0,0.0
355,FEDXDM14,M,NR,2.0,SUC,19,2.0,1.0,4,0.1854212539112296,11,0.5099084482558813,0,0.0,0.0,0.0,0.0,0.0,0.0,2.0,0.0,0.0,0.0,0.0,1.0,0.0,0.0,0.0,0.0,1.0,0.0,0.0,0.0,0.0,0.0,0.0,0.0,0.0
356,FEDXDM15,M,NR,2.0,SUC,30,2.4285714285714284,1.0,7,0.35646085295989816,13,0.6619987269255252,0,0.0,0.0,0.0,0.0,0.0,0.0,0.0,0.0,0.0,0.0,0.0,0.0,1.0,1.0,0.0,2.0,0.0,1.0,1.0,1.0,0.0,0.0,0.0,0.0,0.0
357,FEDXDM16,M,NR,2.0,SUC,55,2.142857142857143,1.0,14,0.6104503282381726,25,1.0900898718538796,0,0.0,2.0,0.0,0.0,0.0,0.0,0.0,1.0,0.0,1.0,0.0,0.0,1.0,0.0,0.0,3.0,1.0,1.0,0.0,2.0,1.0,0.0,0.0,1.0,0.0
358,FEDXDM17,M,NR,2.0,SUC,42,2.076923076923077,1.0,13,0.5735153550158084,15,0.661748486556702,0,0.0,0.0,0.0,1.0,0.0,2.0,0.0,0.0,0.0,0.0,0.0,0.0,1.0,0.0,2.0,2.0,2.0,0.0,0.0,0.0,1.0,0.0,0.0,1.0,1.0
359,FEDXDM19,M,NR,2.0,SUC,75,2.263157894736842,1.0,19,0.8304699925937618,27,1.1801415684227141,1,5.0,3.0,0.0,0.0,1.0,2.0,0.0,0.0,0.0,1.0,0.0,0.0,1.0,1.0,1.0,2.0,1.0,0.0,0.0,2.0,2.0,0.0,1.0,1.0,0.0
360,FEDXDM20,M,NR,2.0,SUC,61,2.5,1.0,14,0.6241949866243931,20,0.891707123749133,1,6.0,1.0,0.0,1.0,0.0,0.0,1.0,0.0,0.0,0.0,1.0,0.0,1.0,1.0,1.0,1.0,1.0,2.0,0.0,1.0,1.0,0.0,0.0,1.0,0.0
361,FEDXDM11,M,NR,3.0,CAS5,136,2.8636363636363638,1.0,22,0.9648652599775839,7,0.3070025827201403,8,8.25,2.0,0.0,0.0,0.0,2.0,0.0,1.0,0.0,1.0,0.0,0.0,0.0,1.0,2.0,1.0,3.0,0.0,2.0,2.0,1.0,1.0,0.0,1.0,2.0
362,FEDXDM12,M,NR,3.0,CAS5,122,2.611111111111111,1.0,18,0.7911991306577454,24,1.0549321742103273,9,5.666666666666667,4.0,0.0,1.0,0.0,2.0,0.0,0.0,1.0,1.0,0.0,0.0,1.0,1.0,1.0,1.0,1.0,0.0,0.0,2.0,1.0,1.0,0.0,0.0,0.0
363,FEDXDM13,M,NR,3.0,CAS5,119,2.782608695652174,1.0,23,1.0128935972402318,14,0.6165439287549237,6,6.833333333333333,1.0,0.0,2.0,0.0,0.0,0.0,0.0,1.0,0.0,0.0,0.0,1.0,2.0,1.0,3.0,3.0,1.0,0.0,1.0,2.0,0.0,4.0,1.0,0.0
364,FEDXDM14,M,NR,3.0,CAS5,140,2.8333333333333335,1.0,18,0.79587324981577,19,0.8400884303610906,10,7.0,2.0,2.0,1.0,0.0,0.0,1.0,0.0,0.0,0.0,0.0,0.0,0.0,0.0,3.0,3.0,0.0,3.0,0.0,1.0,0.0,0.0,0.0,1.0,1.0
365,FEDXDM15,M,NR,3.0,CAS5,156,2.6818181818181817,1.0,22,0.9643835616438357,15,0.6575342465753424,11,7.454545454545454,0.0,1.0,0.0,0.0,3.0,2.0,0.0,0.0,0.0,0.0,2.0,1.0,0.0,0.0,2.0,3.0,1.0,2.0,0.0,2.0,0.0,0.0,0.0,3.0
366,FEDXDM16,M,NR,3.0,CAS5,134,2.7777777777777777,1.0,27,1.156798571853615,25,1.0711097887533472,6,5.666666666666667,1.0,3.0,1.0,0.0,3.0,0.0,1.0,0.0,1.0,0.0,1.0,1.0,1.0,0.0,4.0,2.0,0.0,0.0,3.0,3.0,0.0,0.0,1.0,1.0
367,FEDXDM17,M,NR,3.0,CAS5,138,2.925925925925926,1.0,27,1.1665306514329605,18,0.777687100955307,7,5.857142857142857,3.0,1.0,2.0,1.0,3.0,1.0,1.0,0.0,0.0,0.0,2.0,0.0,1.0,2.0,3.0,1.0,0.0,0.0,1.0,0.0,1.0,0.0,1.0,3.0
368,FEDXDM18,M,NR,3.0,CAS5,132,2.8181818181818183,1.0,22,0.9556676400318557,28,1.2163042691314527,6,7.0,1.0,2.0,2.0,0.0,2.0,4.0,0.0,0.0,0.0,0.0,0.0,0.0,0.0,1.0,2.0,2.0,0.0,1.0,1.0,0.0,1.0,1.0,0.0,2.0
369,FEDXDM19,M,NR,3.0,CAS5,130,2.5454545454545454,1.0,22,0.9465192709889453,27,1.1616372871227965,9,5.222222222222222,0.0,3.0,2.0,0.0,2.0,2.0,0.0,0.0,1.0,0.0,0.0,1.0,1.0,2.0,1.0,2.0,1.0,0.0,0.0,1.0,0.0,0.0,1.0,2.0
370,FEDXDM20,M,NR,3.0,CAS5,118,3.0,1.0,25,1.0832671336751643,26,1.1265978190221708,3,5.666666666666667,3.0,0.0,2.0,1.0,1.0,0.0,0.0,0.0,0.0,1.0,1.0,0.0,0.0,0.0,1.0,1.0,2.0,1.0,0.0,3.0,0.0,3.0,3.0,2.0
371,FEDXDM11,M,NR,3.0,SUC,25,3.2,1.0,5,0.24096385542168675,9,0.43373493975903615,0,0.0,0.0,0.0,0.0,0.0,0.0,0.0,1.0,0.0,0.0,0.0,0.0,0.0,0.0,1.0,0.0,2.0,0.0,0.0,0.0,0.0,0.0,0.0,0.0,1.0
372,FEDXDM12,M,NR,3.0,SUC,25,2.0,1.0,5,0.2443494196701283,15,0.733048259010385,0,0.0,0.0,0.0,0.0,0.0,0.0,0.0,0.0,1.0,0.0,0.0,0.0,0.0,1.0,0.0,0.0,1.0,0.0,0.0,0.0,1.0,0.0,0.0,1.0,0.0
373,FEDXDM13,M,NR,3.0,SUC,44,2.25,1.0,12,0.529625951671632,17,0.7503034315348119,0,0.0,3.0,0.0,0.0,0.0,0.0,0.0,0.0,0.0,0.0,0.0,0.0,0.0,1.0,1.0,2.0,1.0,0.0,0.0,2.0,1.0,0.0,1.0,0.0,0.0
374,FEDXDM14,M,NR,3.0,SUC,20,2.0,1.0,2,0.09092975676290066,16,0.7274380541032053,0,0.0,1.0,0.0,0.0,0.0,0.0,0.0,0.0,0.0,0.0,0.0,0.0,0.0,0.0,1.0,0.0,0.0,0.0,0.0,0.0,0.0,0.0,0.0,0.0,0.0
375,FEDXDM15,M,NR,3.0,SUC,12,2.0,1.0,1,0.04640371229698376,10,0.46403712296983757,0,0.0,0.0,0.0,0.0,0.0,0.0,0.0,0.0,0.0,0.0,0.0,0.0,0.0,0.0,0.0,0.0,0.0,0.0,0.0,0.0,0.0,0.0,0.0,1.0,0.0
376,FEDXDM16,M,NR,3.0,SUC,38,2.0,1.0,5,0.21662213878258357,23,0.9964618383998844,1,5.0,0.0,0.0,0.0,1.0,1.0,0.0,0.0,0.0,0.0,0.0,0.0,0.0,0.0,0.0,0.0,0.0,1.0,0.0,0.0,1.0,0.0,0.0,0.0,1.0
377,FEDXDM17,M,NR,3.0,SUC,36,2.0,1.0,7,0.30779001880939005,22,0.9673400591152259,0,0.0,0.0,0.0,0.0,0.0,0.0,0.0,1.0,0.0,0.0,0.0,1.0,0.0,0.0,2.0,0.0,1.0,0.0,1.0,1.0,0.0,0.0,0.0,0.0,0.0
378,FEDXDM18,M,NR,3.0,SUC,23,3.0,1.0,3,0.13802798900888236,14,0.6441306153747843,0,0.0,0.0,0.0,0.0,0.0,0.0,0.0,0.0,0.0,0.0,0.0,0.0,1.0,1.0,0.0,0.0,0.0,0.0,1.0,0.0,0.0,0.0,0.0,0.0,0.0
379,FEDXDM19,M,NR,3.0,SUC,34,2.0,1.0,3,0.13535530768266701,28,1.2633162050382254,0,0.0,0.0,0.0,0.0,0.0,0.0,1.0,0.0,0.0,0.0,0.0,0.0,0.0,0.0,1.0,0.0,0.0,0.0,0.0,0.0,0.0,0.0,0.0,0.0,1.0
380,FEDXDM20,M,NR,3.0,SUC,31,2.3333333333333335,1.0,6,0.2664232676320399,17,0.7548659249574463,0,0.0,0.0,0.0,0.0,1.0,1.0,0.0,0.0,1.0,0.0,0.0,0.0,0.0,1.0,0.0,1.0,0.0,0.0,0.0,0.0,1.0,0.0,0.0,0.0,0.0
381,FEDXDM11,M,NR,4.0,CAS5,105,2.625,1.0,16,0.723918207296995,20,0.9048977591212437,6,7.166666666666667,2.0,0.0,1.0,0.0,0.0,2.0,0.0,0.0,0.0,0.0,0.0,1.0,0.0,0.0,2.0,0.0,1.0,1.0,2.0,1.0,0.0,1.0,1.0,1.0
382,FEDXDM12,M,NR,4.0,CAS5,74,2.6666666666666665,1.0,12,0.5391642953422195,42,1.8870750336977684,0,0.0,0.0,0.0,1.0,0.0,0.0,0.0,1.0,1.0,0.0,0.0,1.0,1.0,2.0,0.0,1.0,0.0,2.0,0.0,1.0,0.0,0.0,0.0,1.0,0.0
383,FEDXDM13,M,NR,4.0,CAS5,75,2.3636363636363638,1.0,11,0.49794409445848575,44,1.991776377833943,1,5.0,1.0,1.0,0.0,0.0,0.0,0.0,0.0,0.0,0.0,1.0,0.0,0.0,2.0,0.0,0.0,1.0,0.0,2.0,1.0,1.0,0.0,0.0,0.0,1.0
384,FEDXDM14,M,NR,4.0,CAS5,78,2.2857142857142856,1.0,14,0.630110269297127,35,1.5752756732428175,2,5.5,1.0,0.0,0.0,0.0,0.0,4.0,0.0,0.0,0.0,0.0,1.0,1.0,0.0,0.0,1.0,0.0,0.0,0.0,0.0,1.0,2.0,0.0,0.0,3.0
385,FEDXDM15,M,NR,4.0,CAS5,91,2.6666666666666665,1.0,9,0.41079216959123643,40,1.8257429759610508,4,6.75,0.0,1.0,0.0,0.0,0.0,0.0,2.0,0.0,0.0,0.0,0.0,1.0,2.0,2.0,1.0,0.0,0.0,0.0,0.0,0.0,0.0,0.0,0.0,0.0
386,FEDXDM16,M,NR,4.0,CAS5,78,2.6,1.0,10,0.4391475657806458,45,1.976164046012906,1,7.0,0.0,0.0,1.0,2.0,2.0,0.0,0.0,1.0,0.0,1.0,0.0,1.0,0.0,0.0,1.0,0.0,0.0,1.0,0.0,0.0,0.0,0.0,0.0,0.0
387,FEDXDM17,M,NR,4.0,CAS5,77,2.5,1.0,14,0.6148365925365669,42,1.8445097776097008,0,0.0,1.0,1.0,0.0,0.0,2.0,1.0,1.0,1.0,0.0,0.0,1.0,1.0,1.0,0.0,0.0,0.0,0.0,0.0,1.0,1.0,1.0,0.0,0.0,1.0
388,FEDXDM18,M,NR,4.0,CAS5,106,2.3793103448275863,1.0,29,1.2840696644691527,22,0.9741218144248744,3,5.0,2.0,0.0,1.0,0.0,3.0,1.0,0.0,1.0,0.0,1.0,1.0,1.0,2.0,3.0,2.0,1.0,1.0,0.0,1.0,3.0,1.0,0.0,1.0,3.0
389,FEDXDM19,M,NR,4.0,CAS5,70,2.5,1.0,8,0.35160542058356736,45,1.9777804907825665,1,5.0,0.0,0.0,0.0,0.0,0.0,3.0,0.0,0.0,1.0,0.0,0.0,1.0,1.0,2.0,0.0,0.0,0.0,0.0,0.0,0.0,0.0,0.0,0.0,0.0
390,FEDXDM20,M,NR,4.0,CAS5,58,2.5,1.0,8,0.3609655829343493,38,1.7145865189381595,0,0.0,2.0,0.0,1.0,0.0,0.0,0.0,1.0,0.0,0.0,0.0,1.0,1.0,1.0,0.0,0.0,0.0,0.0,0.0,0.0,0.0,0.0,0.0,0.0,1.0
391,FEDXDM11,M,NR,4.0,SUC,44,2.7,1.0,10,0.4509413400473489,17,0.7666002780804931,0,0.0,0.0,0.0,1.0,0.0,0.0,0.0,0.0,1.0,0.0,1.0,0.0,1.0,0.0,1.0,2.0,0.0,0.0,1.0,0.0,1.0,0.0,0.0,1.0,0.0
392,FEDXDM12,M,NR,4.0,SUC,43,2.4,1.0,5,0.22797507472516337,31,1.413445463296013,0,0.0,0.0,0.0,0.0,0.0,0.0,0.0,0.0,0.0,0.0,0.0,1.0,0.0,0.0,0.0,1.0,0.0,1.0,1.0,1.0,0.0,0.0,0.0,0.0,0.0
393,FEDXDM13,M,NR,4.0,SUC,41,2.0,1.0,3,0.13652222278404208,35,1.592759265813824,0,0.0,0.0,0.0,0.0,0.0,0.0,0.0,0.0,0.0,0.0,0.0,0.0,0.0,0.0,0.0,0.0,1.0,0.0,2.0,0.0,0.0,0.0,0.0,0.0,0.0
394,FEDXDM14,M,NR,4.0,SUC,58,2.5,1.0,6,0.26925953627524307,43,1.9296933433059087,0,0.0,0.0,0.0,0.0,0.0,0.0,0.0,0.0,0.0,1.0,0.0,0.0,1.0,1.0,0.0,1.0,0.0,0.0,0.0,0.0,1.0,0.0,0.0,1.0,0.0
395,FEDXDM15,M,NR,4.0,SUC,48,2.6,1.0,5,0.23001725129384704,35,1.6101207590569293,0,0.0,0.0,0.0,0.0,0.0,0.0,0.0,1.0,0.0,0.0,0.0,1.0,0.0,0.0,0.0,1.0,0.0,0.0,0.0,0.0,0.0,0.0,1.0,0.0,1.0
396,FEDXDM16,M,NR,4.0,SUC,52,2.0,1.0,2,0.08817262240074455,43,1.895711381616008,1,5.0,0.0,0.0,0.0,0.0,0.0,0.0,1.0,0.0,0.0,1.0,0.0,0.0,0.0,0.0,0.0,0.0,0.0,0.0,0.0,0.0,0.0,0.0,0.0,0.0
397,FEDXDM17,M,NR,4.0,SUC,52,2.0,1.0,7,0.3119236529725581,38,1.6932998304224582,0,0.0,1.0,0.0,0.0,0.0,0.0,0.0,1.0,0.0,0.0,0.0,0.0,0.0,2.0,1.0,0.0,1.0,0.0,0.0,1.0,0.0,0.0,0.0,0.0,0.0
398,FEDXDM18,M,NR,4.0,SUC,45,2.125,1.0,8,0.3574842049079602,28,1.2511947171778608,0,0.0,1.0,0.0,1.0,0.0,0.0,0.0,0.0,0.0,0.0,0.0,1.0,0.0,1.0,2.0,1.0,1.0,0.0,0.0,0.0,0.0,0.0,0.0,0.0,0.0
399,FEDXDM19,M,NR,4.0,SUC,49,2.0,1.0,4,0.17843866171003717,41,1.828996282527881,0,0.0,0.0,0.0,0.0,0.0,2.0,0.0,0.0,0.0,0.0,0.0,0.0,1.0,0.0,1.0,0.0,0.0,0.0,0.0,0.0,0.0,0.0,0.0,0.0,0.0
400,FEDXDM20,M,NR,4.0,SUC,39,2.0,1.0,4,0.18076826512678887,31,1.4009540547326136,0,0.0,0.0,0.0,0.0,1.0,0.0,0.0,0.0,0.0,0.0,0.0,0.0,0.0,0.0,0.0,1.0,0.0,1.0,0.0,0.0,0.0,0.0,0.0,0.0,1.0
