,MOUSEID,SEX,MODE,DIET,CHOICE_SESSION,PELLET_TYPE,COUNT,MEAL_SIZE,SNACK_SIZE,NUMBER_OF_MEALS,MEAL_FREQUENCY,NUMBER_OF_SNACKS,SNACK_FREQUENCY,NUMBER_OF_MEGA_MEALS,AVERAGE_MEGA_MEAL_SIZE,MEALS_HOUR_0,MEALS_HOUR_1,MEALS_HOUR_2,MEALS_HOUR_3,MEALS_HOUR_4,MEALS_HOUR_5,MEALS_HOUR_6,MEALS_HOUR_7,MEALS_HOUR_8,MEALS_HOUR_9,MEALS_HOUR_10,MEALS_HOUR_11,MEALS_HOUR_12,MEALS_HOUR_13,MEALS_HOUR_14,MEALS_HOUR_15,MEALS_HOUR_16,MEALS_HOUR_17,MEALS_HOUR_18,MEALS_HOUR_19,MEALS_HOUR_20,MEALS_HOUR_21,MEALS_HOUR_22,MEALS_HOUR_23
0,FEDXDF1,F,FF,PR,0.0,MIX,194,3.730769230769231,0,52,2.642201834862385,0,0.0,9,7.555555555555555,0.0,0.0,0.0,3.0,5.0,4.0,2.0,5.0,0.0,0.0,1.0,3.0,1.0,3.0,5.0,2.0,4.0,4.0,2.0,2.0,1.0,1.0,2.0,2.0
1,FEDXDF1,F,FR,PR,0.0,MIX,111,2.0555555555555554,0,54,2.4802561910715877,0,0.0,2,8.0,0.0,0.0,4.0,0.0,0.0,1.0,2.0,0.0,0.0,2.0,0.0,2.0,1.0,4.0,5.0,4.0,5.0,4.0,5.0,4.0,0.0,0.0,4.0,7.0
2,FEDXDF2,F,FF,PR,0.0,MIX,344,2.7301587301587302,0,126,5.754738524777347,0,0.0,10,6.9,0.0,1.0,11.0,14.0,1.0,0.0,2.0,1.0,1.0,1.0,2.0,4.0,5.0,4.0,10.0,7.0,8.0,7.0,8.0,11.0,9.0,6.0,8.0,5.0
3,FEDXDF2,F,FR,PR,0.0,MIX,133,2.078125,0,64,2.9247857822913357,0,0.0,3,6.333333333333333,0.0,1.0,2.0,2.0,1.0,0.0,0.0,0.0,1.0,0.0,1.0,1.0,5.0,5.0,5.0,7.0,7.0,5.0,6.0,7.0,0.0,0.0,4.0,4.0
4,FEDXDF3,F,FF,PR,0.0,MIX,256,2.752688172043011,0,93,4.244206683231074,0,0.0,7,7.857142857142857,0.0,0.0,2.0,9.0,5.0,0.0,6.0,0.0,2.0,6.0,0.0,1.0,3.0,7.0,8.0,9.0,8.0,9.0,4.0,5.0,4.0,4.0,0.0,1.0
5,FEDXDF3,F,FR,PR,0.0,MIX,154,2.3333333333333335,0,66,3.013507514744118,0,0.0,6,7.5,0.0,0.0,6.0,5.0,0.0,0.0,0.0,1.0,0.0,3.0,1.0,3.0,5.0,5.0,4.0,4.0,6.0,5.0,5.0,3.0,2.0,0.0,1.0,7.0
6,FEDXDF4,F,FF,PR,0.0,MIX,274,3.859154929577465,0,71,3.2411869135176263,0,0.0,16,7.25,0.0,1.0,9.0,8.0,0.0,1.0,2.0,0.0,4.0,1.0,2.0,1.0,5.0,2.0,3.0,3.0,5.0,5.0,4.0,5.0,4.0,0.0,3.0,3.0
7,FEDXDF4,F,FR,PR,0.0,MIX,147,3.340909090909091,0,44,2.0015163002274448,0,0.0,10,8.0,0.0,1.0,3.0,4.0,0.0,0.0,0.0,0.0,0.0,0.0,2.0,0.0,6.0,6.0,4.0,4.0,2.0,2.0,3.0,2.0,2.0,0.0,1.0,2.0
8,FEDXDF5,F,FF,PR,0.0,MIX,213,4.630434782608695,0,46,3.1499657612417256,0,0.0,18,8.11111111111111,0.0,0.0,0.0,0.0,0.0,0.0,0.0,0.0,0.0,7.0,0.0,3.0,5.0,4.0,4.0,2.0,3.0,2.0,3.0,3.0,3.0,3.0,2.0,2.0
9,FEDXDF5,F,FR,PR,0.0,MIX,168,3.111111111111111,0,54,2.677354047018965,0,0.0,12,8.25,0.0,0.0,2.0,0.0,0.0,0.0,3.0,0.0,0.0,2.0,0.0,5.0,3.0,6.0,6.0,4.0,4.0,4.0,2.0,6.0,2.0,4.0,1.0,0.0
10,FEDXDF6,F,FF,PR,0.0,MIX,264,2.869565217391304,0,92,4.593938553297733,0,0.0,7,8.857142857142858,0.0,0.0,0.0,4.0,7.0,0.0,4.0,0.0,0.0,6.0,1.0,4.0,9.0,5.0,6.0,6.0,6.0,6.0,6.0,2.0,5.0,5.0,6.0,4.0
11,FEDXDF6,F,FR,PR,0.0,MIX,109,2.725,0,40,2.6895276517061695,0,0.0,4,8.0,0.0,0.0,0.0,0.0,0.0,0.0,0.0,2.0,0.0,0.0,2.0,1.0,2.0,1.0,2.0,3.0,3.0,5.0,4.0,4.0,4.0,7.0,0.0,0.0
12,FEDXDF7,F,FF,PR,0.0,MIX,235,2.2815533980582523,0,103,5.0690362269309635,0,0.0,3,8.333333333333334,0.0,0.0,0.0,7.0,10.0,7.0,1.0,0.0,5.0,2.0,0.0,2.0,6.0,8.0,7.0,10.0,9.0,7.0,6.0,0.0,7.0,4.0,0.0,5.0
13,FEDXDF7,F,FR,PR,0.0,MIX,148,2.0555555555555554,0,72,3.3562087271785574,0,0.0,5,6.4,0.0,0.0,5.0,6.0,5.0,0.0,0.0,0.0,0.0,0.0,5.0,0.0,6.0,5.0,5.0,4.0,0.0,8.0,4.0,1.0,5.0,3.0,4.0,6.0
14,FEDXDF8,F,FF,PR,0.0,MIX,227,2.4148936170212765,0,94,4.320073533166521,0,0.0,3,6.333333333333333,0.0,0.0,6.0,9.0,0.0,1.0,6.0,0.0,4.0,1.0,3.0,2.0,4.0,7.0,4.0,7.0,0.0,9.0,6.0,4.0,3.0,5.0,4.0,9.0
15,FEDXDF8,F,FR,PR,0.0,MIX,137,1.957142857142857,0,70,3.3578509753757593,0,0.0,2,6.5,0.0,0.0,5.0,3.0,3.0,0.0,0.0,0.0,2.0,0.0,3.0,3.0,9.0,8.0,6.0,5.0,7.0,1.0,0.0,3.0,5.0,2.0,3.0,2.0
16,FEDXDF9,F,FF,PR,0.0,MIX,242,2.1228070175438596,0,114,5.292342609547881,0,0.0,5,7.0,0.0,0.0,7.0,7.0,1.0,0.0,6.0,1.0,0.0,8.0,1.0,5.0,7.0,8.0,10.0,9.0,0.0,7.0,5.0,8.0,5.0,0.0,8.0,11.0
17,FEDXDF9,F,FR,PR,0.0,MIX,106,1.3417721518987342,0,79,3.6556679563479313,0,0.0,0,0.0,0.0,0.0,3.0,1.0,0.0,0.0,0.0,2.0,0.0,0.0,3.0,1.0,4.0,7.0,5.0,8.0,11.0,12.0,9.0,5.0,0.0,0.0,5.0,3.0
18,FEDXDF10,F,FF,PR,0.0,MIX,249,3.0,0,83,4.101128222020917,0,0.0,6,6.166666666666667,0.0,0.0,2.0,7.0,3.0,0.0,0.0,4.0,1.0,1.0,6.0,1.0,8.0,6.0,5.0,5.0,3.0,6.0,6.0,4.0,4.0,6.0,5.0,0.0
19,FEDXDF10,F,FR,PR,0.0,MIX,133,1.8732394366197183,0,71,3.561823274480568,0,0.0,2,7.5,0.0,0.0,0.0,5.0,1.0,0.0,0.0,0.0,0.0,0.0,1.0,2.0,6.0,8.0,6.0,7.0,7.0,6.0,4.0,5.0,5.0,4.0,4.0,0.0
20,FEDXDF1,F,FR,PR,1.0,CAS20,107,1.646153846153846,0,65,3.3266515972192603,0,0.0,1,6.0,0.0,0.0,2.0,7.0,7.0,0.0,0.0,6.0,0.0,0.0,3.0,0.0,4.0,3.0,2.0,3.0,4.0,5.0,5.0,3.0,8.0,3.0,0.0,0.0
21,FEDXDF2,F,FR,PR,1.0,CAS20,111,1.7076923076923076,0,65,3.367294077016059,0,0.0,0,0.0,0.0,0.0,2.0,7.0,3.0,2.0,0.0,1.0,0.0,3.0,0.0,2.0,7.0,4.0,4.0,5.0,3.0,5.0,5.0,3.0,5.0,4.0,0.0,0.0
22,FEDXDF3,F,FR,PR,1.0,CAS20,95,1.507936507936508,0,63,3.069012178619757,0,0.0,0,0.0,0.0,0.0,5.0,3.0,3.0,6.0,0.0,0.0,3.0,0.0,1.0,2.0,3.0,3.0,4.0,3.0,4.0,5.0,4.0,7.0,3.0,3.0,1.0,0.0
23,FEDXDF4,F,FR,PR,1.0,CAS20,126,2.3333333333333335,0,54,2.533559233676528,0,0.0,2,6.0,0.0,0.0,4.0,7.0,3.0,0.0,0.0,3.0,0.0,0.0,3.0,1.0,4.0,5.0,3.0,3.0,3.0,3.0,2.0,3.0,4.0,2.0,0.0,1.0
24,FEDXDF5,F,FR,PR,1.0,CAS20,92,2.0,0,46,2.154202385753125,0,0.0,1,6.0,0.0,0.0,1.0,3.0,2.0,4.0,0.0,0.0,0.0,2.0,1.0,1.0,1.0,6.0,1.0,3.0,2.0,1.0,4.0,2.0,3.0,4.0,2.0,3.0
25,FEDXDF6,F,FR,PR,1.0,CAS20,149,2.328125,0,64,3.071467612280538,0,0.0,1,6.0,0.0,0.0,1.0,4.0,3.0,8.0,2.0,0.0,0.0,0.0,0.0,1.0,1.0,0.0,4.0,4.0,5.0,5.0,4.0,3.0,3.0,5.0,6.0,5.0
26,FEDXDF7,F,FR,PR,1.0,CAS20,130,1.5662650602409638,0,83,4.0343486714193135,0,0.0,0,0.0,0.0,0.0,1.0,2.0,6.0,3.0,6.0,2.0,0.0,1.0,1.0,2.0,3.0,6.0,9.0,5.0,8.0,4.0,1.0,6.0,2.0,7.0,5.0,3.0
27,FEDXDF8,F,FR,PR,1.0,CAS20,81,1.7608695652173914,0,46,2.3188081102274003,0,0.0,0,0.0,0.0,0.0,0.0,2.0,4.0,3.0,0.0,0.0,0.0,0.0,3.0,3.0,3.0,2.0,4.0,1.0,1.0,5.0,6.0,2.0,2.0,3.0,0.0,2.0
28,FEDXDF9,F,FR,PR,1.0,CAS20,99,1.4558823529411764,0,68,3.3088235294117645,0,0.0,0,0.0,0.0,0.0,1.0,2.0,3.0,6.0,1.0,0.0,1.0,0.0,7.0,0.0,4.0,6.0,8.0,4.0,0.0,5.0,3.0,4.0,5.0,1.0,4.0,3.0
29,FEDXDF10,F,FR,PR,1.0,CAS20,69,1.9166666666666667,0,36,1.8454703386210236,0,0.0,0,0.0,0.0,0.0,0.0,2.0,1.0,6.0,0.0,0.0,1.0,1.0,0.0,2.0,3.0,4.0,2.0,3.0,1.0,2.0,3.0,1.0,0.0,1.0,3.0,0.0
30,FEDXDF1,F,FR,PR,1.0,CAS5,61,1.326086956521739,0,46,2.3880252646151185,0,0.0,0,0.0,0.0,0.0,3.0,3.0,7.0,0.0,0.0,2.0,0.0,0.0,1.0,0.0,1.0,2.0,2.0,3.0,4.0,4.0,4.0,4.0,2.0,4.0,0.0,0.0
31,FEDXDF2,F,FR,PR,1.0,CAS5,36,1.3846153846153846,0,26,1.3668224299065421,0,0.0,0,0.0,0.0,0.0,2.0,4.0,2.0,0.0,0.0,1.0,2.0,2.0,0.0,1.0,1.0,1.0,2.0,1.0,1.0,1.0,1.0,1.0,1.0,2.0,0.0,0.0
32,FEDXDF3,F,FR,PR,1.0,CAS5,80,1.3559322033898304,0,59,2.8920387239083376,0,0.0,0,0.0,0.0,0.0,2.0,3.0,5.0,5.0,0.0,0.0,1.0,0.0,1.0,3.0,6.0,5.0,3.0,3.0,6.0,4.0,3.0,2.0,4.0,2.0,1.0,0.0
33,FEDXDF4,F,FR,PR,1.0,CAS5,44,1.5172413793103448,0,29,1.570160926455106,0,0.0,0,0.0,0.0,0.0,1.0,4.0,1.0,0.0,0.0,3.0,0.0,0.0,3.0,0.0,3.0,2.0,3.0,1.0,1.0,2.0,2.0,0.0,2.0,1.0,0.0,0.0
34,FEDXDF5,F,FR,PR,1.0,CAS5,48,1.5483870967741935,0,31,1.5400538190850757,0,0.0,0,0.0,0.0,0.0,1.0,0.0,3.0,2.0,1.0,0.0,0.0,1.0,0.0,1.0,3.0,1.0,1.0,3.0,5.0,2.0,1.0,2.0,0.0,2.0,1.0,1.0
35,FEDXDF6,F,FR,PR,1.0,CAS5,45,1.5,0,30,1.4199876408483112,0,0.0,1,6.0,0.0,0.0,1.0,4.0,6.0,3.0,1.0,0.0,2.0,0.0,0.0,2.0,1.0,4.0,2.0,0.0,0.0,0.0,0.0,1.0,0.0,1.0,0.0,2.0
36,FEDXDF7,F,FR,PR,1.0,CAS5,61,1.150943396226415,0,53,2.732193487413008,0,0.0,0,0.0,0.0,0.0,0.0,1.0,6.0,7.0,6.0,2.0,0.0,2.0,2.0,5.0,2.0,1.0,1.0,2.0,3.0,2.0,4.0,2.0,1.0,1.0,2.0,1.0
37,FEDXDF8,F,FR,PR,1.0,CAS5,62,1.5121951219512195,0,41,1.9721283219539572,0,0.0,0,0.0,0.0,0.0,1.0,1.0,2.0,4.0,0.0,0.0,0.0,1.0,1.0,3.0,1.0,4.0,6.0,1.0,2.0,1.0,1.0,2.0,3.0,2.0,3.0,2.0
38,FEDXDF9,F,FR,PR,1.0,CAS5,81,1.1911764705882353,0,68,3.2650012670552306,0,0.0,0,0.0,0.0,0.0,0.0,5.0,6.0,2.0,0.0,0.0,2.0,0.0,5.0,0.0,4.0,1.0,3.0,4.0,1.0,3.0,5.0,6.0,6.0,6.0,3.0,6.0
39,FEDXDF10,F,FR,PR,1.0,CAS5,75,1.5625,0,48,2.3406070949652564,0,0.0,0,0.0,0.0,0.0,0.0,1.0,3.0,3.0,1.0,0.0,1.0,1.0,1.0,3.0,6.0,1.0,3.0,3.0,6.0,2.0,1.0,2.0,2.0,3.0,3.0,2.0
40,FEDXDF1,F,FR,PR,2.0,CAS20,176,1.5304347826086957,0,115,5.526041805707574,0,0.0,1,6.0,0.0,0.0,0.0,9.0,14.0,2.0,0.0,0.0,3.0,3.0,0.0,3.0,5.0,9.0,8.0,9.0,9.0,11.0,9.0,9.0,3.0,0.0,0.0,9.0
41,FEDXDF2,F,FR,PR,2.0,CAS20,107,1.3375,0,80,3.898055032957514,0,0.0,0,0.0,0.0,0.0,0.0,4.0,7.0,2.0,0.0,0.0,4.0,0.0,0.0,7.0,1.0,9.0,5.0,8.0,2.0,2.0,10.0,6.0,6.0,2.0,0.0,5.0
42,FEDXDF3,F,FR,PR,2.0,CAS20,115,1.9827586206896552,0,58,2.926501093233167,0,0.0,2,9.5,0.0,0.0,0.0,5.0,7.0,4.0,0.0,0.0,3.0,0.0,2.0,3.0,5.0,2.0,4.0,6.0,2.0,0.0,2.0,3.0,3.0,1.0,4.0,2.0
43,FEDXDF4,F,FR,PR,2.0,CAS20,110,2.1153846153846154,0,52,3.010420686993439,0,0.0,0,0.0,0.0,0.0,0.0,2.0,8.0,0.0,0.0,2.0,0.0,0.0,1.0,1.0,8.0,5.0,5.0,2.0,0.0,6.0,3.0,4.0,5.0,0.0,0.0,0.0
44,FEDXDF5,F,FR,PR,2.0,CAS20,114,2.111111111111111,0,54,2.8607587485652064,0,0.0,0,0.0,0.0,0.0,0.0,4.0,4.0,6.0,2.0,0.0,2.0,0.0,1.0,2.0,3.0,3.0,2.0,5.0,4.0,3.0,3.0,3.0,3.0,2.0,2.0,0.0
45,FEDXDF6,F,FR,PR,2.0,CAS20,204,2.241758241758242,0,91,4.245503084339847,0,0.0,3,7.0,0.0,0.0,4.0,9.0,5.0,1.0,0.0,5.0,0.0,0.0,5.0,4.0,7.0,4.0,7.0,4.0,5.0,6.0,4.0,4.0,4.0,4.0,4.0,5.0
46,FEDXDF7,F,FR,PR,2.0,CAS20,177,1.4508196721311475,0,122,6.031227255873993,0,0.0,0,0.0,0.0,0.0,4.0,9.0,11.0,11.0,2.0,0.0,0.0,7.0,0.0,11.0,2.0,8.0,7.0,6.0,5.0,0.0,5.0,10.0,9.0,7.0,8.0,0.0
47,FEDXDF8,F,FR,PR,2.0,CAS20,112,1.8360655737704918,0,61,2.878829590592677,0,0.0,0,0.0,0.0,0.0,2.0,5.0,6.0,0.0,0.0,0.0,0.0,0.0,5.0,0.0,5.0,4.0,4.0,4.0,6.0,3.0,5.0,2.0,3.0,2.0,3.0,2.0
48,FEDXDF9,F,FR,PR,2.0,CAS20,153,1.457142857142857,0,105,5.472154262634452,0,0.0,1,7.0,0.0,0.0,3.0,12.0,9.0,2.0,0.0,6.0,4.0,0.0,1.0,1.0,7.0,9.0,9.0,5.0,4.0,4.0,10.0,8.0,5.0,6.0,0.0,0.0
49,FEDXDF10,F,FR,PR,2.0,CAS20,87,1.7755102040816326,0,49,2.433506235514844,0,0.0,0,0.0,0.0,0.0,0.0,8.0,7.0,0.0,4.0,4.0,0.0,1.0,2.0,2.0,8.0,3.0,1.0,2.0,1.0,2.0,1.0,1.0,1.0,0.0,0.0,1.0
50,FEDXDF1,F,FR,PR,2.0,SUC,2,1.0,0,2,3.749999999999998,0,0.0,0,0.0,0.0,0.0,0.0,2.0,0.0,0.0,0.0,0.0,0.0,0.0,0.0,0.0,0.0,0.0,0.0,0.0,0.0,0.0,0.0,0.0,0.0,0.0,0.0,0.0
51,FEDXDF2,F,FR,PR,2.0,SUC,43,1.303030303030303,0,33,1.6454521530769124,0,0.0,0,0.0,0.0,0.0,0.0,2.0,2.0,1.0,0.0,0.0,1.0,1.0,1.0,2.0,1.0,2.0,4.0,0.0,2.0,2.0,4.0,2.0,3.0,0.0,0.0,3.0
52,FEDXDF3,F,FR,PR,2.0,SUC,60,1.2,0,50,2.523977788995457,0,0.0,0,0.0,0.0,0.0,0.0,1.0,4.0,1.0,0.0,0.0,3.0,0.0,0.0,1.0,3.0,6.0,5.0,4.0,3.0,3.0,0.0,4.0,3.0,5.0,3.0,1.0
53,FEDXDF4,F,FR,PR,2.0,SUC,37,1.121212121212121,0,33,1.8947066234988275,0,0.0,0,0.0,0.0,0.0,0.0,2.0,2.0,0.0,0.0,1.0,0.0,0.0,3.0,1.0,2.0,3.0,2.0,1.0,0.0,5.0,4.0,3.0,4.0,0.0,0.0,0.0
54,FEDXDF5,F,FR,PR,2.0,SUC,57,1.4615384615384615,0,39,1.9302418301552169,0,0.0,0,0.0,0.0,0.0,0.0,2.0,3.0,1.0,0.0,0.0,2.0,0.0,0.0,1.0,1.0,3.0,4.0,3.0,3.0,1.0,3.0,2.0,2.0,3.0,2.0,3.0
55,FEDXDF6,F,FR,PR,2.0,SUC,27,1.2272727272727273,0,22,1.038511466897447,0,0.0,0,0.0,0.0,0.0,2.0,2.0,2.0,1.0,0.0,1.0,0.0,0.0,2.0,1.0,2.0,0.0,0.0,2.0,1.0,0.0,0.0,3.0,1.0,1.0,0.0,1.0
56,FEDXDF7,F,FR,PR,2.0,SUC,25,1.0416666666666667,0,24,1.2108132348613312,0,0.0,0,0.0,0.0,0.0,2.0,5.0,7.0,3.0,2.0,0.0,0.0,1.0,0.0,1.0,0.0,0.0,0.0,1.0,0.0,0.0,0.0,1.0,0.0,0.0,1.0,0.0
57,FEDXDF8,F,FR,PR,2.0,SUC,54,1.2857142857142858,0,42,2.0384226491405464,0,0.0,0,0.0,0.0,0.0,1.0,4.0,3.0,0.0,0.0,1.0,0.0,0.0,1.0,0.0,4.0,5.0,2.0,2.0,3.0,3.0,3.0,1.0,3.0,3.0,2.0,1.0
58,FEDXDF9,F,FR,PR,2.0,SUC,29,1.0740740740740742,0,27,1.424572408436048,0,0.0,0,0.0,0.0,0.0,0.0,2.0,1.0,1.0,0.0,0.0,0.0,0.0,0.0,0.0,1.0,0.0,1.0,3.0,1.0,2.0,3.0,2.0,3.0,6.0,1.0,0.0
59,FEDXDF10,F,FR,PR,2.0,SUC,82,1.3898305084745763,0,59,2.922319143666932,0,0.0,0,0.0,0.0,0.0,0.0,1.0,0.0,0.0,0.0,3.0,0.0,1.0,0.0,2.0,2.0,3.0,4.0,4.0,6.0,5.0,3.0,5.0,5.0,6.0,5.0,4.0
60,FEDXDF1,F,FR,PR,3.0,CAS5,183,1.2797202797202798,0,143,7.329365870326604,0,0.0,0,0.0,0.0,0.0,0.0,0.0,8.0,15.0,8.0,2.0,0.0,4.0,1.0,6.0,11.0,14.0,11.0,13.0,11.0,10.0,9.0,10.0,4.0,0.0,0.0,6.0
61,FEDXDF2,F,FR,PR,3.0,CAS5,107,1.3717948717948718,0,78,4.265662028316218,0,0.0,0,0.0,0.0,0.0,0.0,0.0,2.0,7.0,2.0,0.0,2.0,2.0,2.0,4.0,5.0,9.0,7.0,2.0,7.0,7.0,7.0,7.0,0.0,0.0,6.0,0.0
62,FEDXDF3,F,FR,PR,3.0,CAS5,112,1.6231884057971016,0,69,4.130774603385771,0,0.0,0,0.0,0.0,0.0,0.0,0.0,3.0,6.0,4.0,0.0,0.0,2.0,2.0,5.0,6.0,5.0,5.0,5.0,2.0,2.0,7.0,6.0,8.0,1.0,0.0,0.0
63,FEDXDF4,F,FR,PR,3.0,CAS5,122,1.4186046511627908,0,86,5.405877320109655,0,0.0,0,0.0,0.0,0.0,0.0,0.0,4.0,7.0,0.0,4.0,0.0,1.0,4.0,3.0,9.0,12.0,8.0,6.0,0.0,5.0,8.0,10.0,5.0,0.0,0.0,0.0
64,FEDXDF5,F,FR,PR,3.0,CAS5,105,1.6935483870967742,0,62,3.20795665234201,0,0.0,0,0.0,0.0,0.0,0.0,0.0,3.0,6.0,4.0,2.0,0.0,0.0,1.0,3.0,4.0,7.0,5.0,6.0,1.0,0.0,0.0,5.0,5.0,5.0,2.0,3.0
65,FEDXDF6,F,FR,PR,3.0,CAS5,190,1.5573770491803278,0,122,6.056009817575114,0,0.0,0,0.0,0.0,0.0,0.0,2.0,9.0,8.0,6.0,0.0,0.0,4.0,2.0,5.0,8.0,10.0,6.0,5.0,6.0,11.0,8.0,7.0,8.0,6.0,5.0,6.0
66,FEDXDF7,F,FR,PR,3.0,CAS5,164,1.2058823529411764,0,136,7.212515836304175,0,0.0,0,0.0,0.0,0.0,0.0,3.0,15.0,11.0,5.0,1.0,0.0,4.0,2.0,6.0,11.0,10.0,9.0,3.0,1.0,10.0,12.0,12.0,9.0,7.0,5.0,0.0
67,FEDXDF8,F,FR,PR,3.0,CAS5,132,1.4042553191489362,0,94,4.718743899378084,0,0.0,0,0.0,0.0,0.0,0.0,0.0,6.0,8.0,1.0,0.0,0.0,2.0,2.0,1.0,6.0,6.0,6.0,6.0,9.0,8.0,4.0,7.0,7.0,6.0,5.0,4.0
68,FEDXDF9,F,FR,PR,3.0,CAS5,154,1.3162393162393162,0,117,6.568625922056048,0,0.0,0,0.0,0.0,0.0,0.0,2.0,10.0,6.0,0.0,5.0,1.0,2.0,7.0,1.0,10.0,10.0,7.0,8.0,11.0,1.0,10.0,8.0,9.0,9.0,0.0,0.0
69,FEDXDF10,F,FR,PR,3.0,CAS5,91,1.338235294117647,0,68,3.421240199572345,0,0.0,0,0.0,0.0,0.0,0.0,0.0,4.0,4.0,1.0,0.0,0.0,1.0,0.0,3.0,7.0,3.0,6.0,4.0,4.0,3.0,2.0,3.0,2.0,7.0,5.0,9.0
70,FEDXDF1,F,FR,PR,3.0,SUC,19,1.1875,0,16,0.8465484046383797,0,0.0,0,0.0,0.0,0.0,0.0,0.0,1.0,4.0,1.0,0.0,0.0,0.0,0.0,1.0,1.0,1.0,0.0,0.0,0.0,2.0,4.0,0.0,0.0,0.0,0.0,1.0
71,FEDXDF2,F,FR,PR,3.0,SUC,28,1.0,0,28,1.577835172575722,0,0.0,0,0.0,0.0,0.0,0.0,0.0,2.0,2.0,0.0,0.0,1.0,1.0,1.0,0.0,1.0,3.0,2.0,1.0,4.0,4.0,3.0,2.0,0.0,0.0,1.0,0.0
72,FEDXDF3,F,FR,PR,3.0,SUC,30,1.0714285714285714,0,28,1.669841795742566,0,0.0,0,0.0,0.0,0.0,0.0,0.0,4.0,4.0,0.0,0.0,0.0,1.0,1.0,2.0,2.0,1.0,3.0,0.0,0.0,2.0,2.0,4.0,1.0,1.0,0.0,0.0
73,FEDXDF4,F,FR,PR,3.0,SUC,22,1.0476190476190477,0,21,1.3831967213114753,0,0.0,0,0.0,0.0,0.0,0.0,0.0,4.0,3.0,0.0,0.0,0.0,1.0,0.0,0.0,2.0,1.0,2.0,2.0,0.0,2.0,3.0,1.0,0.0,0.0,0.0,0.0
74,FEDXDF5,F,FR,PR,3.0,SUC,34,1.1724137931034482,0,29,1.5120792538091652,0,0.0,0,0.0,0.0,0.0,0.0,0.0,1.0,4.0,1.0,0.0,0.0,0.0,0.0,1.0,2.0,1.0,1.0,1.0,4.0,0.0,0.0,4.0,2.0,2.0,2.0,3.0
75,FEDXDF6,F,FR,PR,3.0,SUC,31,1.1923076923076923,0,26,1.3147544667940219,0,0.0,0,0.0,0.0,0.0,0.0,0.0,2.0,2.0,0.0,0.0,0.0,1.0,0.0,0.0,1.0,0.0,0.0,6.0,5.0,0.0,2.0,2.0,1.0,1.0,1.0,2.0
76,FEDXDF7,F,FR,PR,3.0,SUC,18,1.0,0,18,0.9721117928561785,0,0.0,0,0.0,0.0,0.0,0.0,0.0,4.0,1.0,1.0,0.0,0.0,1.0,0.0,0.0,1.0,2.0,1.0,0.0,0.0,0.0,0.0,2.0,1.0,1.0,3.0,0.0
77,FEDXDF8,F,FR,PR,3.0,SUC,25,1.0869565217391304,0,23,1.1757021554539515,0,0.0,0,0.0,0.0,0.0,0.0,1.0,3.0,1.0,1.0,0.0,0.0,1.0,0.0,0.0,1.0,1.0,1.0,5.0,1.0,0.0,2.0,2.0,1.0,0.0,1.0,1.0
78,FEDXDF9,F,FR,PR,3.0,SUC,20,1.0526315789473684,0,19,1.0672491808394446,0,0.0,0,0.0,0.0,0.0,0.0,0.0,4.0,0.0,0.0,0.0,0.0,0.0,0.0,0.0,1.0,1.0,2.0,2.0,0.0,0.0,2.0,2.0,3.0,2.0,0.0,0.0
79,FEDXDF10,F,FR,PR,3.0,SUC,61,1.0892857142857142,0,56,2.9067420266451354,0,0.0,0,0.0,0.0,0.0,0.0,0.0,2.0,6.0,0.0,0.0,0.0,2.0,0.0,2.0,2.0,3.0,3.0,4.0,5.0,6.0,5.0,4.0,4.0,2.0,3.0,3.0
80,FEDXDF1,F,CE,PR,4.0,CAS5,64,1.0491803278688525,0,61,3.251888049755664,0,0.0,0,0.0,0.0,0.0,0.0,0.0,3.0,4.0,3.0,0.0,0.0,0.0,3.0,1.0,6.0,5.0,4.0,4.0,5.0,3.0,4.0,4.0,3.0,3.0,4.0,2.0
81,FEDXDF2,F,CE,PR,4.0,CAS5,65,1.1206896551724137,0,58,3.0971416704985395,0,0.0,0,0.0,0.0,0.0,0.0,0.0,1.0,5.0,1.0,0.0,2.0,2.0,3.0,5.0,5.0,7.0,4.0,3.0,3.0,2.0,3.0,3.0,2.0,2.0,3.0,2.0
82,FEDXDF3,F,CE,PR,4.0,CAS5,56,1.0980392156862746,0,51,2.733851514339319,0,0.0,0,0.0,0.0,0.0,0.0,0.0,1.0,7.0,5.0,0.0,0.0,0.0,0.0,4.0,5.0,4.0,4.0,4.0,3.0,2.0,2.0,2.0,2.0,3.0,1.0,2.0
83,FEDXDF4,F,CE,PR,4.0,CAS5,64,1.1851851851851851,0,54,3.2485002423006866,0,0.0,0,0.0,0.0,0.0,0.0,0.0,2.0,3.0,0.0,0.0,1.0,1.0,5.0,2.0,3.0,6.0,3.0,5.0,5.0,0.0,7.0,6.0,2.0,3.0,0.0,0.0
84,FEDXDF5,F,CE,PR,4.0,CAS5,50,1.0869565217391304,0,46,2.4816424396823016,0,0.0,0,0.0,0.0,0.0,0.0,0.0,0.0,5.0,4.0,1.0,0.0,0.0,1.0,1.0,3.0,5.0,4.0,5.0,4.0,4.0,2.0,2.0,3.0,0.0,1.0,1.0
85,FEDXDF6,F,CE,PR,4.0,CAS5,55,1.0576923076923077,0,52,2.7577672691916737,0,0.0,0,0.0,0.0,0.0,0.0,0.0,5.0,4.0,0.0,0.0,1.0,1.0,3.0,4.0,6.0,4.0,4.0,4.0,3.0,3.0,3.0,3.0,1.0,1.0,1.0,1.0
86,FEDXDF7,F,CE,PR,4.0,CAS5,67,1.046875,0,64,3.322422022582087,0,0.0,0,0.0,0.0,0.0,0.0,0.0,7.0,4.0,3.0,0.0,0.0,2.0,3.0,4.0,4.0,3.0,3.0,3.0,3.0,3.0,1.0,9.0,3.0,3.0,4.0,2.0
87,FEDXDF8,F,CE,PR,4.0,CAS5,58,1.0545454545454545,0,55,2.8761929664008363,0,0.0,0,0.0,0.0,0.0,0.0,0.0,4.0,6.0,3.0,0.0,0.0,0.0,2.0,2.0,6.0,5.0,5.0,4.0,4.0,3.0,3.0,2.0,2.0,1.0,2.0,1.0
88,FEDXDF9,F,CE,PR,4.0,CAS5,73,1.042857142857143,0,70,3.6032944406314344,0,0.0,0,0.0,0.0,0.0,0.0,0.0,4.0,4.0,0.0,3.0,1.0,1.0,4.0,2.0,4.0,6.0,7.0,4.0,4.0,3.0,2.0,1.0,5.0,8.0,4.0,3.0
89,FEDXDF10,F,CE,PR,4.0,CAS5,46,1.0,0,46,2.3908178733848264,0,0.0,0,0.0,0.0,0.0,0.0,0.0,2.0,5.0,0.0,0.0,0.0,4.0,0.0,4.0,5.0,2.0,2.0,4.0,2.0,3.0,2.0,2.0,2.0,3.0,2.0,2.0
90,FEDXDF1,F,CE,PR,4.0,SUC,32,1.0,0,32,1.7244476378659959,0,0.0,0,0.0,0.0,0.0,0.0,0.0,0.0,3.0,1.0,0.0,0.0,0.0,1.0,0.0,2.0,2.0,5.0,3.0,2.0,3.0,2.0,3.0,1.0,1.0,1.0,2.0
91,FEDXDF2,F,CE,PR,4.0,SUC,40,1.0,0,40,2.1397684889371,0,0.0,0,0.0,0.0,0.0,0.0,0.0,1.0,2.0,0.0,0.0,0.0,0.0,2.0,2.0,2.0,4.0,4.0,4.0,2.0,4.0,3.0,2.0,2.0,2.0,2.0,2.0
92,FEDXDF3,F,CE,PR,4.0,SUC,43,1.0,0,43,2.3242545268910844,0,0.0,0,0.0,0.0,0.0,0.0,0.0,2.0,1.0,3.0,1.0,0.0,0.0,0.0,4.0,4.0,4.0,5.0,2.0,2.0,3.0,2.0,2.0,3.0,2.0,2.0,1.0
93,FEDXDF4,F,CE,PR,4.0,SUC,33,1.03125,0,32,1.9811174740752202,0,0.0,0,0.0,0.0,0.0,0.0,0.0,1.0,1.0,0.0,0.0,1.0,0.0,2.0,0.0,4.0,3.0,2.0,2.0,6.0,0.0,3.0,3.0,4.0,0.0,0.0,0.0
94,FEDXDF5,F,CE,PR,4.0,SUC,43,1.0238095238095237,0,42,2.219123798341528,0,0.0,0,0.0,0.0,0.0,0.0,0.0,1.0,3.0,3.0,0.0,0.0,0.0,0.0,1.0,2.0,7.0,3.0,3.0,3.0,3.0,3.0,4.0,2.0,1.0,1.0,2.0
95,FEDXDF6,F,CE,PR,4.0,SUC,37,1.0277777777777777,0,36,1.9018548955153793,0,0.0,0,0.0,0.0,0.0,0.0,0.0,2.0,3.0,1.0,0.0,1.0,0.0,1.0,2.0,3.0,4.0,4.0,4.0,1.0,3.0,3.0,0.0,1.0,1.0,1.0,1.0
96,FEDXDF7,F,CE,PR,4.0,SUC,43,1.0238095238095237,0,42,2.1660339517226563,0,0.0,0,0.0,0.0,0.0,0.0,0.0,5.0,1.0,1.0,0.0,0.0,1.0,1.0,4.0,2.0,4.0,2.0,4.0,3.0,1.0,1.0,5.0,2.0,2.0,2.0,1.0
97,FEDXDF8,F,CE,PR,4.0,SUC,37,1.0,0,37,1.9009833164452181,0,0.0,0,0.0,0.0,0.0,0.0,0.0,2.0,2.0,2.0,0.0,0.0,0.0,1.0,0.0,2.0,3.0,2.0,4.0,3.0,2.0,3.0,2.0,3.0,3.0,1.0,2.0
98,FEDXDF9,F,CE,PR,4.0,SUC,43,1.0,0,43,2.245202836961724,0,0.0,0,0.0,0.0,0.0,0.0,0.0,2.0,2.0,0.0,1.0,0.0,0.0,1.0,0.0,3.0,2.0,2.0,4.0,6.0,2.0,3.0,3.0,3.0,2.0,3.0,4.0
99,FEDXDF10,F,CE,PR,4.0,SUC,45,1.0,0,45,2.3379997113580604,0,0.0,0,0.0,0.0,0.0,0.0,0.0,3.0,3.0,2.0,0.0,0.0,3.0,0.0,2.0,4.0,4.0,4.0,3.0,2.0,2.0,2.0,3.0,2.0,2.0,2.0,2.0
100,FEDXDF11,F,FF,NR,0.0,MIX,220,5.641025641025641,0,39,2.020463670509001,0,0.0,15,10.0,0.0,0.0,0.0,1.0,7.0,2.0,0.0,4.0,0.0,2.0,0.0,2.0,3.0,3.0,4.0,2.0,2.0,1.0,2.0,0.0,0.0,1.0,2.0,1.0
101,FEDXDF11,F,FR,NR,0.0,MIX,105,3.5,0,30,1.5886558206584098,0,0.0,7,9.571428571428571,0.0,0.0,2.0,0.0,0.0,0.0,0.0,2.0,0.0,0.0,5.0,0.0,2.0,6.0,2.0,3.0,1.0,2.0,0.0,0.0,4.0,1.0,0.0,0.0
102,FEDXDF12,F,FF,NR,0.0,MIX,237,3.2027027027027026,0,74,3.4513136757008858,0,0.0,11,7.363636363636363,0.0,0.0,6.0,7.0,0.0,1.0,0.0,7.0,0.0,2.0,1.0,5.0,5.0,5.0,6.0,5.0,4.0,6.0,1.0,0.0,2.0,5.0,2.0,4.0
103,FEDXDF12,F,FR,NR,0.0,MIX,123,2.2777777777777777,0,54,3.333619137443196,0,0.0,4,7.25,0.0,0.0,0.0,0.0,0.0,0.0,0.0,2.0,0.0,0.0,1.0,0.0,3.0,3.0,6.0,7.0,5.0,3.0,0.0,1.0,6.0,4.0,5.0,8.0
104,FEDXDF13,F,FF,NR,0.0,MIX,237,2.1944444444444446,0,108,5.1215174866627144,0,0.0,3,7.0,0.0,0.0,3.0,11.0,3.0,0.0,1.0,5.0,0.0,7.0,2.0,4.0,6.0,11.0,6.0,4.0,2.0,8.0,8.0,9.0,7.0,5.0,0.0,6.0
105,FEDXDF13,F,FR,NR,0.0,MIX,175,1.6826923076923077,0,104,4.916611950098489,0,0.0,1,6.0,0.0,0.0,2.0,0.0,0.0,0.0,0.0,0.0,2.0,0.0,5.0,0.0,7.0,9.0,9.0,8.0,9.0,8.0,7.0,9.0,8.0,8.0,6.0,7.0
106,FEDXDF14,F,FF,NR,0.0,MIX,1,1.0,0,1,0.0,0,0.0,0,0.0,0.0,0.0,0.0,0.0,0.0,0.0,0.0,0.0,0.0,1.0,0.0,0.0,0.0,0.0,0.0,0.0,0.0,0.0,0.0,0.0,0.0,0.0,0.0,0.0
107,FEDXDF14,F,FF,NR,0.0,MIX,157,2.6166666666666667,0,60,3.979952830188679,0,0.0,4,7.25,0.0,0.0,0.0,0.0,0.0,0.0,0.0,0.0,6.0,1.0,7.0,0.0,10.0,8.0,6.0,6.0,3.0,2.0,0.0,0.0,2.0,4.0,4.0,1.0
108,FEDXDF14,F,FR,NR,0.0,MIX,181,2.180722891566265,0,83,3.8219004617490184,0,0.0,6,7.333333333333333,0.0,0.0,3.0,8.0,0.0,0.0,2.0,1.0,1.0,3.0,7.0,2.0,9.0,6.0,8.0,6.0,4.0,5.0,4.0,0.0,3.0,5.0,5.0,1.0
109,FEDXDF15,F,FF,NR,0.0,MIX,105,3.6206896551724137,0,29,1.3384100611514944,0,0.0,6,7.5,0.0,0.0,1.0,0.0,0.0,0.0,0.0,0.0,0.0,0.0,0.0,0.0,0.0,0.0,0.0,0.0,0.0,0.0,0.0,9.0,8.0,3.0,1.0,7.0
110,FEDXDF15,F,FF,NR,0.0,MIX,264,2.563106796116505,0,103,5.0379750275132125,0,0.0,6,8.5,0.0,0.0,2.0,8.0,2.0,3.0,0.0,0.0,5.0,0.0,1.0,4.0,6.0,6.0,7.0,8.0,10.0,9.0,6.0,0.0,7.0,8.0,9.0,2.0
111,FEDXDF15,F,FR,NR,0.0,MIX,160,2.051282051282051,0,78,3.623927211718397,0,0.0,1,7.0,0.0,0.0,6.0,0.0,1.0,3.0,0.0,0.0,0.0,0.0,2.0,2.0,6.0,5.0,8.0,6.0,6.0,7.0,4.0,1.0,7.0,3.0,4.0,7.0
112,FEDXDF16,F,FF,NR,0.0,MIX,230,1.5862068965517242,0,145,6.882729885815247,0,0.0,1,7.0,0.0,0.0,3.0,11.0,5.0,8.0,0.0,0.0,2.0,4.0,0.0,6.0,7.0,6.0,8.0,11.0,10.0,9.0,11.0,12.0,9.0,8.0,7.0,8.0
113,FEDXDF16,F,FR,NR,0.0,MIX,106,1.7966101694915255,0,59,2.8114204026525833,0,0.0,3,6.0,0.0,0.0,1.0,0.0,0.0,0.0,1.0,0.0,0.0,0.0,5.0,0.0,7.0,3.0,7.0,6.0,7.0,8.0,1.0,0.0,3.0,7.0,0.0,3.0
114,FEDXDF17,F,FF,NR,0.0,MIX,42,2.625,0,16,1.1004967520061137,0,0.0,2,6.0,0.0,0.0,0.0,0.0,0.0,0.0,0.0,0.0,0.0,1.0,0.0,0.0,0.0,0.0,0.0,0.0,0.0,0.0,0.0,0.0,5.0,2.0,3.0,5.0
115,FEDXDF17,F,FF,NR,0.0,MIX,250,2.577319587628866,0,97,4.642012070294845,0,0.0,6,7.166666666666667,0.0,0.0,2.0,8.0,4.0,1.0,0.0,3.0,2.0,0.0,5.0,0.0,2.0,7.0,10.0,8.0,10.0,0.0,3.0,7.0,8.0,5.0,7.0,5.0
116,FEDXDF17,F,FR,NR,0.0,MIX,205,2.7333333333333334,0,75,3.6998972250770814,0,0.0,7,7.0,0.0,0.0,3.0,9.0,0.0,0.0,2.0,0.0,0.0,0.0,3.0,0.0,3.0,8.0,6.0,8.0,5.0,6.0,5.0,5.0,5.0,5.0,2.0,0.0
117,FEDXDF18,F,FF,NR,0.0,MIX,232,1.8709677419354838,0,124,5.866736759101065,0,0.0,2,8.0,0.0,0.0,2.0,10.0,3.0,0.0,4.0,0.0,5.0,3.0,0.0,4.0,5.0,8.0,8.0,11.0,9.0,10.0,8.0,5.0,4.0,8.0,9.0,8.0
118,FEDXDF18,F,FR,NR,0.0,MIX,124,2.5306122448979593,0,49,2.3333333333333335,0,0.0,4,7.25,0.0,0.0,1.0,0.0,0.0,0.0,1.0,0.0,1.0,0.0,0.0,1.0,2.0,4.0,5.0,4.0,1.0,5.0,4.0,4.0,4.0,1.0,6.0,5.0
119,FEDXDF19,F,FF,NR,0.0,MIX,261,2.6363636363636362,0,99,4.700916705137506,0,0.0,7,8.142857142857142,0.0,0.0,6.0,4.0,0.0,4.0,6.0,2.0,0.0,3.0,2.0,3.0,4.0,6.0,6.0,5.0,6.0,8.0,7.0,5.0,5.0,5.0,6.0,6.0
120,FEDXDF19,F,FR,NR,0.0,MIX,118,2.107142857142857,0,56,2.6512361914781697,0,0.0,4,7.0,0.0,0.0,1.0,0.0,0.0,0.0,0.0,0.0,0.0,0.0,1.0,3.0,4.0,5.0,11.0,8.0,4.0,6.0,0.0,1.0,5.0,0.0,0.0,7.0
121,FEDXDF20,F,FF,NR,0.0,MIX,291,2.1555555555555554,0,135,6.635446390781371,0,0.0,7,8.142857142857142,0.0,0.0,0.0,10.0,7.0,0.0,5.0,1.0,0.0,2.0,5.0,4.0,3.0,11.0,10.0,12.0,9.0,11.0,8.0,10.0,6.0,7.0,9.0,5.0
122,FEDXDF20,F,FR,NR,0.0,MIX,77,1.8333333333333333,0,42,2.937348227294803,0,0.0,2,7.5,0.0,0.0,0.0,0.0,0.0,0.0,0.0,2.0,1.0,0.0,0.0,2.0,1.0,0.0,6.0,7.0,5.0,1.0,4.0,1.0,0.0,10.0,2.0,0.0
123,FEDXDF11,F,FR,NR,1.0,CAS20,88,2.3783783783783785,0,37,1.8530111431075496,0,0.0,1,6.0,0.0,0.0,0.0,1.0,0.0,2.0,0.0,0.0,2.0,0.0,2.0,2.0,2.0,5.0,3.0,5.0,1.0,5.0,3.0,2.0,0.0,0.0,1.0,1.0
124,FEDXDF12,F,FR,NR,1.0,CAS20,114,1.78125,0,64,3.012788660198238,0,0.0,2,6.0,0.0,0.0,2.0,7.0,8.0,1.0,0.0,0.0,0.0,4.0,0.0,3.0,4.0,2.0,4.0,3.0,4.0,3.0,3.0,4.0,3.0,4.0,3.0,2.0
125,FEDXDF13,F,FR,NR,1.0,CAS20,100,1.4705882352941178,0,68,3.2151722507519143,0,0.0,0,0.0,0.0,0.0,1.0,3.0,5.0,1.0,0.0,3.0,0.0,0.0,4.0,0.0,5.0,5.0,8.0,4.0,0.0,6.0,8.0,5.0,6.0,0.0,0.0,4.0
126,FEDXDF14,F,FR,NR,1.0,CAS20,92,1.4603174603174602,0,63,2.9429702199442027,0,0.0,0,0.0,0.0,0.0,2.0,3.0,6.0,3.0,2.0,0.0,0.0,3.0,0.0,1.0,5.0,6.0,2.0,5.0,5.0,5.0,5.0,4.0,0.0,1.0,1.0,4.0
127,FEDXDF15,F,FR,NR,1.0,CAS20,113,1.3780487804878048,0,82,3.8710692648640137,0,0.0,0,0.0,0.0,0.0,2.0,4.0,7.0,8.0,3.0,0.0,1.0,1.0,4.0,1.0,6.0,7.0,3.0,4.0,8.0,3.0,7.0,7.0,4.0,1.0,0.0,1.0
128,FEDXDF16,F,FR,NR,1.0,CAS20,133,1.9850746268656716,0,67,3.2227462822174417,0,0.0,1,7.0,0.0,0.0,0.0,6.0,6.0,5.0,0.0,0.0,3.0,0.0,2.0,3.0,5.0,5.0,1.0,2.0,4.0,4.0,3.0,4.0,3.0,3.0,2.0,6.0
129,FEDXDF17,F,FR,NR,1.0,CAS20,71,1.6136363636363635,0,44,2.116967817812467,0,0.0,0,0.0,0.0,0.0,0.0,2.0,3.0,3.0,3.0,2.0,0.0,0.0,0.0,4.0,2.0,2.0,4.0,3.0,0.0,5.0,2.0,3.0,2.0,0.0,2.0,2.0
130,FEDXDF18,F,FR,NR,1.0,CAS20,77,1.375,0,56,2.7006028131279303,0,0.0,0,0.0,0.0,0.0,0.0,4.0,6.0,2.0,0.0,0.0,2.0,0.0,0.0,5.0,1.0,4.0,3.0,2.0,1.0,1.0,7.0,4.0,7.0,1.0,2.0,4.0
131,FEDXDF19,F,FR,NR,1.0,CAS20,123,1.9838709677419355,0,62,3.008248423095585,0,0.0,0,0.0,0.0,0.0,0.0,4.0,6.0,4.0,3.0,2.0,1.0,2.0,0.0,2.0,5.0,5.0,4.0,5.0,3.0,3.0,2.0,2.0,4.0,1.0,0.0,4.0
132,FEDXDF20,F,FR,NR,1.0,CAS20,107,1.671875,0,64,3.1710203969280735,0,0.0,1,6.0,0.0,0.0,0.0,4.0,6.0,5.0,0.0,0.0,0.0,4.0,2.0,1.0,2.0,7.0,4.0,4.0,4.0,5.0,4.0,6.0,4.0,0.0,0.0,2.0
133,FEDXDF11,F,FR,NR,1.0,CAS5,66,1.65,0,40,1.9387933704037807,0,0.0,1,6.0,0.0,0.0,2.0,2.0,5.0,4.0,0.0,0.0,4.0,0.0,2.0,0.0,2.0,3.0,0.0,0.0,0.0,3.0,2.0,4.0,0.0,0.0,5.0,2.0
134,FEDXDF12,F,FR,NR,1.0,CAS5,46,1.1794871794871795,0,39,1.868164036511696,0,0.0,0,0.0,0.0,0.0,1.0,3.0,1.0,1.0,0.0,0.0,0.0,1.0,0.0,1.0,3.0,5.0,3.0,2.0,4.0,1.0,2.0,1.0,3.0,2.0,4.0,1.0
135,FEDXDF13,F,FR,NR,1.0,CAS5,37,1.15625,0,32,1.8269185023074361,0,0.0,0,0.0,0.0,0.0,1.0,3.0,6.0,0.0,0.0,0.0,0.0,0.0,2.0,0.0,1.0,4.0,1.0,3.0,0.0,2.0,3.0,5.0,1.0,0.0,0.0,0.0
136,FEDXDF14,F,FR,NR,1.0,CAS5,87,1.359375,0,64,3.087809585075587,0,0.0,0,0.0,0.0,0.0,1.0,6.0,6.0,6.0,2.0,0.0,0.0,3.0,0.0,4.0,6.0,4.0,3.0,4.0,2.0,3.0,6.0,4.0,2.0,0.0,0.0,2.0
137,FEDXDF15,F,FR,NR,1.0,CAS5,65,1.3829787234042554,0,47,2.2547073011473424,0,0.0,0,0.0,0.0,0.0,1.0,4.0,3.0,4.0,4.0,0.0,1.0,0.0,3.0,2.0,2.0,3.0,2.0,4.0,2.0,3.0,2.0,2.0,4.0,0.0,0.0,1.0
138,FEDXDF16,F,FR,NR,1.0,CAS5,55,1.2222222222222223,0,45,2.1805260182518102,0,0.0,0,0.0,0.0,0.0,0.0,3.0,3.0,3.0,0.0,0.0,3.0,0.0,1.0,1.0,0.0,1.0,4.0,3.0,3.0,2.0,3.0,3.0,3.0,2.0,4.0,3.0
139,FEDXDF17,F,FR,NR,1.0,CAS5,99,1.5714285714285714,0,63,3.170121465412409,0,0.0,0,0.0,0.0,0.0,0.0,2.0,5.0,3.0,5.0,0.0,0.0,0.0,2.0,2.0,3.0,5.0,5.0,4.0,0.0,5.0,4.0,3.0,4.0,7.0,3.0,1.0
140,FEDXDF18,F,FR,NR,1.0,CAS5,95,1.1875,0,80,3.8960511897836883,0,0.0,0,0.0,0.0,0.0,0.0,4.0,5.0,7.0,3.0,0.0,4.0,0.0,0.0,4.0,4.0,4.0,5.0,9.0,2.0,1.0,2.0,7.0,6.0,8.0,3.0,2.0
141,FEDXDF19,F,FR,NR,1.0,CAS5,50,1.3888888888888888,0,36,1.7965316957540305,0,0.0,0,0.0,0.0,0.0,0.0,3.0,2.0,2.0,2.0,0.0,1.0,3.0,0.0,0.0,1.0,2.0,1.0,4.0,2.0,2.0,1.0,5.0,3.0,1.0,0.0,1.0
142,FEDXDF20,F,FR,NR,1.0,CAS5,56,1.2444444444444445,0,45,2.2283049751722808,0,0.0,0,0.0,0.0,0.0,0.0,4.0,6.0,2.0,0.0,0.0,0.0,1.0,0.0,3.0,2.0,1.0,5.0,2.0,5.0,3.0,1.0,5.0,3.0,0.0,0.0,2.0
143,FEDXDF11,F,FR,NR,2.0,CAS20,118,2.36,0,50,2.533534139372528,0,0.0,3,6.333333333333333,0.0,0.0,0.0,3.0,5.0,2.0,0.0,0.0,6.0,0.0,1.0,4.0,3.0,4.0,4.0,4.0,0.0,5.0,4.0,1.0,2.0,0.0,0.0,2.0
144,FEDXDF12,F,FR,NR,2.0,CAS20,148,1.6444444444444444,0,90,4.4123655181805805,0,0.0,2,7.0,0.0,0.0,0.0,7.0,13.0,7.0,0.0,0.0,1.0,0.0,6.0,0.0,2.0,8.0,5.0,7.0,6.0,5.0,5.0,4.0,4.0,4.0,4.0,2.0
145,FEDXDF13,F,FR,NR,2.0,CAS20,97,1.515625,0,64,3.130434782608696,0,0.0,0,0.0,0.0,0.0,0.0,2.0,4.0,4.0,0.0,0.0,1.0,0.0,0.0,3.0,3.0,9.0,1.0,4.0,7.0,7.0,0.0,6.0,3.0,4.0,0.0,6.0
146,FEDXDF14,F,FR,NR,2.0,CAS20,131,1.8714285714285714,0,70,3.4356765010634236,0,0.0,2,8.0,0.0,0.0,0.0,2.0,9.0,7.0,0.0,0.0,7.0,0.0,2.0,3.0,5.0,8.0,5.0,1.0,2.0,3.0,5.0,6.0,1.0,0.0,0.0,4.0
147,FEDXDF15,F,FR,NR,2.0,CAS20,150,1.948051948051948,0,77,3.8266151297625624,0,0.0,0,0.0,0.0,0.0,0.0,3.0,6.0,8.0,3.0,0.0,0.0,2.0,2.0,3.0,4.0,6.0,3.0,7.0,7.0,5.0,1.0,3.0,2.0,3.0,4.0,5.0
148,FEDXDF16,F,FR,NR,2.0,CAS20,126,1.8,0,70,3.386050011421201,0,0.0,1,7.0,0.0,0.0,0.0,5.0,7.0,3.0,0.0,0.0,0.0,5.0,0.0,1.0,4.0,6.0,7.0,3.0,6.0,3.0,3.0,4.0,3.0,2.0,4.0,4.0
149,FEDXDF17,F,FR,NR,2.0,CAS20,146,2.1791044776119404,0,67,3.2088122605363987,0,0.0,1,6.0,0.0,0.0,0.0,5.0,3.0,5.0,0.0,0.0,0.0,0.0,0.0,5.0,4.0,6.0,5.0,5.0,4.0,3.0,4.0,4.0,4.0,4.0,3.0,3.0
150,FEDXDF18,F,FR,NR,2.0,CAS20,96,1.352112676056338,0,71,3.422511448541817,0,0.0,0,0.0,0.0,0.0,0.0,10.0,2.0,0.0,0.0,8.0,0.0,0.0,5.0,0.0,2.0,6.0,10.0,5.0,0.0,5.0,6.0,4.0,1.0,5.0,1.0,1.0
151,FEDXDF19,F,FR,NR,2.0,CAS20,120,2.2222222222222223,0,54,2.6681672820104585,0,0.0,0,0.0,0.0,0.0,0.0,4.0,4.0,2.0,1.0,2.0,0.0,4.0,0.0,2.0,4.0,2.0,3.0,5.0,5.0,6.0,1.0,2.0,4.0,2.0,0.0,1.0
152,FEDXDF20,F,FR,NR,2.0,CAS20,131,1.8450704225352113,0,71,3.3922148933628846,0,0.0,2,6.0,0.0,0.0,0.0,9.0,7.0,2.0,0.0,4.0,1.0,1.0,1.0,5.0,4.0,4.0,7.0,4.0,0.0,3.0,6.0,7.0,3.0,1.0,0.0,2.0
153,FEDXDF11,F,FR,NR,2.0,SUC,30,1.5789473684210527,0,19,0.9609710865716936,0,0.0,0,0.0,0.0,0.0,0.0,1.0,0.0,3.0,0.0,0.0,0.0,0.0,0.0,1.0,0.0,1.0,4.0,1.0,0.0,2.0,2.0,1.0,1.0,0.0,1.0,1.0
154,FEDXDF12,F,FR,NR,2.0,SUC,21,1.2352941176470589,0,17,0.8445922634244628,0,0.0,0,0.0,0.0,0.0,0.0,1.0,1.0,0.0,0.0,0.0,1.0,0.0,0.0,0.0,0.0,0.0,2.0,1.0,1.0,2.0,1.0,2.0,1.0,3.0,0.0,1.0
155,FEDXDF13,F,FR,NR,2.0,SUC,37,1.121212121212121,0,33,1.6378074335502373,0,0.0,0,0.0,0.0,0.0,0.0,1.0,4.0,1.0,0.0,0.0,2.0,0.0,0.0,2.0,3.0,2.0,1.0,1.0,2.0,4.0,0.0,2.0,5.0,2.0,0.0,1.0
156,FEDXDF14,F,FR,NR,2.0,SUC,40,1.0810810810810811,0,37,1.809487583546161,0,0.0,0,0.0,0.0,0.0,0.0,1.0,4.0,3.0,0.0,0.0,3.0,0.0,1.0,1.0,2.0,3.0,3.0,0.0,0.0,3.0,6.0,3.0,0.0,1.0,0.0,3.0
157,FEDXDF15,F,FR,NR,2.0,SUC,50,1.2195121951219512,0,41,2.042228187176578,0,0.0,0,0.0,0.0,0.0,0.0,2.0,3.0,1.0,1.0,0.0,0.0,1.0,0.0,2.0,3.0,6.0,5.0,5.0,2.0,3.0,1.0,2.0,1.0,2.0,0.0,1.0
158,FEDXDF16,F,FR,NR,2.0,SUC,33,1.064516129032258,0,31,1.4991939817302526,0,0.0,0,0.0,0.0,0.0,1.0,3.0,1.0,0.0,0.0,0.0,0.0,2.0,0.0,1.0,2.0,2.0,2.0,1.0,1.0,2.0,1.0,5.0,2.0,3.0,0.0,2.0
159,FEDXDF17,F,FR,NR,2.0,SUC,44,1.2571428571428571,0,35,1.6707330009547046,0,0.0,0,0.0,0.0,0.0,1.0,2.0,4.0,2.0,0.0,2.0,0.0,0.0,0.0,1.0,1.0,2.0,2.0,3.0,2.0,5.0,1.0,1.0,0.0,1.0,1.0,4.0
160,FEDXDF18,F,FR,NR,2.0,SUC,72,1.0909090909090908,0,66,3.151444412022177,0,0.0,0,0.0,0.0,0.0,1.0,4.0,3.0,0.0,0.0,3.0,1.0,0.0,4.0,1.0,3.0,4.0,4.0,6.0,1.0,5.0,4.0,9.0,1.0,6.0,4.0,2.0
161,FEDXDF19,F,FR,NR,2.0,SUC,44,1.2941176470588236,0,34,1.6332194705380016,0,0.0,0,0.0,0.0,0.0,0.0,3.0,0.0,1.0,2.0,0.0,0.0,1.0,0.0,1.0,3.0,1.0,3.0,5.0,3.0,2.0,1.0,3.0,2.0,2.0,0.0,1.0
162,FEDXDF20,F,FR,NR,2.0,SUC,51,1.0851063829787233,0,47,2.251077643552765,0,0.0,0,0.0,0.0,0.0,0.0,3.0,1.0,1.0,0.0,1.0,1.0,0.0,0.0,5.0,1.0,8.0,6.0,3.0,0.0,3.0,5.0,5.0,3.0,0.0,0.0,1.0
163,FEDXDF11,F,FR,NR,3.0,CAS5,122,1.6712328767123288,0,73,3.7467921300256632,0,0.0,1,7.0,0.0,0.0,0.0,0.0,4.0,8.0,0.0,4.0,1.0,3.0,4.0,1.0,7.0,9.0,7.0,4.0,0.0,6.0,7.0,0.0,1.0,4.0,1.0,2.0
164,FEDXDF12,F,FR,NR,3.0,CAS5,130,1.5476190476190477,0,84,4.84693059785222,0,0.0,2,6.0,0.0,0.0,0.0,1.0,10.0,8.0,2.0,1.0,0.0,1.0,4.0,3.0,4.0,7.0,3.0,5.0,8.0,7.0,6.0,4.0,7.0,3.0,0.0,0.0
165,FEDXDF13,F,FR,NR,3.0,CAS5,75,1.271186440677966,0,59,3.0683000115566856,0,0.0,0,0.0,0.0,0.0,0.0,0.0,1.0,4.0,0.0,0.0,0.0,3.0,0.0,2.0,4.0,5.0,7.0,0.0,5.0,4.0,0.0,8.0,7.0,0.0,1.0,8.0
166,FEDXDF14,F,FR,NR,3.0,CAS5,108,1.3670886075949367,0,79,4.1087578375567055,0,0.0,0,0.0,0.0,0.0,0.0,0.0,4.0,6.0,2.0,3.0,0.0,0.0,6.0,3.0,8.0,8.0,11.0,9.0,0.0,0.0,2.0,4.0,6.0,0.0,0.0,7.0
167,FEDXDF15,F,FR,NR,3.0,CAS5,124,1.4588235294117646,0,85,4.430801308968753,0,0.0,0,0.0,0.0,0.0,0.0,0.0,2.0,9.0,8.0,0.0,0.0,0.0,4.0,2.0,6.0,7.0,10.0,4.0,0.0,2.0,8.0,8.0,10.0,1.0,0.0,4.0
168,FEDXDF16,F,FR,NR,3.0,CAS5,121,1.4938271604938271,0,81,4.095735715489635,0,0.0,0,0.0,0.0,0.0,0.0,0.0,10.0,4.0,2.0,0.0,1.0,0.0,3.0,2.0,4.0,7.0,6.0,5.0,2.0,2.0,4.0,8.0,5.0,3.0,8.0,5.0
169,FEDXDF17,F,FR,NR,3.0,CAS5,130,1.4942528735632183,0,87,4.428169492004694,0,0.0,0,0.0,0.0,0.0,0.0,0.0,5.0,5.0,4.0,0.0,0.0,4.0,0.0,2.0,6.0,9.0,7.0,3.0,4.0,9.0,8.0,7.0,8.0,4.0,0.0,2.0
170,FEDXDF18,F,FR,NR,3.0,CAS5,120,1.1650485436893203,0,103,5.217978666516563,0,0.0,0,0.0,0.0,0.0,0.0,0.0,5.0,7.0,1.0,0.0,1.0,3.0,0.0,5.0,8.0,9.0,6.0,8.0,1.0,9.0,8.0,10.0,1.0,10.0,5.0,6.0
171,FEDXDF19,F,FR,NR,3.0,CAS5,123,1.618421052631579,0,76,3.8618431267378996,0,0.0,0,0.0,0.0,0.0,0.0,0.0,6.0,1.0,3.0,3.0,0.0,3.0,2.0,3.0,6.0,7.0,5.0,4.0,5.0,7.0,4.0,7.0,1.0,0.0,5.0,4.0
172,FEDXDF20,F,FR,NR,3.0,CAS5,120,1.4457831325301205,0,83,4.417569745265305,0,0.0,0,0.0,0.0,0.0,0.0,0.0,9.0,7.0,2.0,0.0,0.0,5.0,1.0,3.0,6.0,7.0,5.0,5.0,7.0,6.0,7.0,2.0,0.0,3.0,7.0,1.0
173,FEDXDF11,F,FR,NR,3.0,SUC,9,1.125,0,8,0.41192877065007505,0,0.0,0,0.0,0.0,0.0,0.0,0.0,1.0,1.0,0.0,0.0,0.0,0.0,1.0,1.0,0.0,2.0,0.0,1.0,0.0,0.0,0.0,0.0,0.0,0.0,0.0,1.0
174,FEDXDF12,F,FR,NR,3.0,SUC,46,1.069767441860465,0,43,2.5271818983250074,0,0.0,0,0.0,0.0,0.0,0.0,1.0,2.0,1.0,2.0,0.0,0.0,0.0,1.0,1.0,4.0,4.0,5.0,6.0,5.0,2.0,2.0,3.0,4.0,0.0,0.0,0.0
175,FEDXDF13,F,FR,NR,3.0,SUC,25,1.0416666666666667,0,24,1.2670293733777185,0,0.0,0,0.0,0.0,0.0,0.0,0.0,2.0,3.0,0.0,0.0,0.0,2.0,0.0,1.0,0.0,4.0,2.0,0.0,3.0,2.0,0.0,2.0,2.0,0.0,0.0,1.0
176,FEDXDF14,F,FR,NR,3.0,SUC,21,1.0,0,21,1.1274663326025682,0,0.0,0,0.0,0.0,0.0,0.0,0.0,1.0,5.0,2.0,1.0,0.0,0.0,1.0,1.0,1.0,3.0,1.0,0.0,0.0,0.0,0.0,1.0,3.0,0.0,0.0,1.0
177,FEDXDF15,F,FR,NR,3.0,SUC,26,1.04,0,25,1.29446114459131,0,0.0,0,0.0,0.0,0.0,0.0,0.0,3.0,2.0,3.0,0.0,0.0,1.0,2.0,0.0,3.0,3.0,1.0,2.0,0.0,0.0,2.0,0.0,2.0,0.0,0.0,1.0
178,FEDXDF16,F,FR,NR,3.0,SUC,28,1.037037037037037,0,27,1.36159244680404,0,0.0,0,0.0,0.0,0.0,0.0,0.0,4.0,1.0,0.0,0.0,1.0,0.0,1.0,0.0,1.0,3.0,2.0,1.0,1.0,0.0,3.0,0.0,2.0,3.0,1.0,3.0
179,FEDXDF17,F,FR,NR,3.0,SUC,21,1.105263157894737,0,19,1.1402470535282645,0,0.0,0,0.0,0.0,0.0,0.0,0.0,1.0,3.0,1.0,0.0,0.0,2.0,0.0,0.0,2.0,1.0,1.0,1.0,1.0,1.0,1.0,2.0,1.0,1.0,0.0,0.0
180,FEDXDF18,F,FR,NR,3.0,SUC,49,1.0425531914893618,0,47,2.4179718760717965,0,0.0,0,0.0,0.0,0.0,0.0,0.0,7.0,4.0,1.0,0.0,2.0,1.0,0.0,2.0,4.0,4.0,5.0,4.0,0.0,3.0,2.0,4.0,0.0,2.0,1.0,1.0
181,FEDXDF19,F,FR,NR,3.0,SUC,35,1.1290322580645162,0,31,1.5943312666076173,0,0.0,0,0.0,0.0,0.0,0.0,0.0,5.0,1.0,0.0,1.0,0.0,0.0,0.0,3.0,0.0,3.0,2.0,3.0,4.0,2.0,4.0,0.0,1.0,0.0,1.0,1.0
182,FEDXDF20,F,FR,NR,3.0,SUC,30,1.0714285714285714,0,28,1.6038441343537688,0,0.0,0,0.0,0.0,0.0,0.0,0.0,5.0,4.0,3.0,0.0,0.0,1.0,0.0,2.0,0.0,1.0,2.0,4.0,2.0,1.0,2.0,0.0,0.0,1.0,0.0,0.0
183,FEDXDF11,F,CE,NR,4.0,CAS5,68,1.36,0,50,2.6804860614724806,0,0.0,0,0.0,0.0,0.0,0.0,0.0,0.0,5.0,3.0,0.0,4.0,0.0,1.0,2.0,3.0,7.0,3.0,4.0,0.0,4.0,4.0,4.0,0.0,4.0,0.0,2.0
184,FEDXDF12,F,CE,NR,4.0,CAS5,53,1.1041666666666667,0,48,2.5373704149657867,0,0.0,0,0.0,0.0,0.0,0.0,0.0,2.0,4.0,0.0,0.0,0.0,0.0,2.0,6.0,1.0,7.0,4.0,0.0,5.0,5.0,2.0,3.0,2.0,1.0,2.0,2.0
185,FEDXDF13,F,CE,NR,4.0,CAS5,52,1.1063829787234043,0,47,2.5117273321061693,0,0.0,0,0.0,0.0,0.0,0.0,0.0,0.0,4.0,1.0,0.0,0.0,0.0,5.0,0.0,6.0,7.0,2.0,0.0,6.0,4.0,2.0,0.0,6.0,0.0,0.0,4.0
186,FEDXDF14,F,CE,NR,4.0,CAS5,84,1.2352941176470589,0,68,3.595505617977528,0,0.0,0,0.0,0.0,0.0,0.0,0.0,1.0,8.0,6.0,0.0,0.0,0.0,4.0,4.0,7.0,8.0,2.0,5.0,0.0,3.0,8.0,1.0,1.0,6.0,1.0,3.0
187,FEDXDF15,F,CE,NR,4.0,CAS5,66,1.1,0,60,3.2526691463249353,0,0.0,0,0.0,0.0,0.0,0.0,0.0,0.0,6.0,6.0,5.0,0.0,0.0,2.0,1.0,4.0,7.0,5.0,4.0,4.0,4.0,2.0,3.0,2.0,2.0,1.0,2.0
188,FEDXDF16,F,CE,NR,4.0,CAS5,75,1.1363636363636365,0,66,3.3936069928871375,0,0.0,0,0.0,0.0,0.0,0.0,0.0,3.0,6.0,3.0,0.0,0.0,1.0,1.0,1.0,5.0,5.0,4.0,6.0,3.0,1.0,2.0,3.0,2.0,9.0,6.0,5.0
189,FEDXDF17,F,CE,NR,4.0,CAS5,75,1.171875,0,64,3.526008906845416,0,0.0,0,0.0,0.0,0.0,0.0,0.0,1.0,4.0,5.0,0.0,0.0,0.0,5.0,1.0,7.0,6.0,3.0,1.0,6.0,4.0,0.0,7.0,6.0,4.0,3.0,1.0
190,FEDXDF18,F,CE,NR,4.0,CAS5,80,1.0256410256410255,0,78,4.099449610931865,0,0.0,0,0.0,0.0,0.0,0.0,0.0,4.0,7.0,2.0,0.0,0.0,1.0,3.0,4.0,5.0,4.0,5.0,6.0,5.0,4.0,3.0,9.0,7.0,4.0,4.0,1.0
191,FEDXDF19,F,CE,NR,4.0,CAS5,79,1.161764705882353,0,68,3.644701188101122,0,0.0,0,0.0,0.0,0.0,0.0,0.0,0.0,4.0,5.0,0.0,0.0,3.0,2.0,1.0,5.0,7.0,7.0,5.0,5.0,1.0,2.0,4.0,9.0,7.0,0.0,1.0
192,FEDXDF20,F,CE,NR,4.0,CAS5,63,1.105263157894737,0,57,2.8749964973239557,0,0.0,0,0.0,0.0,0.0,0.0,1.0,3.0,6.0,4.0,1.0,0.0,0.0,1.0,7.0,4.0,5.0,4.0,4.0,2.0,3.0,2.0,2.0,2.0,2.0,2.0,2.0
193,FEDXDF11,F,CE,NR,4.0,SUC,30,1.0,0,30,1.6000948204338035,0,0.0,0,0.0,0.0,0.0,0.0,0.0,0.0,3.0,1.0,0.0,2.0,0.0,0.0,0.0,2.0,4.0,3.0,2.0,0.0,3.0,3.0,3.0,0.0,3.0,0.0,1.0
194,FEDXDF12,F,CE,NR,4.0,SUC,39,1.0,0,39,2.1117862944467842,0,0.0,0,0.0,0.0,0.0,0.0,0.0,0.0,5.0,1.0,0.0,0.0,0.0,1.0,2.0,2.0,5.0,2.0,0.0,3.0,4.0,3.0,3.0,2.0,3.0,1.0,2.0
195,FEDXDF13,F,CE,NR,4.0,SUC,30,1.0,0,30,1.5989340439706863,0,0.0,0,0.0,0.0,0.0,0.0,0.0,0.0,2.0,1.0,0.0,0.0,0.0,2.0,0.0,2.0,3.0,3.0,0.0,3.0,4.0,2.0,0.0,4.0,1.0,0.0,3.0
196,FEDXDF14,F,CE,NR,4.0,SUC,32,1.0,0,32,1.6916547966930497,0,0.0,0,0.0,0.0,0.0,0.0,0.0,0.0,3.0,4.0,0.0,0.0,0.0,3.0,1.0,2.0,7.0,2.0,1.0,0.0,0.0,3.0,0.0,0.0,4.0,0.0,2.0
197,FEDXDF15,F,CE,NR,4.0,SUC,50,1.0416666666666667,0,48,2.587794833395732,0,0.0,0,0.0,0.0,0.0,0.0,0.0,0.0,3.0,3.0,3.0,0.0,0.0,2.0,2.0,3.0,4.0,4.0,4.0,2.0,3.0,3.0,2.0,3.0,3.0,2.0,2.0
198,FEDXDF16,F,CE,NR,4.0,SUC,47,1.0,0,47,2.439657409810537,0,0.0,0,0.0,0.0,0.0,0.0,0.0,2.0,3.0,2.0,0.0,0.0,0.0,0.0,0.0,4.0,4.0,5.0,2.0,2.0,6.0,5.0,4.0,2.0,2.0,2.0,2.0
199,FEDXDF17,F,CE,NR,4.0,SUC,54,1.0588235294117647,0,51,2.6853097759316675,0,0.0,0,0.0,0.0,0.0,0.0,0.0,1.0,3.0,2.0,1.0,0.0,0.0,2.0,1.0,2.0,7.0,4.0,2.0,4.0,2.0,0.0,5.0,5.0,4.0,4.0,2.0
200,FEDXDF18,F,CE,NR,4.0,SUC,51,1.0,0,51,2.7080844285145362,0,0.0,0,0.0,0.0,0.0,0.0,0.0,2.0,4.0,2.0,0.0,0.0,1.0,1.0,0.0,3.0,5.0,6.0,4.0,3.0,1.0,2.0,6.0,3.0,4.0,2.0,2.0
201,FEDXDF19,F,CE,NR,4.0,SUC,47,1.146341463414634,0,41,2.1911138161898966,0,0.0,0,0.0,0.0,0.0,0.0,0.0,0.0,3.0,2.0,0.0,0.0,2.0,1.0,1.0,3.0,3.0,4.0,2.0,4.0,2.0,2.0,5.0,3.0,3.0,0.0,1.0
202,FEDXDF20,F,CE,NR,4.0,SUC,48,1.0212765957446808,0,47,2.4245203261352404,0,0.0,0,0.0,0.0,0.0,0.0,0.0,3.0,3.0,3.0,1.0,0.0,0.0,1.0,3.0,1.0,5.0,5.0,3.0,4.0,2.0,2.0,3.0,2.0,2.0,2.0,2.0
203,FEDXDM1,M,FF,PR,0.0,MIX,237,2.1743119266055047,0,109,5.559018530061767,0,0.0,1,14.0,0.0,0.0,0.0,0.0,6.0,10.0,3.0,3.0,4.0,4.0,0.0,4.0,3.0,7.0,7.0,10.0,11.0,8.0,5.0,12.0,1.0,1.0,1.0,9.0
204,FEDXDM1,M,FR,PR,0.0,MIX,145,2.230769230769231,0,65,3.1337047353760448,0,0.0,5,8.6,0.0,0.0,0.0,1.0,0.0,1.0,0.0,1.0,1.0,0.0,0.0,3.0,5.0,11.0,8.0,7.0,6.0,5.0,4.0,0.0,2.0,5.0,0.0,5.0
205,FEDXDM2,M,FF,PR,0.0,MIX,263,5.36734693877551,0,49,2.7091364243699414,0,0.0,17,9.764705882352942,0.0,0.0,0.0,0.0,0.0,2.0,7.0,1.0,2.0,0.0,1.0,1.0,1.0,7.0,6.0,4.0,3.0,2.0,5.0,2.0,1.0,2.0,0.0,2.0
206,FEDXDM2,M,FR,PR,0.0,MIX,104,3.8518518518518516,0,27,1.3255328723970055,0,0.0,5,13.4,0.0,0.0,0.0,1.0,0.0,0.0,0.0,0.0,0.0,2.0,0.0,0.0,1.0,5.0,7.0,1.0,2.0,3.0,1.0,0.0,0.0,2.0,0.0,2.0
207,FEDXDM3,M,FF,PR,0.0,MIX,277,2.564814814814815,0,108,9.505647645591903,0,0.0,9,7.0,0.0,0.0,0.0,0.0,0.0,0.0,0.0,0.0,0.0,0.0,0.0,0.0,6.0,10.0,12.0,11.0,7.0,12.0,11.0,9.0,1.0,10.0,10.0,9.0
208,FEDXDM3,M,FR,PR,0.0,MIX,178,3.1228070175438596,0,57,2.774172615184945,0,0.0,10,8.9,0.0,0.0,0.0,1.0,0.0,1.0,0.0,0.0,0.0,0.0,0.0,1.0,3.0,2.0,7.0,7.0,9.0,2.0,3.0,4.0,3.0,4.0,3.0,7.0
209,FEDXDM4,M,FF,PR,0.0,MIX,202,2.32183908045977,0,87,4.564732630842552,0,0.0,2,7.0,0.0,0.0,0.0,0.0,5.0,5.0,0.0,0.0,1.0,3.0,0.0,5.0,1.0,7.0,7.0,3.0,6.0,10.0,8.0,9.0,1.0,6.0,4.0,6.0
210,FEDXDM4,M,FR,PR,0.0,MIX,126,3.6,0,35,1.9644527595884005,0,0.0,10,8.3,0.0,0.0,0.0,0.0,0.0,1.0,0.0,0.0,0.0,0.0,0.0,1.0,2.0,4.0,4.0,7.0,3.0,3.0,3.0,0.0,1.0,3.0,0.0,3.0
211,FEDXDM5,M,FF,PR,0.0,MIX,101,3.607142857142857,0,28,5.206611570247934,0,0.0,7,7.142857142857143,16.0,1.0,4.0,0.0,0.0,0.0,0.0,0.0,0.0,0.0,0.0,0.0,0.0,0.0,0.0,0.0,0.0,0.0,0.0,0.0,0.0,0.0,6.0,1.0
212,FEDXDM5,M,FF,PR,0.0,MIX,214,3.292307692307692,0,65,3.1769305962854353,0,0.0,10,7.6,0.0,0.0,0.0,2.0,0.0,3.0,0.0,0.0,3.0,0.0,2.0,1.0,6.0,7.0,3.0,4.0,6.0,4.0,5.0,4.0,0.0,0.0,10.0,5.0
213,FEDXDM5,M,FR,PR,0.0,MIX,118,2.5106382978723403,0,47,2.276212769392203,0,0.0,4,8.75,0.0,0.0,0.0,3.0,0.0,0.0,0.0,2.0,0.0,0.0,0.0,0.0,2.0,1.0,4.0,5.0,7.0,5.0,8.0,2.0,3.0,0.0,1.0,4.0
214,FEDXDM6,M,FF,PR,0.0,MIX,220,4.074074074074074,0,54,2.9754343001454044,0,0.0,16,7.625,0.0,0.0,0.0,0.0,0.0,1.0,0.0,0.0,0.0,0.0,0.0,5.0,1.0,10.0,2.0,5.0,4.0,7.0,3.0,3.0,1.0,2.0,3.0,7.0
215,FEDXDM6,M,FR,PR,0.0,MIX,141,3.0652173913043477,0,46,2.5250445999725537,0,0.0,8,8.875,0.0,0.0,0.0,0.0,0.0,1.0,0.0,0.0,0.0,2.0,0.0,0.0,5.0,9.0,3.0,5.0,4.0,6.0,4.0,0.0,2.0,1.0,2.0,2.0
216,FEDXDM7,M,FF,PR,0.0,MIX,121,2.813953488372093,0,43,5.859862967028807,0,0.0,3,8.333333333333334,0.0,0.0,0.0,0.0,0.0,0.0,0.0,0.0,0.0,0.0,0.0,0.0,0.0,0.0,0.0,0.0,8.0,7.0,0.0,14.0,0.0,0.0,7.0,7.0
217,FEDXDM7,M,FF,PR,0.0,MIX,194,2.3658536585365852,0,82,4.000542078872476,0,0.0,3,7.0,0.0,0.0,0.0,2.0,1.0,4.0,0.0,1.0,0.0,1.0,3.0,2.0,4.0,10.0,3.0,6.0,8.0,4.0,4.0,8.0,3.0,3.0,7.0,8.0
218,FEDXDM7,M,FR,PR,0.0,MIX,144,3.0,0,48,2.2822727632934465,0,0.0,7,8.0,0.0,0.0,1.0,1.0,0.0,3.0,0.0,0.0,1.0,0.0,0.0,0.0,2.0,5.0,6.0,6.0,1.0,6.0,5.0,1.0,0.0,3.0,4.0,3.0
219,FEDXDM8,M,FF,PR,0.0,MIX,240,2.823529411764706,0,85,4.301498495881245,0,0.0,11,7.636363636363637,0.0,0.0,0.0,0.0,3.0,7.0,0.0,3.0,2.0,4.0,0.0,4.0,4.0,6.0,7.0,7.0,9.0,7.0,4.0,7.0,2.0,0.0,4.0,5.0
220,FEDXDM8,M,FR,PR,0.0,MIX,132,2.23728813559322,0,59,2.878633868672494,0,0.0,5,9.2,0.0,0.0,0.0,3.0,0.0,3.0,0.0,0.0,0.0,0.0,3.0,2.0,7.0,6.0,8.0,4.0,5.0,5.0,4.0,0.0,2.0,1.0,1.0,5.0
221,FEDXDM9,M,FF,PR,0.0,MIX,287,2.5398230088495577,0,113,5.945108584456201,0,0.0,8,7.375,0.0,0.0,0.0,0.0,7.0,12.0,1.0,3.0,2.0,2.0,1.0,1.0,8.0,8.0,7.0,9.0,10.0,9.0,8.0,6.0,4.0,6.0,5.0,4.0
222,FEDXDM9,M,FR,PR,0.0,MIX,99,4.5,0,22,1.1786591264230968,0,0.0,9,8.88888888888889,0.0,0.0,0.0,0.0,1.0,0.0,0.0,0.0,0.0,0.0,1.0,0.0,3.0,2.0,0.0,0.0,5.0,2.0,1.0,2.0,3.0,0.0,0.0,2.0
223,FEDXDM10,M,FF,PR,0.0,MIX,210,2.9577464788732395,0,71,5.629088026075275,0,0.0,9,6.555555555555555,0.0,0.0,0.0,0.0,0.0,0.0,0.0,0.0,0.0,0.0,0.0,5.0,3.0,9.0,9.0,8.0,5.0,5.0,6.0,5.0,6.0,1.0,4.0,5.0
224,FEDXDM10,M,FR,PR,0.0,MIX,138,3.45,0,40,1.9770443187434785,0,0.0,9,7.888888888888889,0.0,0.0,0.0,1.0,0.0,0.0,2.0,0.0,0.0,0.0,0.0,1.0,3.0,8.0,3.0,4.0,5.0,3.0,3.0,2.0,2.0,1.0,0.0,2.0
225,FEDXDM1,M,FR,PR,1.0,CAS20,120,1.875,0,64,3.1704095112285335,0,0.0,0,0.0,0.0,0.0,0.0,5.0,6.0,6.0,3.0,4.0,1.0,1.0,1.0,3.0,4.0,4.0,5.0,2.0,1.0,4.0,4.0,1.0,1.0,4.0,1.0,3.0
226,FEDXDM2,M,FR,PR,1.0,CAS20,143,2.508771929824561,0,57,2.806077098746017,0,0.0,4,8.25,0.0,0.0,0.0,3.0,4.0,5.0,8.0,0.0,2.0,0.0,0.0,3.0,2.0,8.0,3.0,1.0,6.0,1.0,2.0,3.0,1.0,1.0,1.0,3.0
227,FEDXDM3,M,FR,PR,1.0,CAS20,174,1.7575757575757576,0,99,4.8942598187311175,0,0.0,2,7.0,0.0,0.0,0.0,5.0,8.0,6.0,4.0,6.0,3.0,0.0,1.0,3.0,1.0,9.0,3.0,5.0,10.0,3.0,9.0,5.0,0.0,6.0,9.0,3.0
228,FEDXDM4,M,FR,PR,1.0,CAS20,126,1.7746478873239437,0,71,3.5054515531783585,0,0.0,3,7.0,0.0,0.0,0.0,3.0,7.0,8.0,3.0,7.0,2.0,0.0,2.0,0.0,2.0,9.0,5.0,1.0,4.0,4.0,2.0,4.0,1.0,1.0,3.0,3.0
229,FEDXDM5,M,FR,PR,1.0,CAS20,86,2.2051282051282053,0,39,2.011663060765406,0,0.0,4,6.25,0.0,0.0,0.0,2.0,3.0,8.0,2.0,0.0,2.0,0.0,1.0,0.0,2.0,3.0,1.0,2.0,1.0,2.0,3.0,2.0,2.0,1.0,1.0,1.0
230,FEDXDM6,M,FR,PR,1.0,CAS20,110,1.8644067796610169,0,59,2.7978660343805575,0,0.0,1,6.0,0.0,0.0,4.0,9.0,5.0,4.0,0.0,2.0,1.0,2.0,1.0,1.0,4.0,1.0,2.0,5.0,1.0,5.0,2.0,0.0,2.0,2.0,2.0,4.0
231,FEDXDM7,M,FR,PR,1.0,CAS20,115,1.6666666666666667,0,69,3.2893691403146352,0,0.0,1,6.0,0.0,0.0,2.0,7.0,5.0,10.0,2.0,0.0,1.0,1.0,0.0,6.0,3.0,4.0,4.0,1.0,0.0,8.0,2.0,5.0,0.0,1.0,6.0,1.0
232,FEDXDM8,M,FR,PR,1.0,CAS20,148,1.783132530120482,0,83,3.945231524882158,0,0.0,2,8.5,0.0,0.0,1.0,7.0,8.0,5.0,0.0,2.0,2.0,0.0,2.0,4.0,2.0,9.0,8.0,4.0,5.0,6.0,4.0,1.0,3.0,1.0,4.0,5.0
233,FEDXDM9,M,FR,PR,1.0,CAS20,150,3.125,0,48,2.3352298066137815,0,0.0,6,7.666666666666667,0.0,0.0,0.0,6.0,3.0,6.0,3.0,1.0,1.0,0.0,1.0,2.0,2.0,2.0,5.0,2.0,3.0,0.0,4.0,3.0,0.0,1.0,1.0,2.0
234,FEDXDM10,M,FR,PR,1.0,CAS20,74,1.8048780487804879,0,41,1.9679475213994293,0,0.0,0,0.0,0.0,0.0,0.0,5.0,3.0,3.0,3.0,0.0,1.0,0.0,0.0,1.0,3.0,3.0,2.0,3.0,0.0,2.0,4.0,2.0,0.0,0.0,2.0,4.0
235,FEDXDM1,M,FR,PR,1.0,CAS5,80,1.4814814814814814,0,54,2.644250387660165,0,0.0,0,0.0,0.0,0.0,0.0,5.0,6.0,3.0,4.0,4.0,0.0,0.0,1.0,0.0,3.0,6.0,1.0,1.0,2.0,4.0,4.0,4.0,0.0,1.0,0.0,5.0
236,FEDXDM2,M,FR,PR,1.0,CAS5,41,1.7083333333333333,0,24,1.1991006744941293,0,0.0,0,0.0,0.0,0.0,0.0,1.0,2.0,5.0,3.0,0.0,1.0,0.0,0.0,3.0,1.0,0.0,0.0,2.0,0.0,1.0,1.0,1.0,0.0,0.0,1.0,2.0
237,FEDXDM3,M,FR,PR,1.0,CAS5,39,1.1818181818181819,0,33,1.6378977554734464,0,0.0,0,0.0,0.0,0.0,0.0,3.0,4.0,3.0,1.0,2.0,2.0,0.0,1.0,1.0,1.0,2.0,1.0,1.0,2.0,0.0,3.0,1.0,0.0,1.0,2.0,2.0
238,FEDXDM4,M,FR,PR,1.0,CAS5,46,1.4375,0,32,1.6649804885099002,0,0.0,0,0.0,0.0,0.0,0.0,2.0,5.0,3.0,2.0,1.0,1.0,0.0,1.0,0.0,0.0,2.0,1.0,0.0,2.0,1.0,2.0,4.0,2.0,0.0,3.0,0.0
239,FEDXDM5,M,FR,PR,1.0,CAS5,107,2.0980392156862746,0,51,2.6042922594646734,0,0.0,1,6.0,0.0,0.0,0.0,1.0,6.0,6.0,3.0,0.0,4.0,0.0,4.0,5.0,3.0,1.0,2.0,1.0,0.0,4.0,2.0,2.0,2.0,1.0,2.0,2.0
240,FEDXDM6,M,FR,PR,1.0,CAS5,99,1.8,0,55,2.661397637001492,0,0.0,2,8.0,0.0,0.0,1.0,4.0,4.0,2.0,0.0,1.0,1.0,0.0,2.0,1.0,4.0,6.0,4.0,4.0,2.0,5.0,3.0,3.0,1.0,1.0,2.0,4.0
241,FEDXDM7,M,FR,PR,1.0,CAS5,69,1.4375,0,48,2.292020373514431,0,0.0,0,0.0,0.0,0.0,1.0,2.0,4.0,3.0,1.0,0.0,3.0,1.0,1.0,6.0,2.0,5.0,3.0,0.0,0.0,5.0,2.0,3.0,0.0,0.0,4.0,2.0
242,FEDXDM8,M,FR,PR,1.0,CAS5,42,1.4482758620689655,0,29,1.703432972196841,0,0.0,0,0.0,0.0,0.0,1.0,1.0,1.0,2.0,0.0,2.0,1.0,0.0,2.0,2.0,5.0,0.0,1.0,1.0,2.0,2.0,5.0,1.0,0.0,0.0,0.0,0.0
243,FEDXDM9,M,FR,PR,1.0,CAS5,62,1.7714285714285714,0,35,1.730151319583665,0,0.0,2,6.5,0.0,0.0,0.0,3.0,4.0,6.0,3.0,2.0,1.0,0.0,1.0,1.0,1.0,2.0,1.0,3.0,0.0,0.0,3.0,3.0,0.0,0.0,0.0,1.0
244,FEDXDM10,M,FR,PR,1.0,CAS5,84,1.8666666666666667,0,45,2.176483233018057,0,0.0,1,6.0,0.0,0.0,0.0,2.0,2.0,5.0,0.0,0.0,2.0,0.0,0.0,3.0,2.0,4.0,4.0,3.0,1.0,5.0,3.0,4.0,1.0,0.0,1.0,3.0
245,FEDXDM1,M,FR,PR,2.0,CAS20,121,1.6133333333333333,0,75,3.716602199677894,0,0.0,1,6.0,0.0,0.0,0.0,5.0,10.0,6.0,7.0,0.0,2.0,0.0,3.0,1.0,3.0,8.0,6.0,6.0,1.0,1.0,6.0,3.0,3.0,0.0,2.0,2.0
246,FEDXDM2,M,FR,PR,2.0,CAS20,157,2.5737704918032787,0,61,3.1289182719708193,0,0.0,9,8.222222222222221,0.0,0.0,0.0,4.0,5.0,6.0,7.0,1.0,0.0,1.0,0.0,0.0,5.0,7.0,8.0,0.0,2.0,0.0,5.0,1.0,4.0,3.0,1.0,1.0
247,FEDXDM3,M,FR,PR,2.0,CAS20,169,1.69,0,100,4.940643656076306,0,0.0,2,6.5,0.0,0.0,0.0,4.0,7.0,4.0,2.0,0.0,5.0,0.0,1.0,3.0,4.0,13.0,6.0,6.0,5.0,4.0,10.0,8.0,0.0,6.0,5.0,7.0
248,FEDXDM4,M,FR,PR,2.0,CAS20,148,1.9473684210526316,0,76,3.7551983969036082,0,0.0,4,6.25,0.0,0.0,0.0,4.0,6.0,5.0,4.0,3.0,1.0,2.0,1.0,4.0,2.0,6.0,8.0,1.0,4.0,2.0,5.0,1.0,7.0,1.0,4.0,5.0
249,FEDXDM5,M,FR,PR,2.0,CAS20,173,3.6041666666666665,0,48,2.4078925366479016,0,0.0,12,8.416666666666666,0.0,0.0,0.0,4.0,7.0,3.0,2.0,0.0,4.0,0.0,2.0,0.0,4.0,2.0,3.0,3.0,0.0,4.0,0.0,3.0,1.0,0.0,2.0,4.0
250,FEDXDM6,M,FR,PR,2.0,CAS20,146,1.5368421052631578,0,95,4.610966550268973,0,0.0,0,0.0,0.0,0.0,0.0,10.0,11.0,2.0,0.0,3.0,0.0,1.0,4.0,0.0,4.0,8.0,7.0,4.0,5.0,9.0,9.0,3.0,2.0,4.0,3.0,6.0
251,FEDXDM7,M,FR,PR,2.0,CAS20,163,1.4684684684684686,0,111,5.398468002323665,0,0.0,0,0.0,0.0,0.0,0.0,7.0,7.0,11.0,7.0,5.0,1.0,7.0,1.0,6.0,7.0,7.0,10.0,7.0,1.0,3.0,6.0,7.0,1.0,0.0,4.0,6.0
252,FEDXDM8,M,FR,PR,2.0,CAS20,178,1.6635514018691588,0,107,5.334071868725334,0,0.0,2,10.0,0.0,0.0,0.0,10.0,9.0,11.0,6.0,0.0,4.0,0.0,4.0,4.0,5.0,6.0,10.0,10.0,5.0,1.0,4.0,9.0,1.0,4.0,0.0,4.0
253,FEDXDM9,M,FR,PR,2.0,CAS20,197,2.3734939759036147,0,83,4.049274301744115,0,0.0,6,8.666666666666666,0.0,0.0,0.0,4.0,10.0,9.0,3.0,0.0,2.0,1.0,0.0,1.0,5.0,7.0,10.0,7.0,2.0,0.0,5.0,5.0,1.0,4.0,0.0,7.0
254,FEDXDM10,M,FR,PR,2.0,CAS20,144,2.2153846153846155,0,65,3.2200800891714483,0,0.0,4,10.25,0.0,0.0,0.0,4.0,8.0,8.0,3.0,2.0,0.0,0.0,6.0,0.0,1.0,5.0,4.0,7.0,2.0,2.0,1.0,1.0,5.0,0.0,2.0,4.0
255,FEDXDM1,M,FR,PR,2.0,SUC,56,1.1428571428571428,0,49,2.387591023523998,0,0.0,0,0.0,0.0,0.0,0.0,3.0,4.0,1.0,3.0,0.0,2.0,0.0,1.0,1.0,2.0,5.0,6.0,2.0,2.0,0.0,5.0,2.0,3.0,0.0,4.0,3.0
256,FEDXDM2,M,FR,PR,2.0,SUC,22,1.5714285714285714,0,14,0.7685855890202058,0,0.0,0,0.0,0.0,0.0,0.0,1.0,2.0,2.0,2.0,1.0,0.0,3.0,0.0,0.0,0.0,0.0,0.0,0.0,0.0,0.0,1.0,0.0,1.0,1.0,0.0,0.0
257,FEDXDM3,M,FR,PR,2.0,SUC,37,1.088235294117647,0,34,1.7198741007194245,0,0.0,0,0.0,0.0,0.0,0.0,4.0,2.0,3.0,4.0,0.0,1.0,0.0,0.0,0.0,1.0,3.0,2.0,3.0,2.0,2.0,1.0,3.0,0.0,2.0,0.0,1.0
258,FEDXDM4,M,FR,PR,2.0,SUC,45,1.3235294117647058,0,34,1.6907712071609133,0,0.0,0,0.0,0.0,0.0,0.0,2.0,3.0,0.0,1.0,1.0,0.0,0.0,0.0,1.0,2.0,5.0,4.0,1.0,2.0,0.0,6.0,0.0,2.0,1.0,1.0,2.0
259,FEDXDM5,M,FR,PR,2.0,SUC,43,1.7916666666666667,0,24,1.1965267487432312,0,0.0,0,0.0,0.0,0.0,0.0,4.0,2.0,3.0,0.0,0.0,2.0,0.0,0.0,1.0,1.0,1.0,3.0,3.0,0.0,2.0,0.0,1.0,0.0,0.0,0.0,1.0
260,FEDXDM6,M,FR,PR,2.0,SUC,54,1.2857142857142858,0,42,2.063853892248263,0,0.0,0,0.0,0.0,0.0,0.0,3.0,5.0,3.0,0.0,3.0,0.0,0.0,3.0,0.0,3.0,1.0,1.0,3.0,3.0,2.0,3.0,2.0,2.0,1.0,1.0,3.0
261,FEDXDM7,M,FR,PR,2.0,SUC,43,1.048780487804878,0,41,2.047241910204308,0,0.0,0,0.0,0.0,0.0,0.0,1.0,4.0,1.0,0.0,0.0,0.0,0.0,0.0,2.0,1.0,5.0,4.0,4.0,3.0,2.0,6.0,3.0,1.0,0.0,1.0,3.0
262,FEDXDM8,M,FR,PR,2.0,SUC,39,1.1818181818181819,0,33,1.7890219110006778,0,0.0,0,0.0,0.0,0.0,0.0,2.0,1.0,2.0,1.0,0.0,3.0,0.0,1.0,2.0,2.0,4.0,4.0,2.0,1.0,1.0,2.0,2.0,0.0,3.0,0.0,0.0
263,FEDXDM9,M,FR,PR,2.0,SUC,13,1.3,0,10,0.5612722170252571,0,0.0,0,0.0,0.0,0.0,0.0,0.0,3.0,1.0,0.0,0.0,0.0,0.0,0.0,0.0,1.0,1.0,2.0,0.0,0.0,0.0,1.0,0.0,0.0,1.0,0.0,0.0
264,FEDXDM10,M,FR,PR,2.0,SUC,45,1.4516129032258065,0,31,1.5536683836836978,0,0.0,0,0.0,0.0,0.0,0.0,2.0,2.0,1.0,0.0,2.0,0.0,0.0,2.0,0.0,4.0,2.0,3.0,2.0,1.0,2.0,0.0,3.0,2.0,0.0,1.0,2.0
265,FEDXDM1,M,FR,PR,3.0,CAS5,148,2.0,0,74,3.6798121417224947,0,0.0,3,6.0,0.0,0.0,0.0,3.0,7.0,3.0,3.0,1.0,4.0,1.0,2.0,3.0,3.0,5.0,5.0,5.0,3.0,5.0,3.0,5.0,2.0,3.0,3.0,5.0
266,FEDXDM2,M,FR,PR,3.0,CAS5,180,1.7475728155339805,0,103,5.107930516716488,0,0.0,4,8.0,0.0,0.0,0.0,2.0,13.0,13.0,8.0,0.0,7.0,0.0,4.0,0.0,6.0,9.0,8.0,4.0,3.0,3.0,10.0,0.0,6.0,1.0,2.0,4.0
267,FEDXDM3,M,FR,PR,3.0,CAS5,191,1.5403225806451613,0,124,6.170006910850034,0,0.0,1,6.0,0.0,0.0,0.0,3.0,9.0,4.0,1.0,3.0,2.0,1.0,2.0,3.0,4.0,12.0,13.0,10.0,3.0,11.0,11.0,10.0,4.0,10.0,0.0,8.0
268,FEDXDM4,M,FR,PR,3.0,CAS5,175,1.9444444444444444,0,90,4.472420076196787,0,0.0,5,6.6,0.0,0.0,0.0,3.0,12.0,3.0,3.0,5.0,2.0,1.0,2.0,4.0,4.0,4.0,8.0,4.0,1.0,3.0,5.0,8.0,6.0,4.0,4.0,4.0
269,FEDXDM5,M,FR,PR,3.0,CAS5,157,3.204081632653061,0,49,2.437844635774403,0,0.0,10,7.1,0.0,0.0,0.0,4.0,9.0,1.0,2.0,0.0,2.0,2.0,1.0,2.0,4.0,4.0,3.0,1.0,2.0,1.0,2.0,3.0,2.0,1.0,1.0,2.0
270,FEDXDM6,M,FR,PR,3.0,CAS5,168,1.5555555555555556,0,108,5.237915611359594,0,0.0,0,0.0,0.0,0.0,0.0,7.0,8.0,7.0,3.0,2.0,2.0,2.0,3.0,1.0,3.0,6.0,10.0,2.0,6.0,8.0,9.0,8.0,1.0,7.0,6.0,7.0
271,FEDXDM7,M,FR,PR,3.0,CAS5,134,1.3267326732673268,0,101,5.655359059306612,0,0.0,0,0.0,0.0,0.0,0.0,5.0,8.0,10.0,7.0,1.0,5.0,2.0,4.0,1.0,4.0,8.0,8.0,3.0,9.0,1.0,10.0,7.0,6.0,2.0,0.0,0.0
272,FEDXDM8,M,FR,PR,3.0,CAS5,179,1.8842105263157896,0,95,4.655721636853712,0,0.0,5,6.4,0.0,0.0,0.0,4.0,8.0,9.0,0.0,2.0,2.0,2.0,3.0,2.0,6.0,6.0,9.0,9.0,4.0,5.0,5.0,6.0,2.0,5.0,2.0,4.0
273,FEDXDM9,M,FR,PR,3.0,CAS5,193,1.8737864077669903,0,103,5.044417538465725,0,0.0,3,8.333333333333334,0.0,0.0,0.0,5.0,9.0,8.0,7.0,1.0,2.0,0.0,1.0,1.0,4.0,5.0,10.0,9.0,3.0,6.0,6.0,7.0,5.0,0.0,6.0,8.0
274,FEDXDM10,M,FR,PR,3.0,CAS5,140,1.9444444444444444,0,72,3.508202046451194,0,0.0,2,6.0,0.0,0.0,0.0,4.0,6.0,7.0,2.0,1.0,0.0,4.0,0.0,1.0,2.0,3.0,7.0,5.0,5.0,4.0,6.0,2.0,0.0,5.0,2.0,6.0
275,FEDXDM1,M,FR,PR,3.0,SUC,32,1.032258064516129,0,31,1.5273025865608323,0,0.0,0,0.0,0.0,0.0,0.0,3.0,4.0,2.0,1.0,0.0,0.0,1.0,1.0,0.0,1.0,3.0,5.0,1.0,0.0,0.0,2.0,1.0,0.0,2.0,0.0,4.0
276,FEDXDM2,M,FR,PR,3.0,SUC,2,1.0,0,2,0.15445671993993348,0,0.0,0,0.0,0.0,0.0,0.0,0.0,0.0,1.0,0.0,0.0,0.0,0.0,0.0,0.0,0.0,0.0,0.0,0.0,0.0,0.0,1.0,0.0,0.0,0.0,0.0,0.0
277,FEDXDM3,M,FR,PR,3.0,SUC,20,1.1764705882352942,0,17,0.9629757839913143,0,0.0,0,0.0,0.0,0.0,0.0,1.0,1.0,1.0,0.0,0.0,0.0,0.0,1.0,0.0,1.0,2.0,2.0,1.0,0.0,2.0,0.0,4.0,0.0,1.0,0.0,0.0
278,FEDXDM4,M,FR,PR,3.0,SUC,21,1.1666666666666667,0,18,0.8943111871704987,0,0.0,0,0.0,0.0,0.0,0.0,1.0,0.0,0.0,0.0,1.0,2.0,0.0,0.0,1.0,1.0,4.0,0.0,0.0,1.0,0.0,1.0,1.0,2.0,2.0,0.0,1.0
279,FEDXDM5,M,FR,PR,3.0,SUC,16,1.1428571428571428,0,14,0.7116030836133623,0,0.0,0,0.0,0.0,0.0,0.0,1.0,1.0,1.0,1.0,0.0,0.0,0.0,0.0,1.0,0.0,1.0,1.0,1.0,0.0,0.0,1.0,1.0,2.0,1.0,0.0,1.0
280,FEDXDM6,M,FR,PR,3.0,SUC,26,1.0833333333333333,0,24,1.2459801277706473,0,0.0,0,0.0,0.0,0.0,0.0,0.0,4.0,0.0,1.0,0.0,0.0,0.0,1.0,0.0,1.0,4.0,2.0,1.0,2.0,0.0,3.0,1.0,0.0,2.0,1.0,1.0
281,FEDXDM7,M,FR,PR,3.0,SUC,18,1.0588235294117647,0,17,0.9666413949962093,0,0.0,0,0.0,0.0,0.0,0.0,1.0,2.0,2.0,0.0,0.0,1.0,0.0,0.0,0.0,1.0,3.0,1.0,0.0,0.0,0.0,3.0,1.0,2.0,0.0,0.0,0.0
282,FEDXDM8,M,FR,PR,3.0,SUC,14,1.0769230769230769,0,13,0.7084254185462142,0,0.0,0,0.0,0.0,0.0,0.0,3.0,1.0,0.0,0.0,0.0,0.0,0.0,1.0,0.0,1.0,3.0,1.0,0.0,0.0,0.0,1.0,0.0,0.0,2.0,0.0,0.0
283,FEDXDM9,M,FR,PR,3.0,SUC,10,1.0,0,10,0.5190685603056737,0,0.0,0,0.0,0.0,0.0,0.0,2.0,0.0,0.0,0.0,0.0,0.0,0.0,0.0,0.0,1.0,2.0,1.0,2.0,0.0,0.0,0.0,1.0,0.0,0.0,1.0,0.0
284,FEDXDM10,M,FR,PR,3.0,SUC,27,1.0384615384615385,0,26,1.4499488800074356,0,0.0,0,0.0,0.0,0.0,0.0,0.0,3.0,1.0,1.0,0.0,1.0,2.0,0.0,1.0,2.0,4.0,3.0,2.0,0.0,1.0,1.0,2.0,1.0,0.0,1.0,0.0
285,FEDXDM1,M,CE,PR,4.0,CAS5,82,1.2058823529411764,0,68,3.5475176071645946,0,0.0,0,0.0,0.0,0.0,0.0,0.0,4.0,6.0,2.0,1.0,1.0,1.0,1.0,3.0,3.0,4.0,7.0,5.0,4.0,5.0,4.0,4.0,5.0,2.0,4.0,2.0
286,FEDXDM2,M,CE,PR,4.0,CAS5,73,1.1774193548387097,0,62,3.2501383347409503,0,0.0,0,0.0,0.0,0.0,0.0,0.0,3.0,5.0,6.0,1.0,0.0,2.0,0.0,5.0,2.0,7.0,3.0,3.0,4.0,3.0,3.0,3.0,3.0,4.0,3.0,2.0
287,FEDXDM3,M,CE,PR,4.0,CAS5,94,1.119047619047619,0,84,4.293624875763169,0,0.0,0,0.0,0.0,0.0,0.0,0.0,5.0,6.0,1.0,4.0,3.0,3.0,0.0,8.0,4.0,9.0,5.0,7.0,5.0,5.0,4.0,3.0,4.0,2.0,3.0,3.0
288,FEDXDM4,M,CE,PR,4.0,CAS5,87,1.2083333333333333,0,72,3.7159692056255644,0,0.0,0,0.0,0.0,0.0,0.0,0.0,5.0,5.0,1.0,3.0,1.0,1.0,1.0,3.0,3.0,6.0,7.0,5.0,6.0,4.0,3.0,4.0,3.0,4.0,3.0,4.0
289,FEDXDM5,M,CE,PR,4.0,CAS5,71,1.290909090909091,0,55,2.857596443879981,0,0.0,0,0.0,0.0,0.0,0.0,0.0,3.0,5.0,1.0,0.0,2.0,2.0,2.0,2.0,5.0,3.0,4.0,3.0,4.0,4.0,2.0,4.0,2.0,1.0,3.0,3.0
290,FEDXDM6,M,CE,PR,4.0,CAS5,73,1.1587301587301588,0,63,3.335245069925442,0,0.0,0,0.0,0.0,0.0,0.0,5.0,7.0,2.0,3.0,2.0,0.0,1.0,6.0,0.0,2.0,7.0,4.0,2.0,5.0,5.0,4.0,2.0,3.0,2.0,1.0,0.0
291,FEDXDM7,M,CE,PR,4.0,CAS5,71,1.0441176470588236,0,68,3.45435816388446,0,0.0,0,0.0,0.0,0.0,0.0,2.0,4.0,5.0,4.0,2.0,0.0,4.0,2.0,2.0,3.0,8.0,4.0,3.0,4.0,4.0,4.0,5.0,2.0,2.0,3.0,1.0
292,FEDXDM8,M,CE,PR,4.0,CAS5,83,1.1066666666666667,0,75,3.718291238604126,0,0.0,0,0.0,0.0,0.0,0.0,4.0,7.0,5.0,4.0,1.0,0.0,3.0,5.0,4.0,4.0,4.0,4.0,4.0,5.0,4.0,4.0,4.0,3.0,3.0,2.0,1.0
293,FEDXDM9,M,CE,PR,4.0,CAS5,79,1.2153846153846153,0,65,3.2013571565381564,0,0.0,0,0.0,0.0,0.0,0.0,2.0,5.0,6.0,3.0,2.0,1.0,0.0,3.0,2.0,4.0,6.0,5.0,3.0,5.0,2.0,4.0,2.0,2.0,2.0,3.0,3.0
294,FEDXDM10,M,CE,PR,4.0,CAS5,62,1.1272727272727272,0,55,2.742496225604942,0,0.0,0,0.0,0.0,0.0,0.0,2.0,5.0,5.0,0.0,0.0,0.0,3.0,0.0,4.0,6.0,3.0,4.0,4.0,3.0,2.0,2.0,3.0,3.0,2.0,2.0,2.0
295,FEDXDM1,M,CE,PR,4.0,SUC,62,1.087719298245614,0,57,2.89613707253045,0,0.0,0,0.0,0.0,0.0,0.0,0.0,1.0,4.0,1.0,0.0,2.0,0.0,1.0,3.0,1.0,5.0,4.0,4.0,4.0,6.0,5.0,5.0,3.0,2.0,3.0,3.0
296,FEDXDM2,M,CE,PR,4.0,SUC,50,1.0204081632653061,0,49,2.6956402145509557,0,0.0,0,0.0,0.0,0.0,0.0,0.0,0.0,2.0,2.0,1.0,0.0,0.0,0.0,2.0,1.0,4.0,2.0,5.0,4.0,3.0,5.0,5.0,3.0,3.0,4.0,3.0
297,FEDXDM3,M,CE,PR,4.0,SUC,49,1.0,0,49,2.5353570196619524,0,0.0,0,0.0,0.0,0.0,0.0,0.0,3.0,2.0,0.0,1.0,1.0,2.0,0.0,2.0,0.0,5.0,3.0,5.0,4.0,3.0,4.0,3.0,3.0,2.0,3.0,3.0
298,FEDXDM4,M,CE,PR,4.0,SUC,41,1.0789473684210527,0,38,2.0579165099661525,0,0.0,0,0.0,0.0,0.0,0.0,0.0,3.0,1.0,1.0,1.0,1.0,0.0,1.0,1.0,1.0,2.0,4.0,2.0,3.0,3.0,3.0,3.0,3.0,3.0,2.0,0.0
299,FEDXDM5,M,CE,PR,4.0,SUC,46,1.069767441860465,0,43,2.2307082642841705,0,0.0,0,0.0,0.0,0.0,0.0,0.0,1.0,2.0,2.0,0.0,1.0,0.0,0.0,2.0,1.0,4.0,3.0,3.0,4.0,3.0,4.0,3.0,4.0,2.0,2.0,2.0
300,FEDXDM6,M,CE,PR,4.0,SUC,50,1.0,0,50,2.7194440247771565,0,0.0,0,0.0,0.0,0.0,0.0,2.0,2.0,2.0,2.0,2.0,0.0,2.0,2.0,1.0,1.0,4.0,5.0,4.0,4.0,3.0,4.0,3.0,3.0,3.0,1.0,0.0
301,FEDXDM7,M,CE,PR,4.0,SUC,37,1.0,0,37,1.8724959583889786,0,0.0,0,0.0,0.0,0.0,0.0,1.0,2.0,2.0,1.0,0.0,0.0,0.0,1.0,1.0,2.0,2.0,4.0,3.0,4.0,2.0,3.0,2.0,2.0,2.0,2.0,1.0
302,FEDXDM8,M,CE,PR,4.0,SUC,58,1.0175438596491229,0,57,2.923201846232745,0,0.0,0,0.0,0.0,0.0,0.0,1.0,3.0,3.0,2.0,2.0,0.0,2.0,2.0,3.0,4.0,4.0,3.0,3.0,3.0,3.0,3.0,4.0,3.0,3.0,3.0,3.0
303,FEDXDM9,M,CE,PR,4.0,SUC,36,1.0,0,36,1.8078087293727072,0,0.0,0,0.0,0.0,0.0,0.0,1.0,2.0,1.0,0.0,1.0,0.0,0.0,0.0,0.0,3.0,2.0,2.0,3.0,2.0,6.0,3.0,3.0,1.0,3.0,1.0,2.0
304,FEDXDM10,M,CE,PR,4.0,SUC,41,1.0512820512820513,0,39,2.006115508816049,0,0.0,0,0.0,0.0,0.0,0.0,0.0,2.0,3.0,1.0,0.0,0.0,2.0,0.0,2.0,0.0,5.0,3.0,4.0,2.0,3.0,3.0,2.0,2.0,2.0,1.0,2.0
305,FEDXDM11,M,FF,NR,0.0,MIX,238,2.2037037037037037,0,108,5.700963357233976,0,0.0,1,8.0,0.0,0.0,0.0,0.0,3.0,14.0,9.0,0.0,4.0,0.0,0.0,3.0,5.0,10.0,6.0,4.0,5.0,7.0,10.0,7.0,8.0,0.0,5.0,8.0
306,FEDXDM11,M,FR,NR,0.0,MIX,140,2.9166666666666665,0,48,2.373137403007622,0,0.0,9,8.666666666666666,0.0,0.0,0.0,1.0,0.0,0.0,0.0,0.0,0.0,0.0,1.0,0.0,2.0,2.0,2.0,8.0,6.0,5.0,4.0,3.0,5.0,2.0,3.0,4.0
307,FEDXDM12,M,FF,NR,0.0,MIX,226,2.3789473684210525,0,95,4.921429804869626,0,0.0,5,6.8,0.0,0.0,0.0,0.0,5.0,12.0,9.0,0.0,6.0,0.0,0.0,4.0,4.0,8.0,10.0,3.0,9.0,6.0,4.0,0.0,7.0,0.0,3.0,5.0
308,FEDXDM12,M,FR,NR,0.0,MIX,118,2.5106382978723403,0,47,2.3240800516462237,0,0.0,6,6.5,0.0,0.0,0.0,1.0,0.0,1.0,0.0,0.0,1.0,0.0,0.0,1.0,3.0,9.0,3.0,4.0,6.0,1.0,8.0,2.0,1.0,2.0,3.0,1.0
309,FEDXDM13,M,FF,NR,0.0,MIX,223,2.372340425531915,0,94,5.033991342248933,0,0.0,3,7.666666666666667,0.0,0.0,0.0,0.0,0.0,5.0,1.0,3.0,0.0,3.0,0.0,2.0,5.0,8.0,9.0,11.0,10.0,7.0,7.0,7.0,3.0,0.0,5.0,8.0
310,FEDXDM13,M,FR,NR,0.0,MIX,151,2.5166666666666666,0,60,2.9613786862995104,0,0.0,6,8.666666666666666,0.0,0.0,0.0,1.0,1.0,0.0,0.0,0.0,0.0,0.0,0.0,0.0,3.0,4.0,6.0,8.0,8.0,7.0,6.0,3.0,5.0,0.0,3.0,5.0
311,FEDXDM14,M,FF,NR,0.0,MIX,289,2.8333333333333335,0,102,5.861413954379301,0,0.0,13,7.3076923076923075,0.0,0.0,0.0,0.0,0.0,0.0,13.0,13.0,0.0,5.0,5.0,1.0,7.0,8.0,9.0,12.0,10.0,0.0,0.0,12.0,0.0,0.0,3.0,4.0
312,FEDXDM14,M,FR,NR,0.0,MIX,99,2.75,0,36,1.799025527839087,0,0.0,5,7.8,0.0,0.0,0.0,1.0,2.0,0.0,0.0,1.0,0.0,0.0,1.0,1.0,1.0,5.0,5.0,8.0,3.0,0.0,5.0,0.0,2.0,0.0,0.0,1.0
313,FEDXDM15,M,FF,NR,0.0,MIX,247,3.0121951219512195,0,82,4.516731184111878,0,0.0,10,7.8,0.0,0.0,0.0,0.0,0.0,8.0,4.0,3.0,2.0,1.0,3.0,2.0,3.0,7.0,10.0,9.0,8.0,2.0,3.0,9.0,0.0,2.0,3.0,3.0
314,FEDXDM15,M,FR,NR,0.0,MIX,123,2.7954545454545454,0,44,2.456423298802804,0,0.0,6,9.166666666666666,0.0,0.0,0.0,0.0,0.0,1.0,0.0,0.0,0.0,0.0,0.0,2.0,4.0,8.0,6.0,3.0,3.0,0.0,5.0,2.0,0.0,3.0,2.0,5.0
315,FEDXDM16,M,FF,NR,0.0,MIX,334,3.0642201834862384,0,109,5.782578582059859,0,0.0,15,8.6,0.0,0.0,0.0,0.0,0.0,13.0,4.0,0.0,5.0,0.0,3.0,3.0,3.0,8.0,10.0,10.0,8.0,13.0,9.0,2.0,5.0,5.0,2.0,6.0
316,FEDXDM16,M,FR,NR,0.0,MIX,110,2.682926829268293,0,41,2.0492884415133634,0,0.0,6,7.5,0.0,0.0,0.0,1.0,0.0,1.0,0.0,0.0,0.0,0.0,1.0,0.0,1.0,6.0,9.0,2.0,4.0,4.0,5.0,0.0,1.0,1.0,1.0,4.0
317,FEDXDM17,M,FF,NR,0.0,MIX,223,2.5632183908045976,0,87,4.751718173956578,0,0.0,5,6.8,0.0,0.0,0.0,0.0,0.0,8.0,6.0,0.0,6.0,0.0,4.0,1.0,6.0,5.0,7.0,7.0,9.0,9.0,2.0,0.0,2.0,7.0,2.0,6.0
318,FEDXDM17,M,FR,NR,0.0,MIX,131,3.046511627906977,0,43,2.1448761292467995,0,0.0,7,8.857142857142858,0.0,0.0,0.0,1.0,1.0,0.0,3.0,0.0,1.0,0.0,1.0,0.0,3.0,1.0,4.0,6.0,3.0,3.0,3.0,2.0,2.0,2.0,2.0,5.0
319,FEDXDM18,M,FF,NR,0.0,MIX,214,2.183673469387755,0,98,5.503385018563005,0,0.0,1,7.0,0.0,0.0,0.0,0.0,0.0,3.0,8.0,3.0,0.0,6.0,0.0,4.0,6.0,7.0,14.0,8.0,12.0,6.0,6.0,0.0,7.0,3.0,1.0,4.0
320,FEDXDM18,M,FR,NR,0.0,MIX,112,2.488888888888889,0,45,2.392061898293072,0,0.0,2,9.5,0.0,0.0,0.0,0.0,0.0,4.0,2.0,0.0,0.0,3.0,0.0,1.0,4.0,5.0,4.0,2.0,5.0,7.0,1.0,0.0,2.0,1.0,0.0,4.0
321,FEDXDM19,M,FF,NR,0.0,MIX,222,2.176470588235294,0,102,5.554295049235377,0,0.0,2,8.0,0.0,0.0,0.0,0.0,0.0,9.0,10.0,3.0,0.0,5.0,0.0,3.0,5.0,10.0,10.0,9.0,10.0,10.0,9.0,0.0,0.0,0.0,3.0,6.0
322,FEDXDM19,M,FR,NR,0.0,MIX,136,2.5185185185185186,0,54,2.7000375005208404,0,0.0,8,8.0,0.0,0.0,0.0,1.0,1.0,0.0,0.0,1.0,0.0,1.0,0.0,0.0,3.0,6.0,7.0,7.0,8.0,6.0,3.0,0.0,5.0,1.0,2.0,2.0
323,FEDXDM20,M,FF,NR,0.0,MIX,206,2.1020408163265305,0,98,5.258999776403071,0,0.0,5,8.4,0.0,0.0,0.0,0.0,0.0,8.0,7.0,0.0,0.0,0.0,5.0,1.0,4.0,7.0,8.0,10.0,8.0,9.0,14.0,2.0,0.0,0.0,6.0,9.0
324,FEDXDM20,M,FR,NR,0.0,MIX,134,2.126984126984127,0,63,3.464817134651226,0,0.0,5,7.2,0.0,0.0,0.0,0.0,0.0,3.0,0.0,0.0,1.0,0.0,3.0,1.0,5.0,5.0,5.0,7.0,8.0,8.0,7.0,2.0,0.0,2.0,3.0,3.0
325,FEDXDM11,M,FR,NR,1.0,CAS20,78,2.2941176470588234,0,34,1.8015366047511112,0,0.0,3,7.0,0.0,0.0,0.0,2.0,0.0,5.0,1.0,1.0,1.0,0.0,1.0,3.0,3.0,1.0,2.0,2.0,3.0,2.0,2.0,2.0,2.0,0.0,1.0,0.0
326,FEDXDM12,M,FR,NR,1.0,CAS20,93,1.7222222222222223,0,54,2.7137951252198675,0,0.0,0,0.0,0.0,0.0,0.0,2.0,1.0,7.0,3.0,0.0,1.0,0.0,4.0,0.0,3.0,4.0,4.0,4.0,6.0,3.0,3.0,2.0,2.0,2.0,1.0,2.0
327,FEDXDM13,M,FR,NR,1.0,CAS20,108,1.6363636363636365,0,66,3.3201514749241925,0,0.0,0,0.0,0.0,0.0,0.0,1.0,1.0,3.0,2.0,1.0,1.0,0.0,1.0,2.0,3.0,5.0,3.0,6.0,2.0,6.0,5.0,4.0,6.0,6.0,4.0,4.0
328,FEDXDM14,M,FR,NR,1.0,CAS20,84,2.1538461538461537,0,39,1.9408886062650335,0,0.0,2,6.0,0.0,0.0,0.0,2.0,2.0,3.0,6.0,0.0,3.0,0.0,2.0,0.0,5.0,3.0,1.0,0.0,2.0,2.0,1.0,2.0,0.0,1.0,2.0,2.0
329,FEDXDM15,M,FR,NR,1.0,CAS20,75,1.530612244897959,0,49,2.555595798623687,0,0.0,1,6.0,0.0,0.0,0.0,1.0,2.0,6.0,1.0,0.0,1.0,0.0,1.0,3.0,0.0,3.0,2.0,3.0,7.0,4.0,7.0,0.0,3.0,2.0,1.0,2.0
330,FEDXDM16,M,FR,NR,1.0,CAS20,102,1.7586206896551724,0,58,2.8188028188028187,0,0.0,2,6.5,0.0,0.0,0.0,10.0,7.0,9.0,1.0,0.0,2.0,0.0,1.0,2.0,1.0,6.0,6.0,2.0,2.0,1.0,3.0,2.0,0.0,0.0,2.0,1.0
331,FEDXDM17,M,FR,NR,1.0,CAS20,116,2.1481481481481484,0,54,2.592103684147366,0,0.0,3,8.333333333333334,0.0,0.0,0.0,3.0,6.0,3.0,0.0,1.0,1.0,1.0,1.0,1.0,4.0,2.0,9.0,2.0,0.0,7.0,1.0,4.0,0.0,3.0,1.0,4.0
332,FEDXDM19,M,FR,NR,1.0,CAS20,81,1.5576923076923077,0,52,2.5295246331378536,0,0.0,2,7.0,0.0,0.0,0.0,1.0,3.0,4.0,0.0,0.0,0.0,0.0,1.0,3.0,2.0,3.0,4.0,5.0,9.0,4.0,1.0,4.0,3.0,0.0,1.0,4.0
333,FEDXDM20,M,FR,NR,1.0,CAS20,73,1.4313725490196079,0,51,2.4758283102067233,0,0.0,0,0.0,0.0,0.0,0.0,8.0,4.0,3.0,4.0,0.0,1.0,0.0,0.0,2.0,1.0,1.0,5.0,2.0,3.0,5.0,0.0,5.0,0.0,0.0,4.0,3.0
334,FEDXDM11,M,FR,NR,1.0,CAS5,70,1.794871794871795,0,39,2.025740174294454,0,0.0,2,7.0,0.0,0.0,0.0,1.0,3.0,6.0,2.0,0.0,2.0,0.0,0.0,2.0,1.0,4.0,3.0,3.0,0.0,1.0,4.0,2.0,3.0,0.0,1.0,1.0
335,FEDXDM12,M,FR,NR,1.0,CAS5,61,1.4523809523809523,0,42,2.0908814337472688,0,0.0,0,0.0,0.0,0.0,0.0,1.0,4.0,2.0,2.0,0.0,4.0,0.0,2.0,0.0,3.0,4.0,2.0,1.0,4.0,1.0,2.0,2.0,1.0,1.0,2.0,4.0
336,FEDXDM13,M,FR,NR,1.0,CAS5,49,1.4411764705882353,0,34,1.6987966856809762,0,0.0,0,0.0,0.0,0.0,0.0,2.0,2.0,1.0,0.0,2.0,1.0,0.0,1.0,1.0,2.0,4.0,6.0,2.0,1.0,2.0,0.0,2.0,3.0,1.0,0.0,1.0
337,FEDXDM14,M,FR,NR,1.0,CAS5,75,1.875,0,40,2.09979876928461,0,0.0,0,0.0,0.0,0.0,0.0,0.0,2.0,3.0,3.0,0.0,3.0,0.0,2.0,1.0,2.0,2.0,3.0,0.0,3.0,6.0,4.0,2.0,0.0,2.0,0.0,2.0
338,FEDXDM15,M,FR,NR,1.0,CAS5,67,1.3958333333333333,0,48,2.412868632707775,0,0.0,0,0.0,0.0,0.0,0.0,0.0,5.0,1.0,2.0,0.0,2.0,0.0,0.0,0.0,2.0,5.0,4.0,5.0,3.0,5.0,3.0,0.0,4.0,3.0,0.0,4.0
339,FEDXDM16,M,FR,NR,1.0,CAS5,57,1.5,0,38,1.8311291963377416,0,0.0,0,0.0,0.0,0.0,0.0,4.0,5.0,0.0,2.0,0.0,2.0,0.0,1.0,1.0,2.0,3.0,1.0,0.0,3.0,2.0,3.0,3.0,1.0,1.0,1.0,3.0
340,FEDXDM17,M,FR,NR,1.0,CAS5,55,1.7741935483870968,0,31,1.5992433687287735,0,0.0,3,6.666666666666667,0.0,0.0,0.0,2.0,3.0,2.0,2.0,1.0,1.0,2.0,0.0,1.0,0.0,4.0,3.0,4.0,0.0,1.0,1.0,2.0,0.0,1.0,1.0,0.0
341,FEDXDM19,M,FR,NR,1.0,CAS5,80,1.3114754098360655,0,61,2.9464249775261298,0,0.0,0,0.0,0.0,0.0,0.0,4.0,2.0,5.0,4.0,0.0,0.0,0.0,2.0,2.0,2.0,4.0,5.0,4.0,4.0,2.0,0.0,7.0,3.0,0.0,4.0,7.0
342,FEDXDM20,M,FR,NR,1.0,CAS5,71,1.5106382978723405,0,47,2.295918367346939,0,0.0,2,6.0,0.0,0.0,0.0,4.0,4.0,2.0,1.0,0.0,1.0,0.0,1.0,2.0,1.0,2.0,2.0,6.0,7.0,4.0,0.0,4.0,0.0,2.0,2.0,2.0
343,FEDXDM11,M,FR,NR,2.0,CAS20,90,2.4324324324324325,0,37,1.8835107962499469,0,0.0,2,7.5,0.0,0.0,0.0,2.0,4.0,0.0,3.0,0.0,2.0,0.0,0.0,0.0,3.0,3.0,4.0,0.0,3.0,2.0,1.0,4.0,0.0,2.0,3.0,1.0
344,FEDXDM12,M,FR,NR,2.0,CAS20,107,1.3896103896103895,0,77,3.8261397672845727,0,0.0,0,0.0,0.0,0.0,0.0,3.0,5.0,3.0,0.0,0.0,4.0,0.0,0.0,2.0,5.0,8.0,0.0,6.0,5.0,3.0,8.0,5.0,4.0,5.0,2.0,9.0
345,FEDXDM13,M,FR,NR,2.0,CAS20,133,2.1451612903225805,0,62,3.0754392008267306,0,0.0,4,6.5,0.0,0.0,0.0,3.0,3.0,0.0,0.0,1.0,0.0,1.0,0.0,3.0,4.0,3.0,6.0,4.0,3.0,0.0,7.0,0.0,10.0,2.0,6.0,6.0
346,FEDXDM14,M,FR,NR,2.0,CAS20,155,2.1527777777777777,0,72,3.628270272540209,0,0.0,3,8.0,0.0,0.0,0.0,0.0,7.0,8.0,7.0,6.0,0.0,0.0,3.0,4.0,3.0,5.0,7.0,3.0,0.0,8.0,2.0,3.0,1.0,1.0,1.0,3.0
347,FEDXDM15,M,FR,NR,2.0,CAS20,132,1.8857142857142857,0,70,3.5066236223978624,0,0.0,3,8.666666666666666,0.0,0.0,0.0,1.0,10.0,2.0,3.0,0.0,0.0,3.0,0.0,1.0,7.0,5.0,11.0,1.0,5.0,0.0,5.0,2.0,5.0,0.0,3.0,6.0
348,FEDXDM16,M,FR,NR,2.0,CAS20,107,1.6984126984126984,0,63,3.0964993719622083,0,0.0,1,6.0,0.0,0.0,0.0,5.0,10.0,4.0,2.0,0.0,1.0,0.0,1.0,2.0,3.0,4.0,6.0,7.0,2.0,2.0,5.0,2.0,2.0,0.0,3.0,2.0
349,FEDXDM17,M,FR,NR,2.0,CAS20,108,2.076923076923077,0,52,2.610514572584019,0,0.0,3,6.333333333333333,0.0,0.0,0.0,3.0,4.0,4.0,0.0,2.0,0.0,1.0,1.0,2.0,1.0,4.0,5.0,7.0,1.0,3.0,4.0,5.0,1.0,1.0,0.0,3.0
350,FEDXDM19,M,FR,NR,2.0,CAS20,105,1.5909090909090908,0,66,3.3357200016847064,0,0.0,1,8.0,0.0,0.0,0.0,4.0,3.0,5.0,0.0,0.0,4.0,0.0,1.0,2.0,2.0,4.0,7.0,5.0,0.0,7.0,1.0,4.0,6.0,5.0,2.0,4.0
351,FEDXDM20,M,FR,NR,2.0,CAS20,70,1.4893617021276595,0,47,2.3757037952289353,0,0.0,1,7.0,0.0,0.0,0.0,5.0,5.0,3.0,1.0,2.0,0.0,1.0,0.0,1.0,3.0,2.0,4.0,6.0,3.0,0.0,7.0,2.0,0.0,0.0,1.0,1.0
352,FEDXDM11,M,FR,NR,2.0,SUC,56,1.75,0,32,1.5953027197695675,0,0.0,0,0.0,0.0,0.0,0.0,1.0,2.0,1.0,0.0,0.0,1.0,0.0,1.0,0.0,2.0,4.0,4.0,0.0,5.0,1.0,4.0,0.0,1.0,1.0,1.0,3.0
353,FEDXDM12,M,FR,NR,2.0,SUC,40,1.0810810810810811,0,37,1.8659643617617392,0,0.0,0,0.0,0.0,0.0,0.0,1.0,4.0,3.0,0.0,0.0,3.0,0.0,0.0,1.0,2.0,5.0,1.0,4.0,2.0,1.0,3.0,1.0,4.0,0.0,1.0,1.0
354,FEDXDM13,M,FR,NR,2.0,SUC,38,1.3571428571428572,0,28,1.48407708955993,0,0.0,0,0.0,0.0,0.0,0.0,1.0,3.0,1.0,0.0,2.0,0.0,0.0,0.0,0.0,1.0,4.0,2.0,3.0,5.0,0.0,3.0,0.0,1.0,0.0,2.0,0.0
355,FEDXDM14,M,FR,NR,2.0,SUC,16,1.1428571428571428,0,14,0.8343265792610252,0,0.0,0,0.0,0.0,0.0,0.0,1.0,1.0,3.0,1.0,0.0,0.0,0.0,1.0,0.0,0.0,0.0,2.0,2.0,0.0,1.0,0.0,1.0,1.0,0.0,0.0,0.0
356,FEDXDM15,M,FR,NR,2.0,SUC,29,1.380952380952381,0,21,1.3212394484349603,0,0.0,0,0.0,0.0,0.0,0.0,0.0,0.0,0.0,0.0,1.0,0.0,1.0,0.0,2.0,3.0,3.0,4.0,1.0,3.0,1.0,1.0,0.0,0.0,0.0,1.0,0.0
357,FEDXDM16,M,FR,NR,2.0,SUC,48,1.263157894736842,0,38,1.8761314389160133,0,0.0,0,0.0,0.0,0.0,0.0,1.0,2.0,0.0,3.0,0.0,1.0,0.0,1.0,1.0,1.0,7.0,6.0,4.0,2.0,0.0,4.0,3.0,0.0,0.0,1.0,1.0
358,FEDXDM17,M,FR,NR,2.0,SUC,37,1.3214285714285714,0,28,1.4001555728414268,0,0.0,0,0.0,0.0,0.0,0.0,1.0,2.0,2.0,0.0,0.0,0.0,0.0,1.0,2.0,0.0,4.0,5.0,3.0,0.0,3.0,0.0,1.0,0.0,0.0,2.0,2.0
359,FEDXDM19,M,FR,NR,2.0,SUC,65,1.2745098039215685,0,51,2.606473594548552,0,0.0,0,0.0,0.0,0.0,0.0,3.0,5.0,3.0,0.0,0.0,3.0,0.0,0.0,1.0,1.0,4.0,6.0,6.0,0.0,6.0,4.0,3.0,1.0,2.0,2.0,1.0
360,FEDXDM20,M,FR,NR,2.0,SUC,56,1.4,0,40,2.0246330352623585,0,0.0,0,0.0,0.0,0.0,0.0,2.0,0.0,1.0,1.0,0.0,0.0,1.0,0.0,2.0,1.0,4.0,3.0,4.0,4.0,0.0,5.0,5.0,0.0,3.0,1.0,3.0
361,FEDXDM11,M,FR,NR,3.0,CAS5,121,2.5208333333333335,0,48,2.3824295818339745,0,0.0,4,6.5,0.0,0.0,0.0,2.0,7.0,0.0,3.0,0.0,1.0,1.0,1.0,3.0,2.0,4.0,1.0,4.0,0.0,4.0,4.0,1.0,3.0,2.0,2.0,3.0
362,FEDXDM12,M,FR,NR,3.0,CAS5,110,1.25,0,88,4.38987889033617,0,0.0,0,0.0,0.0,0.0,0.0,1.0,7.0,3.0,0.0,3.0,3.0,0.0,2.0,2.0,2.0,10.0,6.0,8.0,5.0,2.0,10.0,4.0,3.0,5.0,4.0,8.0
363,FEDXDM13,M,FR,NR,3.0,CAS5,111,1.608695652173913,0,69,3.5735351239372184,0,0.0,1,7.0,0.0,0.0,0.0,3.0,3.0,0.0,1.0,1.0,1.0,0.0,0.0,2.0,4.0,5.0,7.0,5.0,5.0,0.0,10.0,4.0,2.0,9.0,6.0,1.0
364,FEDXDM14,M,FR,NR,3.0,CAS5,122,1.967741935483871,0,62,3.117753876239698,0,0.0,4,7.0,0.0,0.0,0.0,0.0,5.0,8.0,2.0,6.0,0.0,0.0,2.0,3.0,2.0,5.0,7.0,1.0,6.0,0.0,4.0,0.0,3.0,3.0,1.0,4.0
365,FEDXDM15,M,FR,NR,3.0,CAS5,139,2.1384615384615384,0,65,3.2328479456218395,0,0.0,4,8.75,0.0,0.0,0.0,1.0,8.0,4.0,0.0,3.0,1.0,0.0,2.0,3.0,2.0,4.0,8.0,3.0,3.0,7.0,1.0,5.0,0.0,3.0,2.0,5.0
366,FEDXDM16,M,FR,NR,3.0,CAS5,116,1.7575757575757576,0,66,3.226288274831964,0,0.0,1,6.0,0.0,0.0,0.0,5.0,3.0,0.0,3.0,0.0,1.0,1.0,3.0,2.0,1.0,5.0,7.0,7.0,1.0,5.0,8.0,3.0,0.0,5.0,4.0,2.0
367,FEDXDM17,M,FR,NR,3.0,CAS5,116,1.8709677419354838,0,62,3.063409278067527,0,0.0,3,6.333333333333333,0.0,0.0,0.0,4.0,6.0,1.0,4.0,0.0,1.0,1.0,4.0,1.0,6.0,6.0,6.0,4.0,0.0,1.0,3.0,1.0,5.0,1.0,2.0,5.0
368,FEDXDM18,M,FR,NR,3.0,CAS5,107,1.5285714285714285,0,70,3.5254123473370544,0,0.0,0,0.0,0.0,0.0,0.0,2.0,6.0,10.0,0.0,0.0,0.0,5.0,1.0,1.0,5.0,7.0,6.0,5.0,1.0,5.0,4.0,0.0,4.0,2.0,1.0,5.0
369,FEDXDM19,M,FR,NR,3.0,CAS5,111,1.608695652173913,0,69,3.4816735580629334,0,0.0,0,0.0,0.0,0.0,0.0,1.0,5.0,5.0,0.0,2.0,1.0,2.0,2.0,1.0,3.0,7.0,7.0,9.0,4.0,0.0,4.0,7.0,1.0,0.0,4.0,4.0
370,FEDXDM20,M,FR,NR,3.0,CAS5,99,1.4558823529411764,0,68,3.338333560616391,0,0.0,0,0.0,0.0,0.0,0.0,4.0,8.0,0.0,0.0,1.0,0.0,1.0,2.0,2.0,3.0,3.0,4.0,6.0,8.0,2.0,0.0,7.0,0.0,4.0,8.0,5.0
371,FEDXDM11,M,FR,NR,3.0,SUC,23,1.7692307692307692,0,13,0.6621485872748624,0,0.0,0,0.0,0.0,0.0,0.0,1.0,3.0,0.0,2.0,0.0,0.0,0.0,0.0,0.0,0.0,1.0,1.0,2.0,0.0,1.0,0.0,1.0,0.0,0.0,0.0,1.0
372,FEDXDM12,M,FR,NR,3.0,SUC,24,1.0909090909090908,0,22,1.0946029991016515,0,0.0,0,0.0,0.0,0.0,0.0,1.0,0.0,0.0,0.0,2.0,1.0,0.0,0.0,0.0,2.0,3.0,1.0,3.0,1.0,0.0,1.0,2.0,1.0,2.0,1.0,1.0
373,FEDXDM13,M,FR,NR,3.0,SUC,37,1.2758620689655173,0,29,1.4750137752723267,0,0.0,0,0.0,0.0,0.0,0.0,1.0,1.0,0.0,0.0,2.0,1.0,0.0,0.0,1.0,2.0,2.0,5.0,2.0,2.0,0.0,3.0,2.0,0.0,3.0,1.0,1.0
374,FEDXDM14,M,FR,NR,3.0,SUC,16,1.0666666666666667,0,15,0.794152683206612,0,0.0,0,0.0,0.0,0.0,0.0,0.0,2.0,1.0,0.0,1.0,0.0,0.0,0.0,1.0,0.0,2.0,1.0,0.0,1.0,0.0,3.0,0.0,1.0,0.0,1.0,1.0
375,FEDXDM15,M,FR,NR,3.0,SUC,11,1.0,0,11,0.5845191001948397,0,0.0,0,0.0,0.0,0.0,0.0,1.0,0.0,2.0,0.0,0.0,1.0,0.0,0.0,1.0,0.0,1.0,0.0,1.0,0.0,1.0,0.0,0.0,0.0,1.0,2.0,0.0
376,FEDXDM16,M,FR,NR,3.0,SUC,36,1.2857142857142858,0,28,1.3770115570612824,0,0.0,0,0.0,0.0,0.0,0.0,4.0,1.0,0.0,1.0,0.0,0.0,0.0,2.0,0.0,1.0,4.0,3.0,2.0,1.0,1.0,2.0,2.0,0.0,1.0,1.0,2.0
377,FEDXDM17,M,FR,NR,3.0,SUC,31,1.1923076923076923,0,26,1.372092000527728,0,0.0,0,0.0,0.0,0.0,0.0,1.0,4.0,0.0,1.0,0.0,0.0,0.0,1.0,0.0,2.0,6.0,3.0,3.0,0.0,1.0,1.0,0.0,2.0,0.0,1.0,0.0
378,FEDXDM18,M,FR,NR,3.0,SUC,21,1.3125,0,16,1.0355614684836933,0,0.0,0,0.0,0.0,0.0,0.0,0.0,2.0,1.0,0.0,0.0,0.0,2.0,1.0,2.0,1.0,0.0,0.0,2.0,1.0,2.0,1.0,0.0,1.0,0.0,0.0,0.0
379,FEDXDM19,M,FR,NR,3.0,SUC,30,1.0714285714285714,0,28,1.391630886474397,0,0.0,0,0.0,0.0,0.0,0.0,3.0,3.0,1.0,0.0,0.0,0.0,1.0,2.0,0.0,3.0,3.0,2.0,1.0,1.0,0.0,1.0,2.0,0.0,0.0,3.0,2.0
380,FEDXDM20,M,FR,NR,3.0,SUC,29,1.2083333333333333,0,24,1.189410938726064,0,0.0,0,0.0,0.0,0.0,0.0,2.0,3.0,0.0,0.0,3.0,0.0,0.0,1.0,1.0,1.0,3.0,3.0,2.0,1.0,1.0,0.0,1.0,0.0,0.0,1.0,1.0
381,FEDXDM11,M,CE,NR,4.0,CAS5,95,1.8627450980392157,0,51,2.612965203159468,0,0.0,4,7.5,0.0,0.0,0.0,0.0,3.0,5.0,0.0,1.0,0.0,3.0,0.0,3.0,1.0,3.0,6.0,1.0,4.0,2.0,4.0,4.0,3.0,1.0,3.0,4.0
382,FEDXDM12,M,CE,NR,4.0,CAS5,64,1.1636363636363636,0,55,2.8429894464785694,0,0.0,0,0.0,0.0,0.0,0.0,0.0,3.0,3.0,1.0,2.0,0.0,0.0,1.0,2.0,2.0,6.0,4.0,0.0,7.0,3.0,4.0,6.0,3.0,1.0,2.0,5.0
383,FEDXDM13,M,CE,NR,4.0,CAS5,64,1.2549019607843137,0,51,2.6328242632824264,0,0.0,0,0.0,0.0,0.0,0.0,0.0,1.0,1.0,0.0,0.0,1.0,1.0,0.0,1.0,3.0,3.0,7.0,5.0,4.0,3.0,4.0,6.0,4.0,3.0,1.0,3.0
384,FEDXDM14,M,CE,NR,4.0,CAS5,64,1.28,0,50,2.5712449110777804,0,0.0,0,0.0,0.0,0.0,0.0,0.0,3.0,8.0,3.0,0.0,2.0,0.0,2.0,1.0,1.0,2.0,5.0,4.0,3.0,3.0,0.0,2.0,6.0,0.0,0.0,5.0
385,FEDXDM15,M,CE,NR,4.0,CAS5,81,1.173913043478261,0,69,3.4413488314099276,0,0.0,1,6.0,0.0,0.0,0.0,2.0,4.0,4.0,4.0,4.0,0.0,0.0,2.0,2.0,6.0,7.0,6.0,4.0,2.0,4.0,2.0,3.0,0.0,9.0,0.0,4.0
386,FEDXDM16,M,CE,NR,4.0,CAS5,76,1.1692307692307693,0,65,3.247564326754934,0,0.0,1,6.0,0.0,0.0,0.0,3.0,9.0,1.0,2.0,3.0,0.0,2.0,0.0,2.0,4.0,5.0,7.0,5.0,4.0,4.0,3.0,4.0,3.0,1.0,1.0,2.0
387,FEDXDM17,M,CE,NR,4.0,CAS5,67,1.2884615384615385,0,52,2.6278478880357117,0,0.0,0,0.0,0.0,0.0,0.0,1.0,7.0,5.0,3.0,1.0,0.0,0.0,4.0,1.0,2.0,6.0,3.0,5.0,2.0,0.0,3.0,3.0,1.0,1.0,0.0,4.0
388,FEDXDM18,M,CE,NR,4.0,CAS5,94,1.2207792207792207,0,77,3.8778450820474797,0,0.0,0,0.0,0.0,0.0,0.0,0.0,7.0,6.0,4.0,2.0,0.0,1.0,4.0,3.0,2.0,6.0,5.0,4.0,3.0,2.0,3.0,9.0,3.0,3.0,1.0,9.0
389,FEDXDM19,M,CE,NR,4.0,CAS5,67,1.098360655737705,0,61,3.062291698623642,0,0.0,0,0.0,0.0,0.0,0.0,1.0,4.0,8.0,0.0,1.0,2.0,2.0,1.0,2.0,3.0,8.0,3.0,4.0,2.0,3.0,2.0,3.0,3.0,3.0,3.0,3.0
390,FEDXDM20,M,CE,NR,4.0,CAS5,49,1.0888888888888888,0,45,2.2388059701492535,0,0.0,0,0.0,0.0,0.0,0.0,1.0,5.0,4.0,1.0,2.0,0.0,0.0,2.0,2.0,3.0,2.0,2.0,4.0,4.0,2.0,2.0,3.0,4.0,0.0,0.0,2.0
391,FEDXDM11,M,CE,NR,4.0,SUC,37,1.1935483870967742,0,31,1.596772116581534,0,0.0,0,0.0,0.0,0.0,0.0,0.0,2.0,1.0,0.0,1.0,0.0,2.0,0.0,3.0,0.0,4.0,5.0,1.0,2.0,2.0,2.0,2.0,1.0,0.0,2.0,1.0
392,FEDXDM12,M,CE,NR,4.0,SUC,38,1.0,0,38,1.976193227782272,0,0.0,0,0.0,0.0,0.0,0.0,0.0,1.0,2.0,1.0,0.0,0.0,0.0,2.0,1.0,1.0,5.0,5.0,0.0,4.0,3.0,4.0,3.0,1.0,1.0,1.0,3.0
393,FEDXDM13,M,CE,NR,4.0,SUC,38,1.027027027027027,0,37,2.0008712502441,0,0.0,0,0.0,0.0,0.0,0.0,0.0,1.0,2.0,0.0,0.0,0.0,0.0,0.0,0.0,1.0,3.0,4.0,5.0,2.0,3.0,3.0,4.0,3.0,3.0,2.0,1.0
394,FEDXDM14,M,CE,NR,4.0,SUC,50,1.0869565217391304,0,46,2.3731728288908,0,0.0,0,0.0,0.0,0.0,0.0,0.0,3.0,3.0,2.0,0.0,2.0,0.0,1.0,3.0,1.0,3.0,6.0,4.0,4.0,3.0,0.0,2.0,4.0,0.0,1.0,4.0
395,FEDXDM15,M,CE,NR,4.0,SUC,45,1.1538461538461537,0,39,1.9620447748679393,0,0.0,0,0.0,0.0,0.0,0.0,0.0,2.0,1.0,2.0,0.0,0.0,0.0,2.0,0.0,1.0,3.0,4.0,4.0,5.0,4.0,5.0,3.0,0.0,1.0,0.0,2.0
396,FEDXDM16,M,CE,NR,4.0,SUC,47,1.0217391304347827,0,46,2.3977065415689336,0,0.0,0,0.0,0.0,0.0,0.0,2.0,3.0,0.0,2.0,0.0,0.0,1.0,0.0,1.0,3.0,5.0,3.0,4.0,4.0,2.0,3.0,3.0,3.0,4.0,2.0,1.0
397,FEDXDM17,M,CE,NR,4.0,SUC,44,1.0476190476190477,0,42,2.1268515001898973,0,0.0,0,0.0,0.0,0.0,0.0,1.0,2.0,4.0,2.0,1.0,0.0,0.0,3.0,0.0,4.0,5.0,4.0,5.0,1.0,0.0,3.0,1.0,1.0,2.0,0.0,3.0
398,FEDXDM18,M,CE,NR,4.0,SUC,35,1.0294117647058822,0,34,2.3070833490406,0,0.0,0,0.0,0.0,0.0,0.0,0.0,4.0,3.0,1.0,0.0,0.0,0.0,3.0,1.0,2.0,6.0,5.0,5.0,2.0,1.0,1.0,0.0,0.0,0.0,0.0,0.0
399,FEDXDM19,M,CE,NR,4.0,SUC,46,1.0,0,46,2.3340709523742404,0,0.0,0,0.0,0.0,0.0,0.0,0.0,5.0,2.0,0.0,1.0,0.0,0.0,0.0,3.0,1.0,4.0,5.0,4.0,3.0,4.0,2.0,2.0,2.0,2.0,3.0,3.0
400,FEDXDM20,M,CE,NR,4.0,SUC,34,1.0303030303030303,0,33,1.6470718722271518,0,0.0,0,0.0,0.0,0.0,0.0,1.0,1.0,3.0,0.0,1.0,0.0,0.0,2.0,1.0,0.0,1.0,3.0,1.0,5.0,3.0,2.0,3.0,3.0,2.0,0.0,1.0
