MOUSE ID,SEX,DIET,CHOICE_SESSION,PELLET_TYPE,GROUP_KEY,MEAL_SIZE,NUMBER_OF_MEALS,MEAL_FREQUENCY,HOURLY_MEALS,TOTAL_PELLETS,MEALS_HOUR_0,MEALS_HOUR_1,MEALS_HOUR_2,MEALS_HOUR_3,MEALS_HOUR_4,MEALS_HOUR_5,MEALS_HOUR_6,MEALS_HOUR_7,MEALS_HOUR_8,MEALS_HOUR_9,MEALS_HOUR_10,MEALS_HOUR_11,MEALS_HOUR_12,MEALS_HOUR_13,MEALS_HOUR_14,MEALS_HOUR_15,MEALS_HOUR_16,MEALS_HOUR_17,MEALS_HOUR_18,MEALS_HOUR_19,MEALS_HOUR_20,MEALS_HOUR_21,MEALS_HOUR_22,MEALS_HOUR_23
FEDXDF1,F,PR,1.0,,FEDXDF1_F_PR_1.0,1.6090909090909091,110,4.912115310666485,"[7.0, 0.0, 4.0, 10.0, 13.0, 0.0, 0.0, 7.0, 0.0, 0.0, 3.0, 0.0, 5.0, 5.0, 4.0, 6.0, 7.0, 9.0, 9.0, 6.0, 9.0, 6.0, 0.0, 0.0]",177,7.0,0.0,4.0,10.0,13.0,0.0,0.0,7.0,0.0,0.0,3.0,0.0,5.0,5.0,4.0,6.0,7.0,9.0,9.0,6.0,9.0,6.0,0.0,0.0
FEDXDF1,F,PR,2.0,,FEDXDF1_F_PR_2.0,1.528,125,5.6104129263913824,"[7.0, 1.0, 0.0, 11.0, 14.0, 2.0, 0.0, 0.0, 3.0, 3.0, 0.0, 3.0, 5.0, 9.0, 8.0, 9.0, 9.0, 11.0, 9.0, 9.0, 3.0, 0.0, 0.0, 9.0]",191,7.0,1.0,0.0,11.0,14.0,2.0,0.0,0.0,3.0,3.0,0.0,3.0,5.0,9.0,8.0,9.0,9.0,11.0,9.0,9.0,3.0,0.0,0.0,9.0
FEDXDF1,F,PR,3.0,,FEDXDF1_F_PR_3.0,1.3132530120481927,166,7.324157709607443,"[9.0, 0.0, 4.0, 1.0, 9.0, 17.0, 8.0, 2.0, 0.0, 4.0, 1.0, 6.0, 11.0, 14.0, 11.0, 13.0, 11.0, 12.0, 12.0, 10.0, 4.0, 0.0, 0.0, 7.0]",218,9.0,0.0,4.0,1.0,9.0,17.0,8.0,2.0,0.0,4.0,1.0,6.0,11.0,14.0,11.0,13.0,11.0,12.0,12.0,10.0,4.0,0.0,0.0,7.0
FEDXDF1,F,PR,4.0,,FEDXDF1_F_PR_4.0,1.0879120879120878,91,3.984238178633976,"[0.0, 0.0, 0.0, 2.0, 3.0, 7.0, 4.0, 0.0, 0.0, 0.0, 4.0, 1.0, 8.0, 7.0, 7.0, 7.0, 6.0, 5.0, 6.0, 7.0, 4.0, 4.0, 5.0, 4.0]",99,0.0,0.0,0.0,2.0,3.0,7.0,4.0,0.0,0.0,0.0,4.0,1.0,8.0,7.0,7.0,7.0,6.0,5.0,6.0,7.0,4.0,4.0,5.0,4.0
FEDXDF2,F,PR,1.0,,FEDXDF2_F_PR_1.0,1.7333333333333334,90,3.763809346793211,"[3.0, 0.0, 7.0, 9.0, 4.0, 2.0, 0.0, 1.0, 2.0, 5.0, 0.0, 3.0, 8.0, 5.0, 5.0, 5.0, 4.0, 6.0, 6.0, 4.0, 5.0, 6.0, 0.0, 0.0]",156,3.0,0.0,7.0,9.0,4.0,2.0,0.0,1.0,2.0,5.0,0.0,3.0,8.0,5.0,5.0,5.0,4.0,6.0,6.0,4.0,5.0,6.0,0.0,0.0
FEDXDF2,F,PR,2.0,,FEDXDF2_F_PR_2.0,1.4035087719298245,114,5.194476438796562,"[8.0, 1.0, 0.0, 6.0, 8.0, 3.0, 0.0, 0.0, 5.0, 1.0, 1.0, 7.0, 1.0, 11.0, 8.0, 8.0, 4.0, 4.0, 13.0, 8.0, 9.0, 2.0, 0.0, 6.0]",160,8.0,1.0,0.0,6.0,8.0,3.0,0.0,0.0,5.0,1.0,1.0,7.0,1.0,11.0,8.0,8.0,4.0,4.0,13.0,8.0,9.0,2.0,0.0,6.0
FEDXDF2,F,PR,3.0,,FEDXDF2_F_PR_3.0,1.353448275862069,116,5.166526451229772,"[5.0, 1.0, 9.0, 0.0, 4.0, 8.0, 2.0, 0.0, 2.0, 3.0, 3.0, 4.0, 5.0, 12.0, 9.0, 3.0, 11.0, 11.0, 9.0, 9.0, 0.0, 0.0, 6.0, 0.0]",157,5.0,1.0,9.0,0.0,4.0,8.0,2.0,0.0,2.0,3.0,3.0,4.0,5.0,12.0,9.0,3.0,11.0,11.0,9.0,9.0,0.0,0.0,6.0,0.0
FEDXDF2,F,PR,4.0,,FEDXDF2_F_PR_4.0,1.0598290598290598,117,5.11251911732576,"[5.0, 5.0, 4.0, 5.0, 2.0, 7.0, 1.0, 0.0, 2.0, 2.0, 5.0, 7.0, 7.0, 11.0, 8.0, 7.0, 5.0, 6.0, 6.0, 5.0, 4.0, 4.0, 5.0, 4.0]",124,5.0,5.0,4.0,5.0,2.0,7.0,1.0,0.0,2.0,2.0,5.0,7.0,7.0,11.0,8.0,7.0,5.0,6.0,6.0,5.0,4.0,4.0,5.0,4.0
FEDXDF3,F,PR,1.0,,FEDXDF3_F_PR_1.0,1.5748031496062993,127,5.292953148334665,"[3.0, 9.0, 9.0, 6.0, 7.0, 11.0, 0.0, 0.0, 4.0, 0.0, 1.0, 5.0, 8.0, 8.0, 7.0, 5.0, 8.0, 9.0, 7.0, 8.0, 6.0, 5.0, 1.0, 0.0]",200,3.0,9.0,9.0,6.0,7.0,11.0,0.0,0.0,4.0,0.0,1.0,5.0,8.0,8.0,7.0,5.0,8.0,9.0,7.0,8.0,6.0,5.0,1.0,0.0
FEDXDF3,F,PR,2.0,,FEDXDF3_F_PR_2.0,1.7431192660550459,109,4.802702438069128,"[1.0, 6.0, 0.0, 6.0, 10.0, 4.0, 0.0, 0.0, 5.0, 0.0, 2.0, 3.0, 6.0, 8.0, 9.0, 10.0, 5.0, 3.0, 2.0, 7.0, 6.0, 6.0, 7.0, 3.0]",190,1.0,6.0,0.0,6.0,10.0,4.0,0.0,0.0,5.0,0.0,2.0,3.0,6.0,8.0,9.0,10.0,5.0,3.0,2.0,7.0,6.0,6.0,7.0,3.0
FEDXDF3,F,PR,3.0,,FEDXDF3_F_PR_3.0,1.5436893203883495,103,4.578286476275141,"[5.0, 0.0, 7.0, 0.0, 6.0, 9.0, 4.0, 0.0, 0.0, 3.0, 2.0, 7.0, 8.0, 6.0, 8.0, 5.0, 2.0, 3.0, 9.0, 8.0, 9.0, 2.0, 0.0, 0.0]",159,5.0,0.0,7.0,0.0,6.0,9.0,4.0,0.0,0.0,3.0,2.0,7.0,8.0,6.0,8.0,5.0,2.0,3.0,9.0,8.0,9.0,2.0,0.0,0.0
FEDXDF3,F,PR,4.0,,FEDXDF3_F_PR_4.0,1.0776699029126213,103,4.540890053638345,"[4.0, 3.0, 3.0, 2.0, 2.0, 8.0, 8.0, 1.0, 0.0, 0.0, 0.0, 8.0, 8.0, 8.0, 9.0, 6.0, 5.0, 5.0, 3.0, 4.0, 5.0, 5.0, 3.0, 3.0]",111,4.0,3.0,3.0,2.0,2.0,8.0,8.0,1.0,0.0,0.0,0.0,8.0,8.0,8.0,9.0,6.0,5.0,5.0,3.0,4.0,5.0,5.0,3.0,3.0
FEDXDF4,F,PR,1.0,,FEDXDF4_F_PR_1.0,2.1149425287356323,87,3.6472889882615984,"[2.0, 4.0, 8.0, 11.0, 4.0, 0.0, 0.0, 5.0, 0.0, 0.0, 6.0, 1.0, 6.0, 7.0, 6.0, 4.0, 4.0, 4.0, 4.0, 3.0, 5.0, 2.0, 0.0, 1.0]",184,2.0,4.0,8.0,11.0,4.0,0.0,0.0,5.0,0.0,0.0,6.0,1.0,6.0,7.0,6.0,4.0,4.0,4.0,4.0,3.0,5.0,2.0,0.0,1.0
FEDXDF4,F,PR,2.0,,FEDXDF4_F_PR_2.0,1.7448979591836735,98,4.372885137396348,"[6.0, 9.0, 0.0, 4.0, 10.0, 0.0, 0.0, 3.0, 0.0, 0.0, 3.0, 2.0, 10.0, 8.0, 6.0, 3.0, 0.0, 11.0, 7.0, 7.0, 9.0, 0.0, 0.0, 0.0]",171,6.0,9.0,0.0,4.0,10.0,0.0,0.0,3.0,0.0,0.0,3.0,2.0,10.0,8.0,6.0,3.0,0.0,11.0,7.0,7.0,9.0,0.0,0.0,0.0
FEDXDF4,F,PR,3.0,,FEDXDF4_F_PR_3.0,1.425,120,5.328071040947212,"[9.0, 0.0, 10.0, 0.0, 7.0, 10.0, 0.0, 4.0, 0.0, 2.0, 4.0, 3.0, 9.0, 13.0, 10.0, 7.0, 0.0, 7.0, 10.0, 10.0, 5.0, 0.0, 0.0, 0.0]",171,9.0,0.0,10.0,0.0,7.0,10.0,0.0,4.0,0.0,2.0,4.0,3.0,9.0,13.0,10.0,7.0,0.0,7.0,10.0,10.0,5.0,0.0,0.0,0.0
FEDXDF4,F,PR,4.0,,FEDXDF4_F_PR_4.0,1.1941747572815533,103,4.526146184268346,"[6.0, 2.0, 9.0, 5.0, 2.0, 3.0, 0.0, 0.0, 1.0, 1.0, 7.0, 2.0, 7.0, 9.0, 5.0, 7.0, 10.0, 0.0, 10.0, 8.0, 6.0, 3.0, 0.0, 0.0]",123,6.0,2.0,9.0,5.0,2.0,3.0,0.0,0.0,1.0,1.0,7.0,2.0,7.0,9.0,5.0,7.0,10.0,0.0,10.0,8.0,6.0,3.0,0.0,0.0
FEDXDF5,F,PR,1.0,,FEDXDF5_F_PR_1.0,1.9466666666666668,75,3.420492550927334,"[4.0, 0.0, 2.0, 3.0, 4.0, 6.0, 1.0, 0.0, 0.0, 3.0, 1.0, 2.0, 3.0, 7.0, 2.0, 6.0, 5.0, 3.0, 4.0, 4.0, 3.0, 5.0, 3.0, 4.0]",146,4.0,0.0,2.0,3.0,4.0,6.0,1.0,0.0,0.0,3.0,1.0,2.0,3.0,7.0,2.0,6.0,5.0,3.0,4.0,4.0,3.0,5.0,3.0,4.0
FEDXDF5,F,PR,2.0,,FEDXDF5_F_PR_2.0,1.9157894736842105,95,4.33833976050335,"[6.0, 2.0, 0.0, 5.0, 7.0, 7.0, 2.0, 0.0, 4.0, 0.0, 1.0, 2.0, 3.0, 6.0, 6.0, 8.0, 6.0, 4.0, 5.0, 5.0, 4.0, 5.0, 4.0, 3.0]",182,6.0,2.0,0.0,5.0,7.0,7.0,2.0,0.0,4.0,0.0,1.0,2.0,3.0,6.0,6.0,8.0,6.0,4.0,5.0,5.0,4.0,5.0,4.0,3.0
FEDXDF5,F,PR,3.0,,FEDXDF5_F_PR_3.0,1.6132075471698113,106,4.691476413528566,"[6.0, 4.0, 7.0, 1.0, 4.0, 9.0, 5.0, 2.0, 0.0, 0.0, 1.0, 4.0, 6.0, 8.0, 6.0, 6.0, 5.0, 0.0, 0.0, 9.0, 7.0, 7.0, 3.0, 6.0]",171,6.0,4.0,7.0,1.0,4.0,9.0,5.0,2.0,0.0,0.0,1.0,4.0,6.0,8.0,6.0,6.0,5.0,0.0,0.0,9.0,7.0,7.0,3.0,6.0
FEDXDF5,F,PR,4.0,,FEDXDF5_F_PR_4.0,1.1573033707865168,89,3.9812617269530426,"[3.0, 2.0, 3.0, 2.0, 1.0, 8.0, 7.0, 1.0, 0.0, 0.0, 1.0, 2.0, 2.0, 9.0, 6.0, 6.0, 7.0, 7.0, 5.0, 6.0, 5.0, 1.0, 2.0, 3.0]",103,3.0,2.0,3.0,2.0,1.0,8.0,7.0,1.0,0.0,0.0,1.0,2.0,2.0,9.0,6.0,6.0,7.0,7.0,5.0,6.0,5.0,1.0,2.0,3.0
FEDXDF6,F,PR,1.0,,FEDXDF6_F_PR_1.0,2.131868131868132,91,4.307295843906544,"[0.0, 0.0, 2.0, 8.0, 9.0, 10.0, 2.0, 0.0, 2.0, 0.0, 0.0, 3.0, 2.0, 4.0, 5.0, 4.0, 5.0, 5.0, 4.0, 4.0, 3.0, 6.0, 6.0, 7.0]",194,0.0,0.0,2.0,8.0,9.0,10.0,2.0,0.0,2.0,0.0,0.0,3.0,2.0,4.0,5.0,4.0,5.0,5.0,4.0,4.0,3.0,6.0,6.0,7.0
FEDXDF6,F,PR,2.0,,FEDXDF6_F_PR_2.0,2.1491228070175437,114,5.1393150084528205,"[6.0, 0.0, 6.0, 10.0, 7.0, 2.0, 0.0, 6.0, 0.0, 0.0, 6.0, 5.0, 9.0, 4.0, 7.0, 6.0, 6.0, 6.0, 4.0, 4.0, 5.0, 5.0, 4.0, 6.0]",245,6.0,0.0,6.0,10.0,7.0,2.0,0.0,6.0,0.0,0.0,6.0,5.0,9.0,4.0,7.0,6.0,6.0,6.0,4.0,4.0,5.0,5.0,4.0,6.0
FEDXDF6,F,PR,3.0,,FEDXDF6_F_PR_3.0,1.5256410256410255,156,7.390446111330438,"[10.0, 0.0, 0.0, 2.0, 11.0, 9.0, 6.0, 0.0, 0.0, 5.0, 2.0, 5.0, 9.0, 10.0, 6.0, 10.0, 11.0, 11.0, 10.0, 9.0, 9.0, 7.0, 6.0, 8.0]",238,10.0,0.0,0.0,2.0,11.0,9.0,6.0,0.0,0.0,5.0,2.0,5.0,9.0,10.0,6.0,10.0,11.0,11.0,10.0,9.0,9.0,7.0,6.0,8.0
FEDXDF6,F,PR,4.0,,FEDXDF6_F_PR_4.0,1.0898876404494382,89,4.038825160721038,"[1.0, 2.0, 2.0, 0.0, 7.0, 7.0, 1.0, 0.0, 2.0, 1.0, 4.0, 5.0, 9.0, 7.0, 7.0, 7.0, 4.0, 6.0, 6.0, 3.0, 2.0, 2.0, 2.0, 2.0]",97,1.0,2.0,2.0,0.0,7.0,7.0,1.0,0.0,2.0,1.0,4.0,5.0,9.0,7.0,7.0,7.0,4.0,6.0,6.0,3.0,2.0,2.0,2.0,2.0
FEDXDF7,F,PR,1.0,,FEDXDF7_F_PR_1.0,1.5149253731343284,134,5.783340526542944,"[2.0, 5.0, 3.0, 3.0, 10.0, 10.0, 12.0, 4.0, 0.0, 3.0, 3.0, 5.0, 5.0, 7.0, 10.0, 7.0, 10.0, 5.0, 5.0, 6.0, 3.0, 7.0, 6.0, 3.0]",203,2.0,5.0,3.0,3.0,10.0,10.0,12.0,4.0,0.0,3.0,3.0,5.0,5.0,7.0,10.0,7.0,10.0,5.0,5.0,6.0,3.0,7.0,6.0,3.0
FEDXDF7,F,PR,2.0,,FEDXDF7_F_PR_2.0,1.4563758389261745,149,6.272217025257249,"[0.0, 7.0, 10.0, 13.0, 16.0, 13.0, 3.0, 0.0, 0.0, 8.0, 0.0, 11.0, 2.0, 8.0, 7.0, 7.0, 5.0, 0.0, 5.0, 10.0, 9.0, 7.0, 8.0, 0.0]",217,0.0,7.0,10.0,13.0,16.0,13.0,3.0,0.0,0.0,8.0,0.0,11.0,2.0,8.0,7.0,7.0,5.0,0.0,5.0,10.0,9.0,7.0,8.0,0.0
FEDXDF7,F,PR,3.0,,FEDXDF7_F_PR_3.0,1.2229299363057324,157,7.002242402467881,"[0.0, 4.0, 5.0, 3.0, 16.0, 11.0, 5.0, 1.0, 0.0, 5.0, 2.0, 6.0, 12.0, 12.0, 10.0, 3.0, 1.0, 10.0, 12.0, 14.0, 10.0, 8.0, 7.0, 0.0]",192,0.0,4.0,5.0,3.0,16.0,11.0,5.0,1.0,0.0,5.0,2.0,6.0,12.0,12.0,10.0,3.0,1.0,10.0,12.0,14.0,10.0,8.0,7.0,0.0
FEDXDF7,F,PR,4.0,,FEDXDF7_F_PR_4.0,1.0495867768595042,121,5.335293036928165,"[6.0, 7.0, 3.0, 1.0, 11.0, 5.0, 4.0, 0.0, 0.0, 3.0, 4.0, 8.0, 6.0, 7.0, 5.0, 7.0, 6.0, 4.0, 2.0, 13.0, 5.0, 5.0, 6.0, 3.0]",127,6.0,7.0,3.0,1.0,11.0,5.0,4.0,0.0,0.0,3.0,4.0,8.0,6.0,7.0,5.0,7.0,6.0,4.0,2.0,13.0,5.0,5.0,6.0,3.0
FEDXDF8,F,PR,1.0,,FEDXDF8_F_PR_1.0,1.75,96,4.097942728404577,"[8.0, 4.0, 2.0, 3.0, 6.0, 7.0, 0.0, 0.0, 0.0, 1.0, 4.0, 5.0, 3.0, 6.0, 9.0, 2.0, 3.0, 6.0, 6.0, 4.0, 5.0, 5.0, 3.0, 4.0]",168,8.0,4.0,2.0,3.0,6.0,7.0,0.0,0.0,0.0,1.0,4.0,5.0,3.0,6.0,9.0,2.0,3.0,6.0,6.0,4.0,5.0,5.0,3.0,4.0
FEDXDF8,F,PR,2.0,,FEDXDF8_F_PR_2.0,1.6194690265486726,113,4.935874880182487,"[6.0, 5.0, 3.0, 8.0, 9.0, 0.0, 0.0, 1.0, 0.0, 0.0, 6.0, 0.0, 9.0, 9.0, 6.0, 6.0, 9.0, 6.0, 8.0, 3.0, 6.0, 5.0, 5.0, 3.0]",183,6.0,5.0,3.0,8.0,9.0,0.0,0.0,1.0,0.0,0.0,6.0,0.0,9.0,9.0,6.0,6.0,9.0,6.0,8.0,3.0,6.0,5.0,5.0,3.0
FEDXDF8,F,PR,3.0,,FEDXDF8_F_PR_3.0,1.358974358974359,117,5.814226357273995,"[1.0, 0.0, 0.0, 1.0, 9.0, 8.0, 2.0, 0.0, 0.0, 3.0, 2.0, 1.0, 7.0, 7.0, 7.0, 11.0, 10.0, 8.0, 6.0, 9.0, 8.0, 6.0, 6.0, 5.0]",159,1.0,0.0,0.0,1.0,9.0,8.0,2.0,0.0,0.0,3.0,2.0,1.0,7.0,7.0,7.0,11.0,10.0,8.0,6.0,9.0,8.0,6.0,6.0,5.0
FEDXDF8,F,PR,4.0,,FEDXDF8_F_PR_4.0,1.0505050505050506,99,4.432505036937542,"[3.0, 5.0, 1.0, 0.0, 6.0, 8.0, 5.0, 0.0, 0.0, 0.0, 3.0, 2.0, 8.0, 8.0, 7.0, 6.0, 7.0, 5.0, 6.0, 4.0, 5.0, 4.0, 3.0, 3.0]",104,3.0,5.0,1.0,0.0,6.0,8.0,5.0,0.0,0.0,0.0,3.0,2.0,8.0,8.0,7.0,6.0,7.0,5.0,6.0,4.0,5.0,4.0,3.0,3.0
FEDXDF9,F,PR,1.0,,FEDXDF9_F_PR_1.0,1.4264705882352942,136,5.817628745930274,"[3.0, 5.0, 3.0, 7.0, 8.0, 7.0, 1.0, 0.0, 2.0, 0.0, 10.0, 0.0, 6.0, 7.0, 11.0, 8.0, 1.0, 6.0, 8.0, 10.0, 10.0, 7.0, 7.0, 9.0]",194,3.0,5.0,3.0,7.0,8.0,7.0,1.0,0.0,2.0,0.0,10.0,0.0,6.0,7.0,11.0,8.0,1.0,6.0,8.0,10.0,10.0,7.0,7.0,9.0
FEDXDF9,F,PR,2.0,,FEDXDF9_F_PR_2.0,1.3904109589041096,146,6.147943667243719,"[7.0, 8.0, 5.0, 14.0, 10.0, 2.0, 0.0, 6.0, 4.0, 0.0, 1.0, 1.0, 8.0, 9.0, 10.0, 8.0, 5.0, 6.0, 13.0, 10.0, 7.0, 11.0, 1.0, 0.0]",203,7.0,8.0,5.0,14.0,10.0,2.0,0.0,6.0,4.0,0.0,1.0,1.0,8.0,9.0,10.0,8.0,5.0,6.0,13.0,10.0,7.0,11.0,1.0,0.0
FEDXDF9,F,PR,3.0,,FEDXDF9_F_PR_3.0,1.3,160,7.172118389759809,"[11.0, 13.0, 3.0, 2.0, 13.0, 6.0, 0.0, 5.0, 1.0, 2.0, 7.0, 1.0, 11.0, 11.0, 9.0, 9.0, 11.0, 1.0, 12.0, 10.0, 11.0, 11.0, 0.0, 0.0]",208,11.0,13.0,3.0,2.0,13.0,6.0,0.0,5.0,1.0,2.0,7.0,1.0,11.0,11.0,9.0,9.0,11.0,1.0,12.0,10.0,11.0,11.0,0.0,0.0
FEDXDF9,F,PR,4.0,,FEDXDF9_F_PR_4.0,1.0327868852459017,122,5.358319303125687,"[7.0, 2.0, 0.0, 1.0, 6.0, 6.0, 0.0, 4.0, 1.0, 1.0, 5.0, 2.0, 7.0, 8.0, 9.0, 8.0, 10.0, 5.0, 5.0, 4.0, 8.0, 9.0, 7.0, 7.0]",126,7.0,2.0,0.0,1.0,6.0,6.0,0.0,4.0,1.0,1.0,5.0,2.0,7.0,8.0,9.0,8.0,10.0,5.0,5.0,4.0,8.0,9.0,7.0,7.0
FEDXDF10,F,PR,1.0,,FEDXDF10_F_PR_1.0,1.7951807228915662,83,3.571257828560501,"[2.0, 0.0, 2.0, 3.0, 4.0, 9.0, 1.0, 0.0, 2.0, 1.0, 1.0, 5.0, 9.0, 5.0, 5.0, 5.0, 6.0, 4.0, 3.0, 3.0, 2.0, 4.0, 5.0, 2.0]",149,2.0,0.0,2.0,3.0,4.0,9.0,1.0,0.0,2.0,1.0,1.0,5.0,9.0,5.0,5.0,5.0,6.0,4.0,3.0,3.0,2.0,4.0,5.0,2.0
FEDXDF10,F,PR,2.0,,FEDXDF10_F_PR_2.0,1.5897435897435896,117,5.025833164294152,"[7.0, 0.0, 5.0, 9.0, 7.0, 0.0, 4.0, 7.0, 0.0, 2.0, 2.0, 3.0, 10.0, 6.0, 5.0, 6.0, 7.0, 6.0, 4.0, 5.0, 6.0, 6.0, 5.0, 5.0]",186,7.0,0.0,5.0,9.0,7.0,0.0,4.0,7.0,0.0,2.0,2.0,3.0,10.0,6.0,5.0,6.0,7.0,6.0,4.0,5.0,6.0,6.0,5.0,5.0
FEDXDF10,F,PR,3.0,,FEDXDF10_F_PR_3.0,1.2936507936507937,126,5.961518242035538,"[6.0, 2.0, 0.0, 0.0, 6.0, 10.0, 1.0, 0.0, 0.0, 3.0, 0.0, 5.0, 9.0, 6.0, 8.0, 8.0, 8.0, 7.0, 7.0, 7.0, 6.0, 9.0, 8.0, 10.0]",163,6.0,2.0,0.0,0.0,6.0,10.0,1.0,0.0,0.0,3.0,0.0,5.0,9.0,6.0,8.0,8.0,8.0,7.0,7.0,7.0,6.0,9.0,8.0,10.0
FEDXDF10,F,PR,4.0,,FEDXDF10_F_PR_4.0,1.0707070707070707,99,4.361286848835643,"[4.0, 5.0, 0.0, 3.0, 5.0, 8.0, 2.0, 0.0, 0.0, 5.0, 0.0, 6.0, 9.0, 6.0, 6.0, 7.0, 4.0, 4.0, 4.0, 4.0, 4.0, 5.0, 4.0, 4.0]",106,4.0,5.0,0.0,3.0,5.0,8.0,2.0,0.0,0.0,5.0,0.0,6.0,9.0,6.0,6.0,7.0,4.0,4.0,4.0,4.0,4.0,5.0,4.0,4.0
FEDXDF11,F,NR,1.0,,FEDXDF11_F_NR_1.0,2.1538461538461537,78,3.3156999811071226,"[2.0, 3.0, 5.0, 3.0, 5.0, 5.0, 0.0, 0.0, 4.0, 0.0, 3.0, 2.0, 4.0, 8.0, 3.0, 5.0, 1.0, 7.0, 5.0, 5.0, 0.0, 0.0, 6.0, 2.0]",168,2.0,3.0,5.0,3.0,5.0,5.0,0.0,0.0,4.0,0.0,3.0,2.0,4.0,8.0,3.0,5.0,1.0,7.0,5.0,5.0,0.0,0.0,6.0,2.0
FEDXDF11,F,NR,2.0,,FEDXDF11_F_NR_2.0,2.141025641025641,78,3.45519201663611,"[5.0, 5.0, 0.0, 4.0, 5.0, 5.0, 0.0, 0.0, 6.0, 0.0, 1.0, 5.0, 3.0, 5.0, 8.0, 5.0, 0.0, 6.0, 6.0, 2.0, 3.0, 0.0, 1.0, 3.0]",167,5.0,5.0,0.0,4.0,5.0,5.0,0.0,0.0,6.0,0.0,1.0,5.0,3.0,5.0,8.0,5.0,0.0,6.0,6.0,2.0,3.0,0.0,1.0,3.0
FEDXDF11,F,NR,3.0,,FEDXDF11_F_NR_3.0,1.7173913043478262,92,4.100735457989749,"[4.0, 0.0, 9.0, 0.0, 5.0, 9.0, 0.0, 4.0, 1.0, 3.0, 4.0, 2.0, 7.0, 10.0, 7.0, 5.0, 0.0, 6.0, 7.0, 0.0, 1.0, 4.0, 1.0, 3.0]",158,4.0,0.0,9.0,0.0,5.0,9.0,0.0,4.0,1.0,3.0,4.0,2.0,7.0,10.0,7.0,5.0,0.0,6.0,7.0,0.0,1.0,4.0,1.0,3.0
FEDXDF11,F,NR,4.0,,FEDXDF11_F_NR_4.0,1.28,100,4.3772722298554285,"[6.0, 8.0, 7.0, 4.0, 0.0, 8.0, 4.0, 0.0, 6.0, 0.0, 1.0, 2.0, 5.0, 10.0, 6.0, 6.0, 0.0, 6.0, 6.0, 6.0, 0.0, 6.0, 0.0, 3.0]",128,6.0,8.0,7.0,4.0,0.0,8.0,4.0,0.0,6.0,0.0,1.0,2.0,5.0,10.0,6.0,6.0,0.0,6.0,6.0,6.0,0.0,6.0,0.0,3.0
FEDXDF12,F,NR,1.0,,FEDXDF12_F_NR_1.0,1.7623762376237624,101,4.291024960169941,"[5.0, 1.0, 5.0, 9.0, 9.0, 2.0, 0.0, 0.0, 0.0, 4.0, 0.0, 3.0, 6.0, 7.0, 6.0, 5.0, 7.0, 4.0, 4.0, 5.0, 5.0, 5.0, 6.0, 3.0]",178,5.0,1.0,5.0,9.0,9.0,2.0,0.0,0.0,0.0,4.0,0.0,3.0,6.0,7.0,6.0,5.0,7.0,4.0,4.0,5.0,5.0,5.0,6.0,3.0
FEDXDF12,F,NR,2.0,,FEDXDF12_F_NR_2.0,1.6140350877192982,114,5.148534725010037,"[5.0, 3.0, 0.0, 8.0, 14.0, 7.0, 0.0, 0.0, 1.0, 0.0, 6.0, 0.0, 2.0, 8.0, 7.0, 8.0, 7.0, 7.0, 6.0, 6.0, 5.0, 7.0, 4.0, 3.0]",184,5.0,3.0,0.0,8.0,14.0,7.0,0.0,0.0,1.0,0.0,6.0,0.0,2.0,8.0,7.0,8.0,7.0,7.0,6.0,6.0,5.0,7.0,4.0,3.0
FEDXDF12,F,NR,3.0,,FEDXDF12_F_NR_3.0,1.525,120,5.739109640907098,"[7.0, 0.0, 0.0, 1.0, 10.0, 9.0, 2.0, 1.0, 0.0, 1.0, 5.0, 3.0, 8.0, 9.0, 7.0, 9.0, 11.0, 9.0, 8.0, 6.0, 11.0, 3.0, 0.0, 0.0]",183,7.0,0.0,0.0,1.0,10.0,9.0,2.0,1.0,0.0,1.0,5.0,3.0,8.0,9.0,7.0,9.0,11.0,9.0,8.0,6.0,11.0,3.0,0.0,0.0
FEDXDF12,F,NR,4.0,,FEDXDF12_F_NR_4.0,1.1354166666666667,96,4.199832298363087,"[3.0, 3.0, 6.0, 5.0, 2.0, 9.0, 1.0, 0.0, 0.0, 0.0, 1.0, 7.0, 2.0, 11.0, 6.0, 0.0, 7.0, 7.0, 5.0, 6.0, 4.0, 4.0, 3.0, 4.0]",109,3.0,3.0,6.0,5.0,2.0,9.0,1.0,0.0,0.0,0.0,1.0,7.0,2.0,11.0,6.0,0.0,7.0,7.0,5.0,6.0,4.0,4.0,3.0,4.0
FEDXDF13,F,NR,1.0,,FEDXDF13_F_NR_1.0,1.4587155963302751,109,4.722987855517976,"[7.0, 4.0, 2.0, 6.0, 11.0, 1.0, 0.0, 3.0, 0.0, 0.0, 6.0, 0.0, 6.0, 9.0, 9.0, 7.0, 0.0, 7.0, 11.0, 9.0, 7.0, 0.0, 0.0, 4.0]",159,7.0,4.0,2.0,6.0,11.0,1.0,0.0,3.0,0.0,0.0,6.0,0.0,6.0,9.0,9.0,7.0,0.0,7.0,11.0,9.0,7.0,0.0,0.0,4.0
FEDXDF13,F,NR,2.0,,FEDXDF13_F_NR_2.0,1.4363636363636363,110,4.897474585075069,"[6.0, 11.0, 0.0, 3.0, 8.0, 5.0, 0.0, 0.0, 3.0, 0.0, 0.0, 5.0, 4.0, 11.0, 2.0, 5.0, 9.0, 10.0, 0.0, 7.0, 8.0, 6.0, 0.0, 7.0]",158,6.0,11.0,0.0,3.0,8.0,5.0,0.0,0.0,3.0,0.0,0.0,5.0,4.0,11.0,2.0,5.0,9.0,10.0,0.0,7.0,8.0,6.0,0.0,7.0
FEDXDF13,F,NR,3.0,,FEDXDF13_F_NR_3.0,1.2254901960784315,102,4.517271922054916,"[9.0, 0.0, 8.0, 5.0, 3.0, 6.0, 0.0, 0.0, 0.0, 5.0, 0.0, 2.0, 4.0, 8.0, 9.0, 0.0, 8.0, 6.0, 0.0, 10.0, 9.0, 0.0, 1.0, 9.0]",125,9.0,0.0,8.0,5.0,3.0,6.0,0.0,0.0,0.0,5.0,0.0,2.0,4.0,8.0,9.0,0.0,8.0,6.0,0.0,10.0,9.0,0.0,1.0,9.0
FEDXDF13,F,NR,4.0,,FEDXDF13_F_NR_4.0,1.0909090909090908,99,4.335397228946441,"[10.0, 6.0, 5.0, 5.0, 0.0, 6.0, 2.0, 0.0, 0.0, 0.0, 6.0, 0.0, 7.0, 10.0, 5.0, 0.0, 8.0, 8.0, 4.0, 0.0, 9.0, 1.0, 0.0, 7.0]",108,10.0,6.0,5.0,5.0,0.0,6.0,2.0,0.0,0.0,0.0,6.0,0.0,7.0,10.0,5.0,0.0,8.0,8.0,4.0,0.0,9.0,1.0,0.0,7.0
FEDXDF14,F,NR,1.0,,FEDXDF14_F_NR_1.0,1.536764705882353,136,5.6537102473498235,"[9.0, 5.0, 7.0, 9.0, 10.0, 9.0, 4.0, 0.0, 0.0, 5.0, 0.0, 4.0, 10.0, 8.0, 5.0, 8.0, 7.0, 8.0, 10.0, 8.0, 2.0, 1.0, 1.0, 6.0]",209,9.0,5.0,7.0,9.0,10.0,9.0,4.0,0.0,0.0,5.0,0.0,4.0,10.0,8.0,5.0,8.0,7.0,8.0,10.0,8.0,2.0,1.0,1.0,6.0
FEDXDF14,F,NR,2.0,,FEDXDF14_F_NR_2.0,1.7735849056603774,106,4.723239924745024,"[6.0, 6.0, 0.0, 3.0, 10.0, 9.0, 0.0, 0.0, 7.0, 0.0, 2.0, 4.0, 6.0, 11.0, 6.0, 1.0, 2.0, 5.0, 10.0, 9.0, 1.0, 1.0, 0.0, 7.0]",188,6.0,6.0,0.0,3.0,10.0,9.0,0.0,0.0,7.0,0.0,2.0,4.0,6.0,11.0,6.0,1.0,2.0,5.0,10.0,9.0,1.0,1.0,0.0,7.0
FEDXDF14,F,NR,3.0,,FEDXDF14_F_NR_3.0,1.3277310924369747,119,5.251415822893428,"[6.0, 4.0, 11.0, 4.0, 5.0, 11.0, 4.0, 3.0, 0.0, 0.0, 6.0, 3.0, 7.0, 10.0, 12.0, 9.0, 0.0, 0.0, 2.0, 5.0, 9.0, 0.0, 0.0, 8.0]",158,6.0,4.0,11.0,4.0,5.0,11.0,4.0,3.0,0.0,0.0,6.0,3.0,7.0,10.0,12.0,9.0,0.0,0.0,2.0,5.0,9.0,0.0,0.0,8.0
FEDXDF14,F,NR,4.0,,FEDXDF14_F_NR_4.0,1.1544715447154472,123,5.347955264619919,"[2.0, 4.0, 12.0, 7.0, 1.0, 11.0, 10.0, 0.0, 0.0, 0.0, 7.0, 4.0, 9.0, 15.0, 4.0, 6.0, 0.0, 3.0, 11.0, 1.0, 1.0, 9.0, 1.0, 5.0]",142,2.0,4.0,12.0,7.0,1.0,11.0,10.0,0.0,0.0,0.0,7.0,4.0,9.0,15.0,4.0,6.0,0.0,3.0,11.0,1.0,1.0,9.0,1.0,5.0
FEDXDF15,F,NR,1.0,,FEDXDF15_F_NR_1.0,1.4507042253521127,142,6.006768189509306,"[6.0, 10.0, 6.0, 8.0, 10.0, 10.0, 7.0, 0.0, 2.0, 1.0, 6.0, 2.0, 8.0, 9.0, 5.0, 8.0, 10.0, 6.0, 8.0, 9.0, 8.0, 1.0, 0.0, 2.0]",206,6.0,10.0,6.0,8.0,10.0,10.0,7.0,0.0,2.0,1.0,6.0,2.0,8.0,9.0,5.0,8.0,10.0,6.0,8.0,9.0,8.0,1.0,0.0,2.0
FEDXDF15,F,NR,2.0,,FEDXDF15_F_NR_2.0,1.7301587301587302,126,5.753205737985617,"[9.0, 1.0, 0.0, 4.0, 9.0, 9.0, 4.0, 0.0, 0.0, 3.0, 2.0, 5.0, 7.0, 12.0, 8.0, 12.0, 9.0, 8.0, 2.0, 5.0, 3.0, 5.0, 4.0, 5.0]",218,9.0,1.0,0.0,4.0,9.0,9.0,4.0,0.0,0.0,3.0,2.0,5.0,7.0,12.0,8.0,12.0,9.0,8.0,2.0,5.0,3.0,5.0,4.0,5.0
FEDXDF15,F,NR,3.0,,FEDXDF15_F_NR_3.0,1.376,125,5.532809560694921,"[6.0, 0.0, 7.0, 4.0, 5.0, 11.0, 11.0, 0.0, 0.0, 1.0, 6.0, 2.0, 8.0, 10.0, 11.0, 6.0, 0.0, 2.0, 9.0, 8.0, 12.0, 1.0, 0.0, 5.0]",172,6.0,0.0,7.0,4.0,5.0,11.0,11.0,0.0,0.0,1.0,6.0,2.0,8.0,10.0,11.0,6.0,0.0,2.0,9.0,8.0,12.0,1.0,0.0,5.0
FEDXDF15,F,NR,4.0,,FEDXDF15_F_NR_4.0,1.0775193798449612,129,5.637016896484754,"[1.0, 8.0, 7.0, 7.0, 0.0, 9.0, 9.0, 8.0, 0.0, 0.0, 4.0, 2.0, 6.0, 11.0, 9.0, 8.0, 6.0, 7.0, 5.0, 5.0, 5.0, 5.0, 3.0, 4.0]",139,1.0,8.0,7.0,7.0,0.0,9.0,9.0,8.0,0.0,0.0,4.0,2.0,6.0,11.0,9.0,8.0,6.0,7.0,5.0,5.0,5.0,5.0,3.0,4.0
FEDXDF16,F,NR,1.0,,FEDXDF16_F_NR_1.0,1.8125,112,4.781670263988046,"[7.0, 0.0, 4.0, 8.0, 7.0, 8.0, 0.0, 0.0, 5.0, 0.0, 3.0, 4.0, 5.0, 5.0, 5.0, 5.0, 5.0, 5.0, 6.0, 5.0, 6.0, 5.0, 5.0, 9.0]",203,7.0,0.0,4.0,8.0,7.0,8.0,0.0,0.0,5.0,0.0,3.0,4.0,5.0,5.0,5.0,5.0,5.0,5.0,6.0,5.0,6.0,5.0,5.0,9.0
FEDXDF16,F,NR,2.0,,FEDXDF16_F_NR_2.0,1.7766990291262137,103,4.3562541853170265,"[6.0, 6.0, 2.0, 7.0, 8.0, 3.0, 0.0, 0.0, 0.0, 6.0, 0.0, 1.0, 5.0, 7.0, 7.0, 4.0, 7.0, 4.0, 4.0, 8.0, 4.0, 4.0, 4.0, 6.0]",183,6.0,6.0,2.0,7.0,8.0,3.0,0.0,0.0,0.0,6.0,0.0,1.0,5.0,7.0,7.0,4.0,7.0,4.0,4.0,8.0,4.0,4.0,4.0,6.0
FEDXDF16,F,NR,3.0,,FEDXDF16_F_NR_3.0,1.360655737704918,122,5.44872590129767,"[9.0, 4.0, 2.0, 0.0, 14.0, 5.0, 2.0, 0.0, 2.0, 0.0, 4.0, 2.0, 5.0, 10.0, 7.0, 6.0, 3.0, 2.0, 7.0, 8.0, 7.0, 6.0, 9.0, 8.0]",166,9.0,4.0,2.0,0.0,14.0,5.0,2.0,0.0,2.0,0.0,4.0,2.0,5.0,10.0,7.0,6.0,3.0,2.0,7.0,8.0,7.0,6.0,9.0,8.0
FEDXDF16,F,NR,4.0,,FEDXDF16_F_NR_4.0,1.0887096774193548,124,5.437139168351563,"[5.0, 1.0, 0.0, 6.0, 5.0, 9.0, 5.0, 0.0, 0.0, 1.0, 1.0, 1.0, 8.0, 9.0, 9.0, 8.0, 5.0, 7.0, 7.0, 7.0, 4.0, 11.0, 8.0, 7.0]",135,5.0,1.0,0.0,6.0,5.0,9.0,5.0,0.0,0.0,1.0,1.0,1.0,8.0,9.0,9.0,8.0,5.0,7.0,7.0,7.0,4.0,11.0,8.0,7.0
FEDXDF17,F,NR,1.0,,FEDXDF17_F_NR_1.0,1.6403508771929824,114,4.992032696354503,"[6.0, 3.0, 1.0, 4.0, 8.0, 6.0, 8.0, 2.0, 0.0, 0.0, 2.0, 4.0, 4.0, 7.0, 9.0, 7.0, 0.0, 10.0, 6.0, 6.0, 6.0, 7.0, 5.0, 3.0]",187,6.0,3.0,1.0,4.0,8.0,6.0,8.0,2.0,0.0,0.0,2.0,4.0,4.0,7.0,9.0,7.0,0.0,10.0,6.0,6.0,6.0,7.0,5.0,3.0
FEDXDF17,F,NR,2.0,,FEDXDF17_F_NR_2.0,1.911764705882353,102,4.32239002742693,"[3.0, 0.0, 2.0, 7.0, 7.0, 7.0, 0.0, 2.0, 0.0, 0.0, 0.0, 5.0, 5.0, 8.0, 7.0, 8.0, 6.0, 8.0, 5.0, 4.0, 4.0, 4.0, 3.0, 7.0]",195,3.0,0.0,2.0,7.0,7.0,7.0,0.0,2.0,0.0,0.0,0.0,5.0,5.0,8.0,7.0,8.0,6.0,8.0,5.0,4.0,4.0,4.0,3.0,7.0
FEDXDF17,F,NR,3.0,,FEDXDF17_F_NR_3.0,1.504201680672269,119,5.392817130125002,"[6.0, 7.0, 4.0, 0.0, 6.0, 7.0, 5.0, 0.0, 0.0, 5.0, 0.0, 2.0, 8.0, 10.0, 7.0, 4.0, 4.0, 10.0, 9.0, 9.0, 9.0, 5.0, 0.0, 2.0]",179,6.0,7.0,4.0,0.0,6.0,7.0,5.0,0.0,0.0,5.0,0.0,2.0,8.0,10.0,7.0,4.0,4.0,10.0,9.0,9.0,9.0,5.0,0.0,2.0
FEDXDF17,F,NR,4.0,,FEDXDF17_F_NR_4.0,1.1810344827586208,116,5.1566378128743064,"[5.0, 2.0, 0.0, 1.0, 2.0, 7.0, 7.0, 1.0, 0.0, 0.0, 6.0, 1.0, 8.0, 12.0, 7.0, 3.0, 9.0, 5.0, 0.0, 11.0, 11.0, 8.0, 7.0, 3.0]",137,5.0,2.0,0.0,1.0,2.0,7.0,7.0,1.0,0.0,0.0,6.0,1.0,8.0,12.0,7.0,3.0,9.0,5.0,0.0,11.0,11.0,8.0,7.0,3.0
FEDXDF18,F,NR,1.0,,FEDXDF18_F_NR_1.0,1.3178807947019868,151,6.474280337767826,"[9.0, 6.0, 5.0, 8.0, 9.0, 9.0, 3.0, 0.0, 6.0, 0.0, 0.0, 9.0, 5.0, 8.0, 8.0, 11.0, 3.0, 2.0, 8.0, 9.0, 13.0, 9.0, 5.0, 6.0]",199,9.0,6.0,5.0,8.0,9.0,9.0,3.0,0.0,6.0,0.0,0.0,9.0,5.0,8.0,8.0,11.0,3.0,2.0,8.0,9.0,13.0,9.0,5.0,6.0
FEDXDF18,F,NR,2.0,,FEDXDF18_F_NR_2.0,1.28,150,6.35204441725874,"[12.0, 5.0, 3.0, 13.0, 5.0, 0.0, 0.0, 11.0, 1.0, 0.0, 8.0, 1.0, 5.0, 10.0, 13.0, 11.0, 1.0, 10.0, 9.0, 13.0, 1.0, 10.0, 5.0, 3.0]",192,12.0,5.0,3.0,13.0,5.0,0.0,0.0,11.0,1.0,0.0,8.0,1.0,5.0,10.0,13.0,11.0,1.0,10.0,9.0,13.0,1.0,10.0,5.0,3.0
FEDXDF18,F,NR,3.0,,FEDXDF18_F_NR_3.0,1.1890243902439024,164,7.38166087369658,"[11.0, 4.0, 5.0, 0.0, 12.0, 11.0, 2.0, 0.0, 3.0, 3.0, 0.0, 7.0, 10.0, 13.0, 11.0, 12.0, 1.0, 12.0, 10.0, 13.0, 1.0, 10.0, 6.0, 7.0]",195,11.0,4.0,5.0,0.0,12.0,11.0,2.0,0.0,3.0,3.0,0.0,7.0,10.0,13.0,11.0,12.0,1.0,12.0,10.0,13.0,1.0,10.0,6.0,7.0
FEDXDF18,F,NR,4.0,,FEDXDF18_F_NR_4.0,1.0413793103448277,145,6.368416557883051,"[8.0, 5.0, 0.0, 7.0, 5.0, 11.0, 4.0, 0.0, 0.0, 2.0, 4.0, 4.0, 7.0, 9.0, 11.0, 10.0, 8.0, 5.0, 4.0, 15.0, 10.0, 8.0, 6.0, 2.0]",151,8.0,5.0,0.0,7.0,5.0,11.0,4.0,0.0,0.0,2.0,4.0,4.0,7.0,9.0,11.0,10.0,8.0,5.0,4.0,15.0,10.0,8.0,6.0,2.0
FEDXDF19,F,NR,1.0,,FEDXDF19_F_NR_1.0,1.796116504854369,103,4.420969799577933,"[3.0, 5.0, 1.0, 6.0, 8.0, 6.0, 4.0, 2.0, 2.0, 5.0, 0.0, 2.0, 6.0, 6.0, 5.0, 8.0, 5.0, 5.0, 3.0, 7.0, 7.0, 2.0, 0.0, 5.0]",185,3.0,5.0,1.0,6.0,8.0,6.0,4.0,2.0,2.0,5.0,0.0,2.0,6.0,6.0,5.0,8.0,5.0,5.0,3.0,7.0,7.0,2.0,0.0,5.0
FEDXDF19,F,NR,2.0,,FEDXDF19_F_NR_2.0,1.9886363636363635,88,3.7345278792879877,"[3.0, 0.0, 2.0, 6.0, 4.0, 3.0, 2.0, 2.0, 0.0, 5.0, 0.0, 2.0, 7.0, 3.0, 6.0, 9.0, 7.0, 8.0, 2.0, 5.0, 6.0, 4.0, 0.0, 2.0]",175,3.0,0.0,2.0,6.0,4.0,3.0,2.0,2.0,0.0,5.0,0.0,2.0,7.0,3.0,6.0,9.0,7.0,8.0,2.0,5.0,6.0,4.0,0.0,2.0
FEDXDF19,F,NR,3.0,,FEDXDF19_F_NR_3.0,1.5,116,5.225682930186578,"[5.0, 0.0, 6.0, 0.0, 11.0, 2.0, 3.0, 4.0, 0.0, 3.0, 2.0, 6.0, 6.0, 10.0, 7.0, 7.0, 9.0, 9.0, 7.0, 7.0, 2.0, 0.0, 6.0, 4.0]",174,5.0,0.0,6.0,0.0,11.0,2.0,3.0,4.0,0.0,3.0,2.0,6.0,6.0,10.0,7.0,7.0,9.0,9.0,7.0,7.0,2.0,0.0,6.0,4.0
FEDXDF19,F,NR,4.0,,FEDXDF19_F_NR_4.0,1.2142857142857142,126,5.669503918407139,"[9.0, 7.0, 2.0, 5.0, 0.0, 6.0, 6.0, 0.0, 0.0, 4.0, 2.0, 2.0, 8.0, 10.0, 11.0, 7.0, 9.0, 3.0, 4.0, 9.0, 12.0, 9.0, 0.0, 1.0]",153,9.0,7.0,2.0,5.0,0.0,6.0,6.0,0.0,0.0,4.0,2.0,2.0,8.0,10.0,11.0,7.0,9.0,3.0,4.0,9.0,12.0,9.0,0.0,1.0
FEDXDF20,F,NR,1.0,,FEDXDF20_F_NR_1.0,1.6434782608695653,115,4.93438695605535,"[7.0, 4.0, 4.0, 7.0, 11.0, 7.0, 0.0, 0.0, 0.0, 4.0, 2.0, 3.0, 4.0, 8.0, 8.0, 6.0, 8.0, 8.0, 5.0, 9.0, 7.0, 0.0, 0.0, 3.0]",189,7.0,4.0,4.0,7.0,11.0,7.0,0.0,0.0,0.0,4.0,2.0,3.0,4.0,8.0,8.0,6.0,8.0,8.0,5.0,9.0,7.0,0.0,0.0,3.0
FEDXDF20,F,NR,2.0,,FEDXDF20_F_NR_2.0,1.6528925619834711,121,5.150579972331595,"[5.0, 1.0, 7.0, 10.0, 8.0, 3.0, 0.0, 4.0, 2.0, 1.0, 1.0, 9.0, 5.0, 10.0, 13.0, 7.0, 0.0, 6.0, 9.0, 11.0, 6.0, 1.0, 0.0, 2.0]",200,5.0,1.0,7.0,10.0,8.0,3.0,0.0,4.0,2.0,1.0,1.0,9.0,5.0,10.0,13.0,7.0,0.0,6.0,9.0,11.0,6.0,1.0,0.0,2.0
FEDXDF20,F,NR,3.0,,FEDXDF20_F_NR_3.0,1.4047619047619047,126,5.6682286785379565,"[3.0, 9.0, 6.0, 0.0, 13.0, 11.0, 5.0, 0.0, 0.0, 6.0, 1.0, 4.0, 6.0, 8.0, 7.0, 9.0, 9.0, 6.0, 9.0, 2.0, 0.0, 4.0, 7.0, 1.0]",177,3.0,9.0,6.0,0.0,13.0,11.0,5.0,0.0,0.0,6.0,1.0,4.0,6.0,8.0,7.0,9.0,9.0,6.0,9.0,2.0,0.0,4.0,7.0,1.0
FEDXDF20,F,NR,4.0,,FEDXDF20_F_NR_4.0,1.0833333333333333,108,4.875357375733561,"[3.0, 3.0, 0.0, 1.0, 6.0, 9.0, 6.0, 2.0, 0.0, 0.0, 2.0, 10.0, 4.0, 10.0, 9.0, 7.0, 6.0, 5.0, 4.0, 5.0, 4.0, 4.0, 4.0, 4.0]",117,3.0,3.0,0.0,1.0,6.0,9.0,6.0,2.0,0.0,0.0,2.0,10.0,4.0,10.0,9.0,7.0,6.0,5.0,4.0,5.0,4.0,4.0,4.0,4.0
FEDXDM1,M,PR,1.0,,FEDXDM1_M_PR_1.0,1.8793103448275863,116,5.155173690837716,"[2.0, 3.0, 1.0, 10.0, 9.0, 9.0, 7.0, 6.0, 1.0, 1.0, 2.0, 3.0, 6.0, 10.0, 6.0, 2.0, 3.0, 8.0, 8.0, 5.0, 1.0, 4.0, 1.0, 8.0]",218,2.0,3.0,1.0,10.0,9.0,9.0,7.0,6.0,1.0,1.0,2.0,3.0,6.0,10.0,6.0,2.0,3.0,8.0,8.0,5.0,1.0,4.0,1.0,8.0
FEDXDM1,M,PR,2.0,,FEDXDM1_M_PR_2.0,1.481203007518797,133,5.99751982262974,"[8.0, 7.0, 0.0, 8.0, 13.0, 6.0, 9.0, 0.0, 3.0, 0.0, 4.0, 2.0, 5.0, 12.0, 12.0, 8.0, 3.0, 1.0, 10.0, 5.0, 6.0, 0.0, 6.0, 5.0]",197,8.0,7.0,0.0,8.0,13.0,6.0,9.0,0.0,3.0,0.0,4.0,2.0,5.0,12.0,12.0,8.0,3.0,1.0,10.0,5.0,6.0,0.0,6.0,5.0
FEDXDM1,M,PR,3.0,,FEDXDM1_M_PR_3.0,1.7719298245614035,114,5.009398725679271,"[7.0, 2.0, 2.0, 6.0, 10.0, 5.0, 4.0, 1.0, 4.0, 2.0, 3.0, 3.0, 4.0, 8.0, 9.0, 6.0, 3.0, 5.0, 5.0, 6.0, 2.0, 5.0, 3.0, 9.0]",202,7.0,2.0,2.0,6.0,10.0,5.0,4.0,1.0,4.0,2.0,3.0,3.0,4.0,8.0,9.0,6.0,3.0,5.0,5.0,6.0,2.0,5.0,3.0,9.0
FEDXDM1,M,PR,4.0,,FEDXDM1_M_PR_4.0,1.1875,128,5.743559062184497,"[4.0, 3.0, 1.0, 0.0, 4.0, 10.0, 3.0, 1.0, 3.0, 1.0, 2.0, 6.0, 3.0, 9.0, 10.0, 8.0, 8.0, 11.0, 8.0, 9.0, 8.0, 4.0, 7.0, 5.0]",152,4.0,3.0,1.0,0.0,4.0,10.0,3.0,1.0,3.0,1.0,2.0,6.0,3.0,9.0,10.0,8.0,8.0,11.0,8.0,9.0,8.0,4.0,7.0,5.0
FEDXDM2,M,PR,1.0,,FEDXDM2_M_PR_1.0,2.5256410256410255,78,3.499545108986901,"[2.0, 3.0, 0.0, 4.0, 6.0, 10.0, 11.0, 0.0, 3.0, 0.0, 0.0, 2.0, 2.0, 8.0, 3.0, 2.0, 6.0, 1.0, 3.0, 4.0, 1.0, 1.0, 2.0, 4.0]",197,2.0,3.0,0.0,4.0,6.0,10.0,11.0,0.0,3.0,0.0,0.0,2.0,2.0,8.0,3.0,2.0,6.0,1.0,3.0,4.0,1.0,1.0,2.0,4.0
FEDXDM2,M,PR,2.0,,FEDXDM2_M_PR_2.0,2.518987341772152,79,3.4186801298232963,"[3.0, 0.0, 2.0, 5.0, 7.0, 8.0, 9.0, 2.0, 0.0, 3.0, 0.0, 0.0, 5.0, 7.0, 8.0, 0.0, 2.0, 0.0, 6.0, 1.0, 5.0, 4.0, 1.0, 1.0]",199,3.0,0.0,2.0,5.0,7.0,8.0,9.0,2.0,0.0,3.0,0.0,0.0,5.0,7.0,8.0,0.0,2.0,0.0,6.0,1.0,5.0,4.0,1.0,1.0
FEDXDM2,M,PR,3.0,,FEDXDM2_M_PR_3.0,1.8,110,4.841845281034883,"[2.0, 1.0, 3.0, 2.0, 13.0, 13.0, 8.0, 0.0, 7.0, 0.0, 4.0, 0.0, 6.0, 9.0, 8.0, 4.0, 3.0, 3.0, 11.0, 0.0, 6.0, 1.0, 2.0, 4.0]",198,2.0,1.0,3.0,2.0,13.0,13.0,8.0,0.0,7.0,0.0,4.0,0.0,6.0,9.0,8.0,4.0,3.0,3.0,11.0,0.0,6.0,1.0,2.0,4.0
FEDXDM2,M,PR,4.0,,FEDXDM2_M_PR_4.0,1.1637931034482758,116,5.264020370347026,"[0.0, 1.0, 7.0, 0.0, 3.0, 7.0, 7.0, 2.0, 0.0, 2.0, 0.0, 7.0, 3.0, 11.0, 5.0, 8.0, 8.0, 6.0, 7.0, 8.0, 5.0, 7.0, 7.0, 5.0]",135,0.0,1.0,7.0,0.0,3.0,7.0,7.0,2.0,0.0,2.0,0.0,7.0,3.0,11.0,5.0,8.0,8.0,6.0,7.0,8.0,5.0,7.0,7.0,5.0
FEDXDM3,M,PR,1.0,,FEDXDM3_M_PR_1.0,1.7076923076923076,130,5.738317986193705,"[3.0, 3.0, 1.0, 8.0, 10.0, 9.0, 4.0, 7.0, 4.0, 0.0, 1.0, 4.0, 2.0, 10.0, 4.0, 6.0, 12.0, 3.0, 12.0, 5.0, 0.0, 7.0, 10.0, 5.0]",222,3.0,3.0,1.0,8.0,10.0,9.0,4.0,7.0,4.0,0.0,1.0,4.0,2.0,10.0,4.0,6.0,12.0,3.0,12.0,5.0,0.0,7.0,10.0,5.0
FEDXDM3,M,PR,2.0,,FEDXDM3_M_PR_2.0,1.631578947368421,133,5.767076593233201,"[4.0, 2.0, 2.0, 6.0, 9.0, 5.0, 4.0, 0.0, 5.0, 0.0, 1.0, 3.0, 5.0, 16.0, 7.0, 9.0, 7.0, 6.0, 11.0, 10.0, 0.0, 8.0, 5.0, 8.0]",217,4.0,2.0,2.0,6.0,9.0,5.0,4.0,0.0,5.0,0.0,1.0,3.0,5.0,16.0,7.0,9.0,7.0,6.0,11.0,10.0,0.0,8.0,5.0,8.0
FEDXDM3,M,PR,3.0,,FEDXDM3_M_PR_3.0,1.604026845637584,149,6.531984071895663,"[8.0, 3.0, 4.0, 4.0, 9.0, 5.0, 1.0, 3.0, 2.0, 1.0, 3.0, 3.0, 4.0, 13.0, 14.0, 11.0, 3.0, 13.0, 11.0, 12.0, 4.0, 10.0, 0.0, 8.0]",239,8.0,3.0,4.0,4.0,9.0,5.0,1.0,3.0,2.0,1.0,3.0,3.0,4.0,13.0,14.0,11.0,3.0,13.0,11.0,12.0,4.0,10.0,0.0,8.0
FEDXDM3,M,PR,4.0,,FEDXDM3_M_PR_4.0,1.1126760563380282,142,6.357181052814845,"[4.0, 0.0, 8.0, 0.0, 7.0, 8.0, 1.0, 5.0, 4.0, 5.0, 0.0, 9.0, 4.0, 14.0, 8.0, 11.0, 9.0, 8.0, 8.0, 6.0, 7.0, 4.0, 6.0, 6.0]",158,4.0,0.0,8.0,0.0,7.0,8.0,1.0,5.0,4.0,5.0,0.0,9.0,4.0,14.0,8.0,11.0,9.0,8.0,8.0,6.0,7.0,4.0,6.0,6.0
FEDXDM4,M,PR,1.0,,FEDXDM4_M_PR_1.0,1.6929824561403508,114,5.055494647630545,"[8.0, 5.0, 1.0, 5.0, 11.0, 10.0, 5.0, 8.0, 3.0, 0.0, 3.0, 0.0, 2.0, 11.0, 6.0, 1.0, 6.0, 5.0, 4.0, 7.0, 3.0, 1.0, 6.0, 3.0]",193,8.0,5.0,1.0,5.0,11.0,10.0,5.0,8.0,3.0,0.0,3.0,0.0,2.0,11.0,6.0,1.0,6.0,5.0,4.0,7.0,3.0,1.0,6.0,3.0
FEDXDM4,M,PR,2.0,,FEDXDM4_M_PR_2.0,1.8416666666666666,120,5.206952245498156,"[6.0, 8.0, 2.0, 5.0, 9.0, 5.0, 4.0, 3.0, 1.0, 2.0, 1.0, 5.0, 4.0, 11.0, 11.0, 2.0, 6.0, 2.0, 9.0, 1.0, 9.0, 2.0, 5.0, 7.0]",221,6.0,8.0,2.0,5.0,9.0,5.0,4.0,3.0,1.0,2.0,1.0,5.0,4.0,11.0,11.0,2.0,6.0,2.0,9.0,1.0,9.0,2.0,5.0,7.0
FEDXDM4,M,PR,3.0,,FEDXDM4_M_PR_3.0,1.825,120,5.231734344156081,"[5.0, 7.0, 2.0, 4.0, 12.0, 3.0, 3.0, 5.0, 4.0, 1.0, 2.0, 5.0, 4.0, 8.0, 8.0, 4.0, 2.0, 3.0, 6.0, 9.0, 8.0, 6.0, 4.0, 5.0]",219,5.0,7.0,2.0,4.0,12.0,3.0,3.0,5.0,4.0,1.0,2.0,5.0,4.0,8.0,8.0,4.0,2.0,3.0,6.0,9.0,8.0,6.0,4.0,5.0
FEDXDM4,M,PR,4.0,,FEDXDM4_M_PR_4.0,1.1721311475409837,122,5.461260118625732,"[4.0, 7.0, 4.0, 0.0, 8.0, 6.0, 2.0, 4.0, 1.0, 1.0, 1.0, 4.0, 4.0, 8.0, 11.0, 7.0, 9.0, 7.0, 6.0, 6.0, 6.0, 7.0, 5.0, 4.0]",143,4.0,7.0,4.0,0.0,8.0,6.0,2.0,4.0,1.0,1.0,1.0,4.0,4.0,8.0,11.0,7.0,9.0,7.0,6.0,6.0,6.0,7.0,5.0,4.0
FEDXDM5,M,PR,1.0,,FEDXDM5_M_PR_1.0,2.3010752688172045,93,4.100478879104459,"[4.0, 1.0, 3.0, 3.0, 9.0, 12.0, 5.0, 0.0, 6.0, 0.0, 4.0, 5.0, 5.0, 4.0, 3.0, 3.0, 1.0, 6.0, 5.0, 4.0, 4.0, 1.0, 2.0, 3.0]",214,4.0,1.0,3.0,3.0,9.0,12.0,5.0,0.0,6.0,0.0,4.0,5.0,5.0,4.0,3.0,3.0,1.0,6.0,5.0,4.0,4.0,1.0,2.0,3.0
FEDXDM5,M,PR,2.0,,FEDXDM5_M_PR_2.0,2.9125,80,3.477085043705027,"[4.0, 2.0, 3.0, 8.0, 9.0, 6.0, 2.0, 0.0, 6.0, 0.0, 2.0, 1.0, 5.0, 3.0, 5.0, 6.0, 0.0, 6.0, 0.0, 4.0, 1.0, 0.0, 2.0, 5.0]",233,4.0,2.0,3.0,8.0,9.0,6.0,2.0,0.0,6.0,0.0,2.0,1.0,5.0,3.0,5.0,6.0,0.0,6.0,0.0,4.0,1.0,0.0,2.0,5.0
FEDXDM5,M,PR,3.0,,FEDXDM5_M_PR_3.0,2.8,70,3.0671486471683647,"[6.0, 0.0, 3.0, 4.0, 10.0, 2.0, 3.0, 0.0, 2.0, 2.0, 1.0, 3.0, 4.0, 5.0, 4.0, 2.0, 2.0, 1.0, 3.0, 3.0, 4.0, 2.0, 1.0, 3.0]",196,6.0,0.0,3.0,4.0,10.0,2.0,3.0,0.0,2.0,2.0,1.0,3.0,4.0,5.0,4.0,2.0,2.0,1.0,3.0,3.0,4.0,2.0,1.0,3.0
FEDXDM5,M,PR,4.0,,FEDXDM5_M_PR_4.0,1.2342342342342343,111,4.964036820333172,"[10.0, 5.0, 5.0, 0.0, 4.0, 7.0, 3.0, 0.0, 2.0, 2.0, 2.0, 4.0, 6.0, 7.0, 7.0, 6.0, 7.0, 6.0, 5.0, 6.0, 6.0, 3.0, 3.0, 5.0]",137,10.0,5.0,5.0,0.0,4.0,7.0,3.0,0.0,2.0,2.0,2.0,4.0,6.0,7.0,7.0,6.0,7.0,6.0,5.0,6.0,6.0,3.0,3.0,5.0
FEDXDM6,M,PR,1.0,,FEDXDM6_M_PR_1.0,2.0353982300884956,113,5.061023401634755,"[9.0, 1.0, 5.0, 12.0, 8.0, 6.0, 0.0, 3.0, 1.0, 2.0, 3.0, 1.0, 6.0, 7.0, 5.0, 9.0, 2.0, 10.0, 5.0, 3.0, 2.0, 3.0, 4.0, 6.0]",230,9.0,1.0,5.0,12.0,8.0,6.0,0.0,3.0,1.0,2.0,3.0,1.0,6.0,7.0,5.0,9.0,2.0,10.0,5.0,3.0,2.0,3.0,4.0,6.0
FEDXDM6,M,PR,2.0,,FEDXDM6_M_PR_2.0,1.6515151515151516,132,5.718342739557888,"[7.0, 0.0, 4.0, 12.0, 15.0, 5.0, 0.0, 6.0, 0.0, 1.0, 6.0, 0.0, 5.0, 9.0, 7.0, 7.0, 5.0, 10.0, 12.0, 4.0, 2.0, 4.0, 3.0, 8.0]",218,7.0,0.0,4.0,12.0,15.0,5.0,0.0,6.0,0.0,1.0,6.0,0.0,5.0,9.0,7.0,7.0,5.0,10.0,12.0,4.0,2.0,4.0,3.0,8.0
FEDXDM6,M,PR,3.0,,FEDXDM6_M_PR_3.0,1.5277777777777777,144,6.224933355748217,"[9.0, 5.0, 5.0, 7.0, 12.0, 7.0, 4.0, 2.0, 2.0, 2.0, 4.0, 1.0, 4.0, 8.0, 11.0, 2.0, 7.0, 8.0, 12.0, 8.0, 1.0, 9.0, 7.0, 7.0]",220,9.0,5.0,5.0,7.0,12.0,7.0,4.0,2.0,2.0,2.0,4.0,1.0,4.0,8.0,11.0,2.0,7.0,8.0,12.0,8.0,1.0,9.0,7.0,7.0
FEDXDM6,M,PR,4.0,,FEDXDM6_M_PR_4.0,1.121212121212121,132,5.844659000061497,"[9.0, 13.0, 2.0, 7.0, 9.0, 4.0, 5.0, 3.0, 0.0, 2.0, 6.0, 1.0, 2.0, 11.0, 9.0, 6.0, 9.0, 8.0, 8.0, 5.0, 6.0, 5.0, 2.0, 0.0]",148,9.0,13.0,2.0,7.0,9.0,4.0,5.0,3.0,0.0,2.0,6.0,1.0,2.0,11.0,9.0,6.0,9.0,8.0,8.0,5.0,6.0,5.0,2.0,0.0
FEDXDM7,M,PR,1.0,,FEDXDM7_M_PR_1.0,1.7837837837837838,111,4.948913245402192,"[4.0, 2.0, 3.0, 9.0, 9.0, 12.0, 3.0, 0.0, 3.0, 1.0, 1.0, 9.0, 4.0, 8.0, 7.0, 1.0, 0.0, 10.0, 3.0, 8.0, 0.0, 1.0, 10.0, 3.0]",198,4.0,2.0,3.0,9.0,9.0,12.0,3.0,0.0,3.0,1.0,1.0,9.0,4.0,8.0,7.0,1.0,0.0,10.0,3.0,8.0,0.0,1.0,10.0,3.0
FEDXDM7,M,PR,2.0,,FEDXDM7_M_PR_2.0,1.4049079754601228,163,7.093381686310063,"[0.0, 12.0, 4.0, 8.0, 11.0, 12.0, 7.0, 5.0, 1.0, 7.0, 1.0, 8.0, 7.0, 11.0, 13.0, 11.0, 4.0, 4.0, 12.0, 10.0, 2.0, 0.0, 5.0, 8.0]",229,0.0,12.0,4.0,8.0,11.0,12.0,7.0,5.0,1.0,7.0,1.0,8.0,7.0,11.0,13.0,11.0,4.0,4.0,12.0,10.0,2.0,0.0,5.0,8.0
FEDXDM7,M,PR,3.0,,FEDXDM7_M_PR_3.0,1.2814814814814814,135,5.789711943961306,"[8.0, 3.0, 7.0, 6.0, 10.0, 12.0, 7.0, 1.0, 5.0, 2.0, 4.0, 1.0, 5.0, 11.0, 9.0, 3.0, 9.0, 1.0, 13.0, 8.0, 8.0, 2.0, 0.0, 0.0]",173,8.0,3.0,7.0,6.0,10.0,12.0,7.0,1.0,5.0,2.0,4.0,1.0,5.0,11.0,9.0,3.0,9.0,1.0,13.0,8.0,8.0,2.0,0.0,0.0
FEDXDM7,M,PR,4.0,,FEDXDM7_M_PR_4.0,1.0454545454545454,110,4.878349245457345,"[1.0, 4.0, 2.0, 3.0, 6.0, 7.0, 5.0, 2.0, 0.0, 4.0, 3.0, 2.0, 4.0, 10.0, 8.0, 6.0, 8.0, 6.0, 7.0, 7.0, 4.0, 4.0, 5.0, 2.0]",115,1.0,4.0,2.0,3.0,6.0,7.0,5.0,2.0,0.0,4.0,3.0,2.0,4.0,10.0,8.0,6.0,8.0,6.0,7.0,7.0,4.0,4.0,5.0,2.0
FEDXDM8,M,PR,1.0,,FEDXDM8_M_PR_1.0,1.8440366972477065,109,4.8655887312766595,"[3.0, 4.0, 2.0, 8.0, 9.0, 5.0, 0.0, 3.0, 3.0, 0.0, 3.0, 5.0, 6.0, 9.0, 8.0, 5.0, 6.0, 8.0, 8.0, 2.0, 2.0, 1.0, 4.0, 5.0]",201,3.0,4.0,2.0,8.0,9.0,5.0,0.0,3.0,3.0,0.0,3.0,5.0,6.0,9.0,8.0,5.0,6.0,8.0,8.0,2.0,2.0,1.0,4.0,5.0
FEDXDM8,M,PR,2.0,,FEDXDM8_M_PR_2.0,1.7647058823529411,136,5.931597630268594,"[2.0, 3.0, 4.0, 11.0, 10.0, 13.0, 7.0, 0.0, 6.0, 0.0, 5.0, 4.0, 5.0, 8.0, 13.0, 12.0, 5.0, 2.0, 5.0, 10.0, 1.0, 6.0, 0.0, 4.0]",240,2.0,3.0,4.0,11.0,10.0,13.0,7.0,0.0,6.0,0.0,5.0,4.0,5.0,8.0,13.0,12.0,5.0,2.0,5.0,10.0,1.0,6.0,0.0,4.0
FEDXDM8,M,PR,3.0,,FEDXDM8_M_PR_3.0,1.8205128205128205,117,5.013748526943542,"[2.0, 4.0, 5.0, 6.0, 9.0, 9.0, 0.0, 2.0, 2.0, 2.0, 4.0, 2.0, 7.0, 8.0, 10.0, 9.0, 4.0, 5.0, 6.0, 6.0, 2.0, 7.0, 2.0, 4.0]",213,2.0,4.0,5.0,6.0,9.0,9.0,0.0,2.0,2.0,2.0,4.0,2.0,7.0,8.0,10.0,9.0,4.0,5.0,6.0,6.0,2.0,7.0,2.0,4.0
FEDXDM8,M,PR,4.0,,FEDXDM8_M_PR_4.0,1.0984848484848484,132,6.197506390526371,"[4.0, 0.0, 0.0, 5.0, 9.0, 8.0, 6.0, 3.0, 0.0, 5.0, 7.0, 5.0, 7.0, 8.0, 7.0, 7.0, 8.0, 7.0, 7.0, 8.0, 6.0, 6.0, 5.0, 4.0]",145,4.0,0.0,0.0,5.0,9.0,8.0,6.0,3.0,0.0,5.0,7.0,5.0,7.0,8.0,7.0,7.0,8.0,7.0,7.0,8.0,6.0,6.0,5.0,4.0
FEDXDM9,M,PR,1.0,,FEDXDM9_M_PR_1.0,3.026315789473684,76,3.3969854237540664,"[5.0, 2.0, 0.0, 9.0, 7.0, 11.0, 6.0, 2.0, 1.0, 0.0, 1.0, 2.0, 2.0, 4.0, 5.0, 4.0, 3.0, 0.0, 5.0, 3.0, 0.0, 1.0, 1.0, 2.0]",230,5.0,2.0,0.0,9.0,7.0,11.0,6.0,2.0,1.0,0.0,1.0,2.0,2.0,4.0,5.0,4.0,3.0,0.0,5.0,3.0,0.0,1.0,1.0,2.0
FEDXDM9,M,PR,2.0,,FEDXDM9_M_PR_2.0,2.329896907216495,97,4.233445675629804,"[0.0, 5.0, 3.0, 4.0, 12.0, 10.0, 3.0, 0.0, 2.0, 1.0, 0.0, 1.0, 5.0, 8.0, 11.0, 7.0, 2.0, 0.0, 5.0, 5.0, 1.0, 5.0, 0.0, 7.0]",226,0.0,5.0,3.0,4.0,12.0,10.0,3.0,0.0,2.0,1.0,0.0,1.0,5.0,8.0,11.0,7.0,2.0,0.0,5.0,5.0,1.0,5.0,0.0,7.0
FEDXDM9,M,PR,3.0,,FEDXDM9_M_PR_3.0,1.7741935483870968,124,5.325062626744602,"[2.0, 5.0, 8.0, 6.0, 9.0, 8.0, 7.0, 1.0, 2.0, 0.0, 1.0, 1.0, 4.0, 6.0, 11.0, 11.0, 3.0, 6.0, 6.0, 7.0, 5.0, 0.0, 7.0, 8.0]",220,2.0,5.0,8.0,6.0,9.0,8.0,7.0,1.0,2.0,0.0,1.0,1.0,4.0,6.0,11.0,11.0,3.0,6.0,6.0,7.0,5.0,0.0,7.0,8.0
FEDXDM9,M,PR,4.0,,FEDXDM9_M_PR_4.0,1.146788990825688,109,4.824016817673309,"[4.0, 5.0, 1.0, 3.0, 7.0, 7.0, 3.0, 3.0, 1.0, 0.0, 3.0, 2.0, 7.0, 8.0, 7.0, 6.0, 7.0, 8.0, 6.0, 4.0, 3.0, 5.0, 4.0, 5.0]",125,4.0,5.0,1.0,3.0,7.0,7.0,3.0,3.0,1.0,0.0,3.0,2.0,7.0,8.0,7.0,6.0,7.0,8.0,6.0,4.0,3.0,5.0,4.0,5.0
FEDXDM10,M,PR,1.0,,FEDXDM10_M_PR_1.0,2.070588235294118,85,3.830602255799106,"[6.0, 2.0, 0.0, 6.0, 5.0, 8.0, 3.0, 0.0, 3.0, 0.0, 0.0, 3.0, 3.0, 7.0, 6.0, 6.0, 1.0, 5.0, 7.0, 6.0, 1.0, 0.0, 3.0, 4.0]",176,6.0,2.0,0.0,6.0,5.0,8.0,3.0,0.0,3.0,0.0,0.0,3.0,3.0,7.0,6.0,6.0,1.0,5.0,7.0,6.0,1.0,0.0,3.0,4.0
FEDXDM10,M,PR,2.0,,FEDXDM10_M_PR_2.0,2.057142857142857,105,4.682854311199208,"[8.0, 7.0, 0.0, 6.0, 9.0, 9.0, 3.0, 3.0, 0.0, 0.0, 7.0, 0.0, 4.0, 7.0, 7.0, 9.0, 2.0, 4.0, 1.0, 4.0, 7.0, 0.0, 3.0, 5.0]",216,8.0,7.0,0.0,6.0,9.0,9.0,3.0,3.0,0.0,0.0,7.0,0.0,4.0,7.0,7.0,9.0,2.0,4.0,1.0,4.0,7.0,0.0,3.0,5.0
FEDXDM10,M,PR,3.0,,FEDXDM10_M_PR_3.0,1.6837606837606838,117,5.020681105694158,"[7.0, 7.0, 8.0, 4.0, 9.0, 8.0, 3.0, 1.0, 1.0, 5.0, 0.0, 2.0, 2.0, 7.0, 10.0, 7.0, 5.0, 5.0, 7.0, 4.0, 1.0, 5.0, 3.0, 6.0]",197,7.0,7.0,8.0,4.0,9.0,8.0,3.0,1.0,1.0,5.0,0.0,2.0,2.0,7.0,10.0,7.0,5.0,5.0,7.0,4.0,1.0,5.0,3.0,6.0
FEDXDM10,M,PR,4.0,,FEDXDM10_M_PR_4.0,1.108910891089109,101,4.510662581101365,"[4.0, 4.0, 1.0, 2.0, 7.0, 8.0, 1.0, 0.0, 0.0, 5.0, 0.0, 5.0, 6.0, 8.0, 7.0, 8.0, 4.0, 5.0, 5.0, 5.0, 5.0, 4.0, 3.0, 4.0]",112,4.0,4.0,1.0,2.0,7.0,8.0,1.0,0.0,0.0,5.0,0.0,5.0,6.0,8.0,7.0,8.0,4.0,5.0,5.0,5.0,5.0,4.0,3.0,4.0
FEDXDM11,M,NR,1.0,,FEDXDM11_M_NR_1.0,2.2714285714285714,70,3.3646207458242654,"[5.0, 0.0, 0.0, 3.0, 3.0, 10.0, 3.0, 1.0, 3.0, 0.0, 1.0, 4.0, 3.0, 5.0, 5.0, 4.0, 3.0, 2.0, 5.0, 3.0, 4.0, 0.0, 2.0, 1.0]",159,5.0,0.0,0.0,3.0,3.0,10.0,3.0,1.0,3.0,0.0,1.0,4.0,3.0,5.0,5.0,4.0,3.0,2.0,5.0,3.0,4.0,0.0,2.0,1.0
FEDXDM11,M,NR,2.0,,FEDXDM11_M_NR_2.0,2.2535211267605635,71,3.098407156884137,"[1.0, 4.0, 1.0, 3.0, 6.0, 1.0, 3.0, 0.0, 2.0, 0.0, 1.0, 0.0, 5.0, 6.0, 7.0, 0.0, 7.0, 3.0, 5.0, 4.0, 1.0, 3.0, 4.0, 4.0]",160,1.0,4.0,1.0,3.0,6.0,1.0,3.0,0.0,2.0,0.0,1.0,0.0,5.0,6.0,7.0,0.0,7.0,3.0,5.0,4.0,1.0,3.0,4.0,4.0
FEDXDM11,M,NR,3.0,,FEDXDM11_M_NR_3.0,2.3676470588235294,68,2.9823108035670773,"[5.0, 1.0, 1.0, 3.0, 10.0, 0.0, 5.0, 0.0, 1.0, 1.0, 1.0, 3.0, 2.0, 5.0, 2.0, 6.0, 0.0, 5.0, 4.0, 2.0, 3.0, 2.0, 2.0, 4.0]",161,5.0,1.0,1.0,3.0,10.0,0.0,5.0,0.0,1.0,1.0,1.0,3.0,2.0,5.0,2.0,6.0,0.0,5.0,4.0,2.0,3.0,2.0,2.0,4.0
FEDXDM11,M,NR,4.0,,FEDXDM11_M_NR_4.0,1.6931818181818181,88,3.956834532374101,"[8.0, 0.0, 5.0, 0.0, 5.0, 6.0, 0.0, 2.0, 0.0, 3.0, 0.0, 5.0, 1.0, 7.0, 11.0, 2.0, 6.0, 2.0, 6.0, 4.0, 4.0, 1.0, 5.0, 5.0]",149,8.0,0.0,5.0,0.0,5.0,6.0,0.0,2.0,0.0,3.0,0.0,5.0,1.0,7.0,11.0,2.0,6.0,2.0,6.0,4.0,4.0,1.0,5.0,5.0
FEDXDM12,M,NR,1.0,,FEDXDM12_M_NR_1.0,1.7653061224489797,98,4.53074433656958,"[7.0, 4.0, 0.0, 3.0, 5.0, 9.0, 5.0, 0.0, 5.0, 0.0, 5.0, 0.0, 4.0, 8.0, 6.0, 4.0, 9.0, 4.0, 4.0, 4.0, 3.0, 1.0, 3.0, 5.0]",173,7.0,4.0,0.0,3.0,5.0,9.0,5.0,0.0,5.0,0.0,5.0,0.0,4.0,8.0,6.0,4.0,9.0,4.0,4.0,4.0,3.0,1.0,3.0,5.0
FEDXDM12,M,NR,2.0,,FEDXDM12_M_NR_2.0,1.4051724137931034,116,5.086294045284581,"[7.0, 1.0, 4.0, 4.0, 8.0, 6.0, 0.0, 0.0, 6.0, 0.0, 0.0, 2.0, 5.0, 11.0, 1.0, 9.0, 6.0, 4.0, 11.0, 6.0, 8.0, 5.0, 3.0, 9.0]",163,7.0,1.0,4.0,4.0,8.0,6.0,0.0,0.0,6.0,0.0,0.0,2.0,5.0,11.0,1.0,9.0,6.0,4.0,11.0,6.0,8.0,5.0,3.0,9.0
FEDXDM12,M,NR,3.0,,FEDXDM12_M_NR_3.0,1.3008849557522124,113,4.939830724581365,"[8.0, 0.0, 2.0, 2.0, 7.0, 3.0, 0.0, 4.0, 4.0, 0.0, 2.0, 2.0, 3.0, 12.0, 7.0, 10.0, 6.0, 2.0, 11.0, 6.0, 3.0, 6.0, 5.0, 8.0]",147,8.0,0.0,2.0,2.0,7.0,3.0,0.0,4.0,4.0,0.0,2.0,2.0,3.0,12.0,7.0,10.0,6.0,2.0,11.0,6.0,3.0,6.0,5.0,8.0
FEDXDM12,M,NR,4.0,,FEDXDM12_M_NR_4.0,1.1359223300970873,103,4.627826868354051,"[7.0, 0.0, 7.0, 0.0, 4.0, 5.0, 1.0, 2.0, 0.0, 0.0, 3.0, 3.0, 2.0, 11.0, 8.0, 0.0, 11.0, 6.0, 7.0, 9.0, 4.0, 2.0, 3.0, 8.0]",117,7.0,0.0,7.0,0.0,4.0,5.0,1.0,2.0,0.0,0.0,3.0,3.0,2.0,11.0,8.0,0.0,11.0,6.0,7.0,9.0,4.0,2.0,3.0,8.0
FEDXDM13,M,NR,1.0,,FEDXDM13_M_NR_1.0,1.6666666666666667,102,4.5609241088063595,"[4.0, 0.0, 2.0, 3.0, 3.0, 4.0, 2.0, 2.0, 2.0, 0.0, 2.0, 2.0, 5.0, 9.0, 9.0, 7.0, 3.0, 8.0, 5.0, 6.0, 9.0, 6.0, 4.0, 5.0]",170,4.0,0.0,2.0,3.0,3.0,4.0,2.0,2.0,2.0,0.0,2.0,2.0,5.0,9.0,9.0,7.0,3.0,8.0,5.0,6.0,9.0,6.0,4.0,5.0
FEDXDM13,M,NR,2.0,,FEDXDM13_M_NR_2.0,2.088888888888889,90,3.9585573257746063,"[2.0, 2.0, 1.0, 4.0, 6.0, 1.0, 0.0, 3.0, 0.0, 1.0, 0.0, 3.0, 5.0, 7.0, 8.0, 6.0, 8.0, 0.0, 7.0, 0.0, 11.0, 2.0, 7.0, 6.0]",188,2.0,2.0,1.0,4.0,6.0,1.0,0.0,3.0,0.0,1.0,0.0,3.0,5.0,7.0,8.0,6.0,8.0,0.0,7.0,0.0,11.0,2.0,7.0,6.0
FEDXDM13,M,NR,3.0,,FEDXDM13_M_NR_3.0,1.63,100,4.402808013110584,"[5.0, 0.0, 3.0, 3.0, 4.0, 0.0, 1.0, 3.0, 1.0, 0.0, 0.0, 3.0, 5.0, 7.0, 11.0, 7.0, 7.0, 0.0, 12.0, 6.0, 2.0, 11.0, 7.0, 2.0]",163,5.0,0.0,3.0,3.0,4.0,0.0,1.0,3.0,1.0,0.0,0.0,3.0,5.0,7.0,11.0,7.0,7.0,0.0,12.0,6.0,2.0,11.0,7.0,2.0
FEDXDM13,M,NR,4.0,,FEDXDM13_M_NR_4.0,1.2340425531914894,94,4.255158625372514,"[4.0, 5.0, 3.0, 0.0, 2.0, 3.0, 0.0, 0.0, 1.0, 1.0, 0.0, 1.0, 4.0, 6.0, 10.0, 10.0, 6.0, 4.0, 5.0, 9.0, 7.0, 6.0, 3.0, 4.0]",116,4.0,5.0,3.0,0.0,2.0,3.0,0.0,0.0,1.0,1.0,0.0,1.0,4.0,6.0,10.0,10.0,6.0,4.0,5.0,9.0,7.0,6.0,3.0,4.0
FEDXDM14,M,NR,1.0,,FEDXDM14_M_NR_1.0,2.2278481012658227,79,3.6214075611526364,"[1.0, 5.0, 0.0, 2.0, 4.0, 6.0, 9.0, 0.0, 5.0, 0.0, 3.0, 1.0, 5.0, 5.0, 4.0, 0.0, 4.0, 8.0, 5.0, 4.0, 0.0, 2.0, 2.0, 4.0]",176,1.0,5.0,0.0,2.0,4.0,6.0,9.0,0.0,5.0,0.0,3.0,1.0,5.0,5.0,4.0,0.0,4.0,8.0,5.0,4.0,0.0,2.0,2.0,4.0
FEDXDM14,M,NR,2.0,,FEDXDM14_M_NR_2.0,2.0760869565217392,92,4.0246436513433705,"[4.0, 3.0, 1.0, 1.0, 8.0, 11.0, 8.0, 6.0, 0.0, 0.0, 4.0, 4.0, 3.0, 5.0, 9.0, 5.0, 0.0, 9.0, 2.0, 3.0, 1.0, 1.0, 1.0, 3.0]",191,4.0,3.0,1.0,1.0,8.0,11.0,8.0,6.0,0.0,0.0,4.0,4.0,3.0,5.0,9.0,5.0,0.0,9.0,2.0,3.0,1.0,1.0,1.0,3.0
FEDXDM14,M,NR,3.0,,FEDXDM14_M_NR_3.0,1.8181818181818181,88,3.890935887988209,"[6.0, 4.0, 4.0, 0.0, 7.0, 9.0, 2.0, 7.0, 0.0, 0.0, 2.0, 2.0, 2.0, 6.0, 8.0, 1.0, 7.0, 0.0, 7.0, 0.0, 4.0, 3.0, 2.0, 5.0]",160,6.0,4.0,4.0,0.0,7.0,9.0,2.0,7.0,0.0,0.0,2.0,2.0,2.0,6.0,8.0,1.0,7.0,0.0,7.0,0.0,4.0,3.0,2.0,5.0
FEDXDM14,M,NR,4.0,,FEDXDM14_M_NR_4.0,1.2710280373831775,107,4.801795063575168,"[10.0, 7.0, 5.0, 0.0, 4.0, 11.0, 5.0, 0.0, 3.0, 0.0, 2.0, 2.0, 1.0, 5.0, 10.0, 8.0, 7.0, 6.0, 0.0, 3.0, 10.0, 0.0, 1.0, 7.0]",136,10.0,7.0,5.0,0.0,4.0,11.0,5.0,0.0,3.0,0.0,2.0,2.0,1.0,5.0,10.0,8.0,7.0,6.0,0.0,3.0,10.0,0.0,1.0,7.0
FEDXDM15,M,NR,1.0,,FEDXDM15_M_NR_1.0,1.6565656565656566,99,4.406419228011177,"[8.0, 2.0, 3.0, 1.0, 7.0, 7.0, 3.0, 0.0, 3.0, 0.0, 1.0, 3.0, 2.0, 8.0, 5.0, 6.0, 9.0, 8.0, 10.0, 0.0, 5.0, 5.0, 1.0, 2.0]",164,8.0,2.0,3.0,1.0,7.0,7.0,3.0,0.0,3.0,0.0,1.0,3.0,2.0,8.0,5.0,6.0,9.0,8.0,10.0,0.0,5.0,5.0,1.0,2.0
FEDXDM15,M,NR,2.0,,FEDXDM15_M_NR_2.0,1.907216494845361,97,4.258796268065126,"[8.0, 0.0, 3.0, 1.0, 10.0, 2.0, 3.0, 1.0, 0.0, 4.0, 0.0, 3.0, 10.0, 6.0, 14.0, 2.0, 7.0, 1.0, 6.0, 2.0, 5.0, 0.0, 3.0, 6.0]",185,8.0,0.0,3.0,1.0,10.0,2.0,3.0,1.0,0.0,4.0,0.0,3.0,10.0,6.0,14.0,2.0,7.0,1.0,6.0,2.0,5.0,0.0,3.0,6.0
FEDXDM15,M,NR,3.0,,FEDXDM15_M_NR_3.0,2.074074074074074,81,3.5506849315068494,"[2.0, 5.0, 2.0, 1.0, 8.0, 6.0, 0.0, 3.0, 2.0, 0.0, 2.0, 4.0, 2.0, 4.0, 8.0, 4.0, 3.0, 8.0, 1.0, 5.0, 0.0, 3.0, 3.0, 5.0]",168,2.0,5.0,2.0,1.0,8.0,6.0,0.0,3.0,2.0,0.0,2.0,4.0,2.0,4.0,8.0,4.0,3.0,8.0,1.0,5.0,0.0,3.0,3.0,5.0
FEDXDM15,M,NR,4.0,,FEDXDM15_M_NR_4.0,1.2410714285714286,112,5.106253640991869,"[1.0, 7.0, 0.0, 2.0, 5.0, 5.0, 6.0, 4.0, 0.0, 0.0, 3.0, 2.0, 5.0, 10.0, 10.0, 8.0, 7.0, 8.0, 7.0, 6.0, 0.0, 10.0, 0.0, 6.0]",139,1.0,7.0,0.0,2.0,5.0,5.0,6.0,4.0,0.0,0.0,3.0,2.0,5.0,10.0,10.0,8.0,7.0,8.0,7.0,6.0,0.0,10.0,0.0,6.0
FEDXDM16,M,NR,1.0,,FEDXDM16_M_NR_1.0,1.7849462365591398,93,4.164230898394259,"[0.0, 4.0, 0.0, 12.0, 11.0, 9.0, 3.0, 0.0, 4.0, 0.0, 1.0, 3.0, 3.0, 8.0, 7.0, 2.0, 5.0, 3.0, 5.0, 5.0, 1.0, 1.0, 3.0, 3.0]",166,0.0,4.0,0.0,12.0,11.0,9.0,3.0,0.0,4.0,0.0,1.0,3.0,3.0,8.0,7.0,2.0,5.0,3.0,5.0,5.0,1.0,1.0,3.0,3.0
FEDXDM16,M,NR,2.0,,FEDXDM16_M_NR_2.0,1.6336633663366336,101,4.403963082289674,"[3.0, 0.0, 4.0, 6.0, 12.0, 4.0, 4.0, 0.0, 1.0, 0.0, 2.0, 3.0, 4.0, 10.0, 12.0, 9.0, 3.0, 2.0, 9.0, 4.0, 2.0, 0.0, 4.0, 3.0]",165,3.0,0.0,4.0,6.0,12.0,4.0,4.0,0.0,1.0,0.0,2.0,3.0,4.0,10.0,12.0,9.0,3.0,2.0,9.0,4.0,2.0,0.0,4.0,3.0
FEDXDM16,M,NR,3.0,,FEDXDM16_M_NR_3.0,1.6862745098039216,102,4.370127938113656,"[2.0, 7.0, 4.0, 7.0, 4.0, 0.0, 4.0, 0.0, 1.0, 1.0, 5.0, 2.0, 1.0, 9.0, 9.0, 8.0, 2.0, 6.0, 10.0, 5.0, 0.0, 6.0, 5.0, 4.0]",172,2.0,7.0,4.0,7.0,4.0,0.0,4.0,0.0,1.0,1.0,5.0,2.0,1.0,9.0,9.0,8.0,2.0,6.0,10.0,5.0,0.0,6.0,5.0,4.0
FEDXDM16,M,NR,4.0,,FEDXDM16_M_NR_4.0,1.2037037037037037,108,4.7293516603819485,"[0.0, 0.0, 3.0, 5.0, 12.0, 1.0, 3.0, 3.0, 0.0, 2.0, 0.0, 3.0, 4.0, 9.0, 10.0, 9.0, 8.0, 6.0, 6.0, 7.0, 6.0, 5.0, 3.0, 3.0]",130,0.0,0.0,3.0,5.0,12.0,1.0,3.0,3.0,0.0,2.0,0.0,3.0,4.0,9.0,10.0,9.0,8.0,6.0,6.0,7.0,6.0,5.0,3.0,3.0
FEDXDM17,M,NR,1.0,,FEDXDM17_M_NR_1.0,2.0555555555555554,90,4.058777105490623,"[4.0, 4.0, 0.0, 5.0, 9.0, 5.0, 2.0, 2.0, 2.0, 3.0, 1.0, 1.0, 4.0, 5.0, 12.0, 6.0, 0.0, 8.0, 2.0, 6.0, 0.0, 4.0, 1.0, 4.0]",185,4.0,4.0,0.0,5.0,9.0,5.0,2.0,2.0,2.0,3.0,1.0,1.0,4.0,5.0,12.0,6.0,0.0,8.0,2.0,6.0,0.0,4.0,1.0,4.0
FEDXDM17,M,NR,2.0,,FEDXDM17_M_NR_2.0,1.8571428571428572,91,3.9648056930543283,"[4.0, 5.0, 4.0, 4.0, 6.0, 6.0, 0.0, 2.0, 0.0, 1.0, 1.0, 3.0, 1.0, 8.0, 10.0, 10.0, 1.0, 6.0, 4.0, 6.0, 1.0, 1.0, 2.0, 5.0]",169,4.0,5.0,4.0,4.0,6.0,6.0,0.0,2.0,0.0,1.0,1.0,3.0,1.0,8.0,10.0,10.0,1.0,6.0,4.0,6.0,1.0,1.0,2.0,5.0
FEDXDM17,M,NR,3.0,,FEDXDM17_M_NR_3.0,1.6571428571428573,105,4.53074433656958,"[7.0, 4.0, 7.0, 5.0, 10.0, 1.0, 5.0, 0.0, 1.0, 1.0, 5.0, 1.0, 8.0, 12.0, 9.0, 7.0, 0.0, 2.0, 4.0, 1.0, 6.0, 1.0, 3.0, 5.0]",174,7.0,4.0,7.0,5.0,10.0,1.0,5.0,0.0,1.0,1.0,5.0,1.0,8.0,12.0,9.0,7.0,0.0,2.0,4.0,1.0,6.0,1.0,3.0,5.0
FEDXDM17,M,NR,4.0,,FEDXDM17_M_NR_4.0,1.2647058823529411,102,4.479523745623559,"[5.0, 9.0, 4.0, 2.0, 8.0, 9.0, 3.0, 1.0, 0.0, 0.0, 6.0, 1.0, 5.0, 11.0, 7.0, 10.0, 3.0, 0.0, 5.0, 3.0, 1.0, 3.0, 0.0, 6.0]",129,5.0,9.0,4.0,2.0,8.0,9.0,3.0,1.0,0.0,0.0,6.0,1.0,5.0,11.0,7.0,10.0,3.0,0.0,5.0,3.0,1.0,3.0,0.0,6.0
FEDXDM18,M,NR,3.0,,FEDXDM18_M_NR_3.0,1.4761904761904763,105,4.561141009242948,"[3.0, 11.0, 7.0, 2.0, 8.0, 11.0, 0.0, 0.0, 0.0, 7.0, 2.0, 2.0, 6.0, 7.0, 6.0, 7.0, 2.0, 6.0, 5.0, 0.0, 5.0, 2.0, 1.0, 5.0]",155,3.0,11.0,7.0,2.0,8.0,11.0,0.0,0.0,0.0,7.0,2.0,2.0,6.0,7.0,6.0,7.0,2.0,6.0,5.0,0.0,5.0,2.0,1.0,5.0
FEDXDM18,M,NR,4.0,,FEDXDM18_M_NR_4.0,1.2583333333333333,120,5.313391715044769,"[10.0, 0.0, 5.0, 0.0, 10.0, 9.0, 4.0, 2.0, 0.0, 1.0, 5.0, 3.0, 4.0, 12.0, 10.0, 9.0, 5.0, 3.0, 3.0, 9.0, 3.0, 3.0, 1.0, 9.0]",151,10.0,0.0,5.0,0.0,10.0,9.0,4.0,2.0,0.0,1.0,5.0,3.0,4.0,12.0,10.0,9.0,5.0,3.0,3.0,9.0,3.0,3.0,1.0,9.0
FEDXDM19,M,NR,1.0,,FEDXDM19_M_NR_1.0,1.6603773584905661,106,4.76345025589814,"[8.0, 3.0, 0.0, 5.0, 4.0, 8.0, 4.0, 0.0, 0.0, 0.0, 2.0, 3.0, 3.0, 6.0, 8.0, 8.0, 13.0, 3.0, 1.0, 10.0, 4.0, 0.0, 5.0, 8.0]",176,8.0,3.0,0.0,5.0,4.0,8.0,4.0,0.0,0.0,0.0,2.0,3.0,3.0,6.0,8.0,8.0,13.0,3.0,1.0,10.0,4.0,0.0,5.0,8.0
FEDXDM19,M,NR,2.0,,FEDXDM19_M_NR_2.0,1.7207207207207207,111,4.8516931146267135,"[6.0, 2.0, 4.0, 5.0, 8.0, 7.0, 0.0, 0.0, 3.0, 0.0, 1.0, 2.0, 2.0, 7.0, 11.0, 11.0, 0.0, 10.0, 4.0, 7.0, 6.0, 6.0, 4.0, 5.0]",191,6.0,2.0,4.0,5.0,8.0,7.0,0.0,0.0,3.0,0.0,1.0,2.0,2.0,7.0,11.0,11.0,0.0,10.0,4.0,7.0,6.0,6.0,4.0,5.0
FEDXDM19,M,NR,3.0,,FEDXDM19_M_NR_3.0,1.4774774774774775,111,4.775619958171497,"[2.0, 11.0, 6.0, 4.0, 8.0, 6.0, 0.0, 2.0, 1.0, 2.0, 4.0, 1.0, 4.0, 9.0, 9.0, 9.0, 5.0, 0.0, 5.0, 9.0, 1.0, 0.0, 7.0, 6.0]",164,2.0,11.0,6.0,4.0,8.0,6.0,0.0,2.0,1.0,2.0,4.0,1.0,4.0,9.0,9.0,9.0,5.0,0.0,5.0,9.0,1.0,0.0,7.0,6.0
FEDXDM19,M,NR,4.0,,FEDXDM19_M_NR_4.0,1.1121495327102804,107,4.702722500305213,"[0.0, 0.0, 6.0, 1.0, 9.0, 10.0, 0.0, 1.0, 2.0, 2.0, 1.0, 2.0, 3.0, 11.0, 8.0, 8.0, 5.0, 7.0, 4.0, 5.0, 5.0, 5.0, 6.0, 6.0]",119,0.0,0.0,6.0,1.0,9.0,10.0,0.0,1.0,2.0,2.0,1.0,2.0,3.0,11.0,8.0,8.0,5.0,7.0,4.0,5.0,5.0,5.0,6.0,6.0
FEDXDM20,M,NR,1.0,,FEDXDM20_M_NR_1.0,1.7032967032967032,91,4.124697824335213,"[4.0, 2.0, 0.0, 10.0, 7.0, 4.0, 5.0, 0.0, 1.0, 0.0, 1.0, 2.0, 1.0, 3.0, 7.0, 8.0, 8.0, 9.0, 0.0, 8.0, 0.0, 2.0, 6.0, 3.0]",155,4.0,2.0,0.0,10.0,7.0,4.0,5.0,0.0,1.0,0.0,1.0,2.0,1.0,3.0,7.0,8.0,8.0,9.0,0.0,8.0,0.0,2.0,6.0,3.0
FEDXDM20,M,NR,2.0,,FEDXDM20_M_NR_2.0,1.6111111111111112,90,3.9680109732649136,"[6.0, 2.0, 3.0, 5.0, 5.0, 4.0, 1.0, 2.0, 0.0, 1.0, 0.0, 3.0, 3.0, 6.0, 7.0, 9.0, 7.0, 0.0, 11.0, 7.0, 0.0, 3.0, 1.0, 4.0]",145,6.0,2.0,3.0,5.0,5.0,4.0,1.0,2.0,0.0,1.0,0.0,3.0,3.0,6.0,7.0,9.0,7.0,0.0,11.0,7.0,0.0,3.0,1.0,4.0
FEDXDM20,M,NR,3.0,,FEDXDM20_M_NR_3.0,1.4752475247524752,101,4.376399220047664,"[6.0, 2.0, 6.0, 5.0, 11.0, 0.0, 0.0, 3.0, 0.0, 1.0, 3.0, 2.0, 3.0, 6.0, 7.0, 7.0, 9.0, 3.0, 0.0, 8.0, 0.0, 4.0, 9.0, 6.0]",149,6.0,2.0,6.0,5.0,11.0,0.0,0.0,3.0,0.0,1.0,3.0,2.0,3.0,6.0,7.0,7.0,9.0,3.0,0.0,8.0,0.0,4.0,9.0,6.0
FEDXDM20,M,NR,4.0,,FEDXDM20_M_NR_4.0,1.127906976744186,86,3.878435597424398,"[9.0, 1.0, 1.0, 2.0, 6.0, 7.0, 1.0, 3.0, 0.0, 0.0, 2.0, 3.0, 3.0, 3.0, 5.0, 5.0, 9.0, 5.0, 4.0, 6.0, 7.0, 2.0, 0.0, 2.0]",97,9.0,1.0,1.0,2.0,6.0,7.0,1.0,3.0,0.0,0.0,2.0,3.0,3.0,3.0,5.0,5.0,9.0,5.0,4.0,6.0,7.0,2.0,0.0,2.0
